更新日,名称,業界(小分類),求人有無,所在地,設立,代表者,資本金,平均年齢,従業員数,企業URL,事業内容
2024-08-01,株式会社加西自動車学院,その他・各種スクール,求人なし,兵庫県加西市殿原町620,1967,代表取締役 青山 涼平,10 百万円,,,,
2024-08-01,学校法人幾徳学園,その他・各種スクール,求人なし,神奈川県厚木市下荻野1030,1962,理事長 中部 謙一郎,"27,377 百万円",,,,
2024-08-01,株式会社篠山自動車教習所,その他・各種スクール,求人なし,兵庫県丹波篠山市池上569,1962,代表取締役 小河 吉彦,30 百万円,,,,
2024-08-01,株式会社星煌学院,学習塾・予備校・専門学校,求人なし,愛知県名古屋市緑区大高町字上瀬木川西10-1,1994,代表取締役 酒井 秀樹,20 百万円,,,,
2024-08-01,株式会社知立自動車学校,その他・各種スクール,無,愛知県知立市山屋敷町見社11,1979,代表取締役 加藤 進,10 百万円,,,,
2024-08-01,株式会社中部会計専門学院,その他・各種スクール,求人なし,愛知県刈谷市若松町3-9ＹＦビル3Ｆ,1989,代表取締役 深谷 栄治,17 百万円,,,,
2024-08-01,株式会社東京アカデミー,その他・各種スクール,求人なし,大阪府大阪市北区角田町8-1大阪梅田ツインタワーズ・ノース 34Ｆ,1956,代表取締役 佐川 泰宏,40 百万円,,,,
2024-08-01,株式会社玉田ピアノ商会,その他・各種スクール,求人なし,大阪府大阪市北区角田町8-47阪急グランドビル 23Ｆ,1963,代表取締役 玉田 知規,10 百万円,,,,
2024-08-01,学校法人中西学園,学習塾・予備校・専門学校,求人なし,愛知県日進市岩崎町竹ノ山57,1948,理事長 中西 克彦,"51,342 百万円",,,,
2024-08-01,非営利株式会社新日本教育,その他・各種スクール,求人なし,愛知県日進市赤池3-707ラフィーネカニエ 202,1987,代表取締役社長 田中 宏樹,20 百万円,,,,
2024-08-01,学校法人大和学園,その他・各種スクール,求人なし,神奈川県大和市南林間3-10-1,1941,理事長 利光 康伸,"1,203 百万円",,,,
2024-08-01,学校法人東洋学園,学習塾・予備校・専門学校,求人なし,東京都渋谷区本町6-21-7専門学校東洋公衆衛生学院内,1983,理事長 蓮江 正道,"3,792 百万円",,,,
2024-08-01,学校法人安田学園教育会,その他・各種スクール,求人なし,東京都千代田区神田錦町2-11,1924,理事長 尾﨑 嘉則,"6,592 百万円",,,,
2024-08-01,学校法人行岡保健衛生学園,学習塾・予備校・専門学校,求人なし,大阪府大阪市北区本庄東1-13-11,1954,理事長 行岡 正雄,"18,219 百万円",,,,
2024-08-01,株式会社ワークアカデミー,その他・各種スクール,求人なし,大阪府大阪市北区豊崎3-15-10,1982,代表取締役 大石 博雄,90 百万円,,,,
2024-08-01,有限会社種子島自動車学校,学習塾・予備校・専門学校,求人なし,鹿児島県西之表市西之表16482,1967,代表取締役 伊達 昭博,3 百万円,,,,
2024-08-01,学校法人西沢学園,学習塾・予備校・専門学校,求人なし,大阪府大阪市北区南扇町3-16,1962,理事長 西澤 正樹,21 百万円,,,,
2024-08-01,株式会社三協企工,学習塾・予備校・専門学校,求人なし,東京都日野市旭が丘5-3-8,1973,代表取締役 榎並 睦人,40 百万円,,,,
2024-08-01,学校法人湘央学園,学習塾・予備校・専門学校,求人なし,神奈川県綾瀬市小園1424-4,1981,理事長 稲福 全人,"1,324 百万円",,,,
2024-08-01,学校法人田島学園,学習塾・予備校・専門学校,無,東京都墨田区横網1-10-8,1981,理事長 田島 光明,"2,095 百万円",,,,情報が古い可能性があります。最新の情報を確認する場合はHP等をご覧ください。 歯科衛生士、臨床検査技師を養成する専門学校 2023年4月doda掲載求人より引用
2024-08-01,社会福祉法人厚生館,その他・各種スクール,求人なし,東京都墨田区立花5-21-3,1952,理事長 中川 厚子,895 百万円,,,,
2024-08-01,学校法人杉山学園,学習塾・予備校・専門学校,求人なし,神奈川県横浜市西区楠町5-6,1967,理事長 杉山 博昭,448 百万円,,,,
2024-08-01,学校法人滝の坊学園,その他・各種スクール,求人なし,愛知県みよし市西陣取山26-1,1967,理事長 渡辺 祥子,"1,239 百万円",,,,
2024-08-01,株式会社関塾,学習塾・予備校・専門学校,無,大阪府大阪市中央区久太郎町3-4-30船場グランドビル 6Ｆ,1983,代表取締役社長 田部井 美幸,80 百万円,,,,
2024-08-01,株式会社東京創育社,その他・各種スクール,求人なし,東京都江東区門前仲町2-8-4セレストビル 2Ｆ,1993,代表取締役 矢口 全男,10 百万円,,,,
2024-08-01,株式会社日本プロデュースセンター,その他・各種スクール,求人なし,大阪府大阪市中央区内平野町1-3-6ＪＰＣビル 101,1983,代表取締役 武 笑美也,100 百万円,,,,
2024-08-01,株式会社中央,その他・各種スクール,求人なし,東京都江東区塩浜2-8-4,1963,代表取締役 野田 幸子,10 百万円,,,,
2024-08-01,株式会社国際教育社,その他・各種スクール,無,大阪府大阪市中央区島之内1-11-30滋慶第2ビル 1Ｆ,1987,代表取締役 渡辺 英緒,40 百万円,,,,
2024-08-01,株式会社ＴＨＩＮＫフィットネス,その他・各種スクール,求人なし,東京都江東区南砂3-3-6共同砂町ビル 1Ｆ,1986,代表取締役 手塚 栄司,89 百万円,,,,
2024-08-01,株式会社中央自動車学校,その他・各種スクール,求人なし,熊本県熊本市中央区坪井6-10-1,1971,代表取締役 松任 鎮央,10 百万円,,,,
2024-08-01,社会福祉法人フェスティナ・レンテ,その他・各種スクール,求人なし,東京都江東区白河3-3-6,1998,理事長 澤田 由美,560 百万円,,,,
2024-08-01,株式会社オーティーシー,その他・各種スクール,求人なし,大阪府大阪市北区堂島浜2-2-28堂島アクシスビル4ＦＳＹＮＴＨ,1973,代表取締役 棚橋 豪,50 百万円,,,,
2024-08-01,株式会社メビオ,その他・各種スクール,1,大阪府大阪市中央区石町2-3-12,1980,,10百万円,35.0,35,,■事業内容メビオは1980年の創設以来，「医師をめざす生徒一人ひとりに最善の指導を」の理念のもと，医学部進学専門予備校として，一貫して進学指導を行っています。
2024-08-01,株式会社ミライフ,学習塾・予備校・専門学校,無,大阪府大阪市中央区久太郎町3-1-26ミライフ本町ビル,1997,代表取締役社長 土居 仁美,90 百万円,,,,情報が古い可能性があります。最新の情報を確認する場合はHP等をご覧ください。 コンピュータ教育、各種資格取得教育事業、WEBサービス事業、システム開発事業 2021年8月doda掲載求人より引用
2024-08-01,株式会社自然舎,その他・各種スクール,無,大阪府大阪市中央区島町2-2-19長光寺ビル 302,2000,代表取締役社長 山内 大器,16 百万円,,,,■スポーツクラブの運営■野外活動施設の運営■スポーツスクール、アウトドアスクールの企画・運営・指導■スポーツ施設、野外活動施設の企画、開発ならびに経営コンサルタント事業■スポーツ用品、アウトドア用品の販売、レンタル事業■トラベル事業 （大阪府知事登録第2-1461号） 2024年4月doda掲載求人より引用
2024-08-01,株式会社東京藤屋,その他・各種スクール,求人なし,東京都品川区南大井3-23-8,1956,代表取締役 小澤 克年,48 百万円,,,,
2024-08-01,株式会社コヤマドライビングスクール,その他・各種スクール,求人なし,東京都渋谷区神泉町11-1,1957,代表取締役 小山 義一,50 百万円,,,,
2024-08-01,学校法人池見学園,学習塾・予備校・専門学校,求人なし,東京都品川区東大井3-5-6,1956,理事長 石井 麦生,,,,,
2024-08-01,株式会社ケイエスコーポレーション,その他・各種スクール,求人なし,大阪府河内長野市木戸西町2-1-20,1968,代表取締役 洞淵 佳英,10 百万円,,,,
2024-08-01,学校法人トキワ松学園,その他・各種スクール,求人なし,東京都目黒区碑文谷4-17-16,1947,理事長 岡本 信明,"7,516 百万円",,,,
2024-08-01,学校法人環境造形学園,学習塾・予備校・専門学校,求人なし,東京都目黒区柿の木坂1-5-6,1990,理事長 日野 洋一,"3,173 百万円",,,,
2024-08-01,学校法人小関学院,その他・各種スクール,求人なし,東京都目黒区大橋2-4-2東都リハビリテーション学院,1988,理事長 小関 博久,"5,398 百万円",,,,
2024-08-01,中央産業株式会社,その他・各種スクール,求人なし,東京都目黒区目黒本町3-12-16中央マンション 1Ｆ,1956,代表取締役 鈴木 盛雄,23 百万円,,,,
2024-08-01,滝野川自動車株式会社,その他・各種スクール,無,東京都目黒区東山2-10-8東山ヒルズ Ｂ1,1950,代表取締役 鈴木 和江,100 百万円,,,,
2024-08-01,株式会社ライフブリッヂ,その他・各種スクール,求人なし,東京都目黒区東山2-6-4東京学参ビル,1972,代表取締役 佐藤 孝彦,98 百万円,,,,
2024-08-01,学校法人自由ケ丘学園,学習塾・予備校・専門学校,求人なし,東京都目黒区自由が丘2-21-1,1931,理事長 田中 道久,"5,392 百万円",,,,
2024-08-01,株式会社大阪教育研究所,その他・各種スクール,無,大阪府堺市南区高倉台2-6-1,1980,代表取締役 辻尾 卓也,20 百万円,,,,■小学生・中学生・高校生を対象とする学習塾「立志館ゼミナール」の運営■小学生・中学生を対象とする進学塾「Rex」の運営■実用英語特化型英語専門スクール「THINK FUTURE英語学院」の運営■作家養成スクールの運営 2023年12月doda掲載求人より引用
2024-08-01,学校法人ヒラタ学園,学習塾・予備校・専門学校,求人なし,大阪府堺市西区鳳西町3-712-1,1986,理事長 平田 勇,"6,348 百万円",,,,
2024-08-01,学校法人青英学園,その他・各種スクール,求人なし,大阪府堺市南区若松台3-8-1,1969,理事長 川口 勝治,"1,776 百万円",,,,
2024-08-01,学校法人神須学園,学習塾・予備校・専門学校,求人なし,大阪府岸和田市野田町1-7-12,1998,理事長 前川 悟,,,,,
2024-08-01,スター楽器株式会社,その他・各種スクール,求人なし,東京都大田区蒲田5-11-7,1960,代表取締役 宮原 政志,27 百万円,,,,
2024-08-01,学校法人誠心学園,学習塾・予備校・専門学校,求人なし,東京都大田区蒲田3-21-4,1980,理事長 廣瀬 道,,,,,
2024-08-01,株式会社ＭＡＲＵ　Ｉｎｔｅｒｎａｔｉｏｎａｌ,その他・各種スクール,無,大阪府豊中市庄内西町1-3-15,1988,代表取締役 金丸 久雄,10 百万円,,,,外国人技能実習生への1ヶ月講習の実施（日本語教育、生活、公的知識の講習など）人材派遣事業 一般労働者派遣事業(派）27-301492人材紹介事業 有料職業紹介事業 27-ユ-300970 2024年3月doda掲載求人より引用
2024-08-01,株式会社シールズ,その他・各種スクール,求人なし,大阪府大阪市中央区平野町2-3-11北浜ＮＫビル 1Ｆ,1992,代表取締役 森田 正,10 百万円,,,,
2024-08-01,学校法人村川学園,学習塾・予備校・専門学校,求人なし,大阪府泉大津市東豊中町3-1-15うお健ビル第3ビル,1983,理事長 村川 良夫,"6,793 百万円",,,,
2024-08-01,株式会社田進,学習塾・予備校・専門学校,求人なし,東京都大田区池上6-1-12Ｆ,1989,代表取締役 木暮 光博,10 百万円,,,,
2024-08-01,学校法人関西金光学園,その他・各種スクール,無,大阪府高槻市東上牧1-3-1,1932,理事長 湯川 彌壽善,"16,266 百万円",,,,
2024-08-01,株式会社魚菜,その他・各種スクール,求人なし,東京都世田谷区奥沢5-27-5魚菜エステートビル 3Ｆ,1972,代表取締役 田村 千鶴子,10 百万円,,,,
2024-08-01,株式会社ジャック,その他・各種スクール,求人なし,東京都世田谷区赤堤1-21-1グランドヒル 103,1984,代表取締役 大岡 久恵,10 百万円,,,,
2024-08-01,株式会社シナップス,その他・各種スクール,求人なし,東京都世田谷区北沢2-10-15藤和下北沢ハイタウンＡ棟 1206,1970,代表取締役 山本 肇,10 百万円,,,,
2024-08-01,三條機材株式会社,その他・各種スクール,求人なし,東京都世田谷区玉川台2-3-18三條機材（株）ビル,1960,代表取締役 三條 正人,30 百万円,,,,
2024-08-01,株式会社ひのき会,その他・各種スクール,求人なし,東京都世田谷区代田6-5-17101 ハイノックⅢ,1971,代表取締役 坂井 稔,50 百万円,,,,
2024-08-01,株式会社世田谷自動車学校,その他・各種スクール,無,東京都世田谷区粕谷1-14-14,1960,代表取締役 塩田 直人,10 百万円,,,,
2024-08-01,株式会社国立音楽院,その他・各種スクール,求人なし,東京都世田谷区池尻3-28-8,1967,代表取締役 新納 智保,10 百万円,,,,
2024-08-01,ケイ．イー．シー．実践教育企画株式会社,その他・各種スクール,求人なし,大阪府枚方市岡本町4-10,1985,代表取締役 木村 剛,10 百万円,,,,
2024-08-01,学校法人成徳学園,学習塾・予備校・専門学校,求人なし,東京都世田谷区代田6-12-39,1946,理事長 田中 暎二,"2,115 百万円",,,,
2024-08-01,ケイ．イー．シー．株式会社,その他・各種スクール,無,大阪府枚方市岡本町4-10井川ビル,1980,代表取締役 木村 剛,10 百万円,,,,
2024-08-01,学校法人藍野大学,その他・各種スクール,求人なし,大阪府茨木市高田町1-22,1979,理事長 小山 英夫,"10,223 百万円",,,,
2024-08-01,株式会社長沼,その他・各種スクール,求人なし,東京都渋谷区渋谷2-14-10ＮＡＧＡＮＵＭＡ ｂｌｄｇ．,1955,代表取締役 長沼 秀明,50 百万円,,,,
2024-08-01,学校法人山野学苑,学習塾・予備校・専門学校,無,東京都渋谷区代々木1-53-1,1954,理事長 山野 愛子ジェーン,"20,765 百万円",,,,
2024-08-01,株式会社フェリシオン,その他・各種スクール,求人なし,東京都渋谷区東2-27-4エビス東ハイツ 1Ｆ,1951,代表取締役 佐藤 果奈,22 百万円,,,,
2024-08-01,株式会社日本創芸教育,その他・各種スクール,無,東京都渋谷区元代々木町14-3創芸元代々木ビル,1966,代表取締役 浅井 亮太,10 百万円,,,,
2024-08-01,大日本倉庫株式会社,その他・各種スクール,無,大阪府八尾市安中町4-8-18,1935,代表取締役 高井 栄彌,32 百万円,,,,情報が古い可能性があります。最新の情報を確認する場合はHP等をご覧ください。 ・普通倉庫業務・倉庫その他、設備の賃貸・倉庫荷役貨物取扱いに関する業務全般、その他・陸上運送業・土地建物の保有利用及び賃貸借・スポーツ施設の経営並びにスポーツ用品の販売・飲食店の経営並びに菓子製造販売・駐輪場運営管理・前各号に付帯する業務 2023年7月doda掲載求人より引用
2024-08-01,株式会社カラーセンター,その他・各種スクール,求人なし,神奈川県川崎市麻生区金程3-13-5,1973,代表取締役 降旗 俊彰,10 百万円,,,,
2024-08-01,株式会社海外教育コンサルタンツ,その他・各種スクール,求人なし,東京都渋谷区神宮前1-10-23フォンテーヌ原宿ビル 2Ｆ,1981,代表取締役 粂原 京美,16 百万円,,,,
2024-08-01,株式会社レザティ,その他・各種スクール,求人なし,東京都渋谷区渋谷3-6-6渋谷パークビル 4Ｆ,1978,代表取締役 關 道博,10 百万円,,,,
2024-08-01,株式会社モデル・ランゲージ・スタジオ,その他・各種スクール,求人なし,東京都渋谷区代々木2-31-8,1978,代表取締役 太田 雅一,17 百万円,,,,
2024-08-01,株式会社新日本映画社,その他・各種スクール,求人なし,東京都渋谷区千駄ヶ谷1-28-8ニュー千駄ヶ谷マンション 4Ｆ 404,1970,代表取締役 甲斐 秀幸,12 百万円,,,,
2024-08-01,株式会社ジエツト企画,その他・各種スクール,求人なし,東京都渋谷区千駄ヶ谷2-28-4,1981,代表取締役 尾薗 勇一,10 百万円,,,,
2024-08-01,株式会社アークアカデミー,その他・各種スクール,無,東京都新宿区西新宿7-18-16東信西新宿ビル 3Ｆ,1988,代表取締役 鈴木 紳郎,50 百万円,,,,
2024-08-01,株式会社みくに出版,その他・各種スクール,求人なし,東京都渋谷区恵比寿西2-3-14日能研恵比寿ビル,1955,代表取締役 福村 徹,10 百万円,,,,
2024-08-01,株式会社教育春秋社,学習塾・予備校・専門学校,無,東京都渋谷区笹塚2-18-3ＶＯＲＴ笹塚ビル 10Ｆ,1971,代表取締役 阿部 晋太郎,20 百万円,,,,情報が古い可能性があります。最新の情報を確認する場合はHP等をご覧ください。 小学生、中学生、高校生を対象とした進学塾 2022年5月doda掲載求人より引用
2024-08-01,学校法人東京メディアアカデミー,学習塾・予備校・専門学校,求人なし,東京都渋谷区恵比寿南3-1-5マンション南恵比寿,1955,理事長 市原 光敏,701 百万円,,,,
2024-08-01,伸学会株式会社,学習塾・予備校・専門学校,求人なし,東京都渋谷区代々木1-43-8,1989,代表取締役 荒井 祐二,24 百万円,,,,
2024-08-01,株式会社ロブエース,その他・各種スクール,求人なし,大阪府八尾市上尾町6-1,1991,代表取締役 地引 俊爲,50 百万円,,,,
2024-08-01,株式会社国際ランゲージ・スクール,その他・各種スクール,求人なし,東京都渋谷区代々木1-42-4代々木Ｐ1ビル 2Ｆ,1985,代表取締役 瓜生 泰策,20 百万円,,,,
2024-08-01,学校法人服部学園,学習塾・予備校・専門学校,求人なし,東京都渋谷区千駄ヶ谷5-25-4,1965,理事長 染谷 幸彦,"1,304 百万円",,,,
2024-08-01,一般社団法人日本産業訓練協会,その他・各種スクール,求人なし,東京都千代田区神田須田町1-26,1955,理事長 鈴木 俊男,,,,,
2024-08-01,学校法人文化学園,その他・各種スクール,求人なし,東京都渋谷区代々木3-22-1,1935,理事長 濱田 勝宏,"43,612 百万円",,,,
2024-08-01,株式会社がんばる舎,その他・各種スクール,求人なし,大阪府大阪市天王寺区四天王寺1-13-1,1993,代表取締役 岡崎 俊介,10 百万円,,,,
2024-08-01,学校法人東京女子文化学園,学習塾・予備校・専門学校,求人なし,東京都渋谷区渋谷1-21-10,1956,理事長 住田 知之,389 百万円,,,,
2024-08-01,学校法人トヨタ東京整備学園,学習塾・予備校・専門学校,求人なし,東京都八王子市館町2193,1988,理事長 横山 裕行,"9,951 百万円",,,,
2024-08-01,学校法人城地学園,その他・各種スクール,求人なし,大阪府河内長野市末広町623-23,1976,理事長 城地 汪洋子,,,,,
2024-08-01,株式会社ジャンプジャパン,その他・各種スクール,求人なし,東京都渋谷区桜丘町22-14Ｎ．Ｅ．ＳビルＳ棟 3Ｆ,1990,代表取締役 池ケ谷 勝久,32 百万円,,,,
2024-08-01,学校法人天満学園,その他・各種スクール,求人なし,大阪府堺市美原区平尾1060-1,1944,理事長 足立 裕亮,"8,555 百万円",,,,
2024-08-01,大東楽器株式会社,その他・各種スクール,無,大阪府大東市住道2-2-2305大東サンメイツ2番館 3Ｆ,1962,代表取締役 細川 晃平,16 百万円,,,,情報が古い可能性があります。最新の情報を確認する場合はHP等をご覧ください。 ■事業内容・楽器販売・ヤマハ音楽教室、英語教室運営・子ども向けロボットプログラミング教室ProgLab（プログラボ）運営・ピアノ調律、楽器修理、リペア・音楽イベント運営 2022年7月doda掲載求人より引用
2024-08-01,学校法人大竹学園,学習塾・予備校・専門学校,求人なし,東京都八王子市台町3-29-19,1954,理事長 大竹 嘉明,"4,073 百万円",,,,
2024-08-01,株式会社ウザワシステム教育研究所,その他・各種スクール,求人なし,東京都渋谷区幡ヶ谷1-1-5第一岩田ビル 2Ｆ,1988,代表取締役 本松 恵子,10 百万円,,,,
2024-08-01,株式会社阪奈自動車教習所,その他・各種スクール,求人なし,大阪府大東市平野屋新町2-2,1966,代表取締役 中西 貞正,10 百万円,,,,
2024-08-01,株式会社エスパス・ラング東京,その他・各種スクール,求人なし,東京都渋谷区神宮前6-31-15マンション31－3Ｆ,1998,代表取締役 徳山 道子,10 百万円,,,,
2024-08-01,株式会社イーラーニング,その他・各種スクール,求人なし,東京都港区芝5-29-20クロスオフィス三田,2000,代表取締役 松崎 剛,33 百万円,,,,
2024-08-01,有限会社リッチモンド,その他・各種スクール,求人なし,千葉県八千代市八千代台北1-8-5,2000,代表取締役 菖蒲澤 正子,3 百万円,,,,
2024-08-01,学校法人清泉学園,その他・各種スクール,求人なし,大阪府和泉市寺田町2-2-2,1965,理事長 飯坂 忠永,"2,105 百万円",,,,
2024-08-01,株式会社さんぽう,その他・各種スクール,無,東京都渋谷区初台1-31-16初台壱番館ビル,1978,代表取締役 渡邉 王雄,10 百万円,,,,【教育支援事業】●高校内開催説明会（ガイダンス）●生徒対象の「専門学校・大学・短大見学会」（全体で7～8回）●都市開催説明会（全国主要約80都市開催）●看護・医療系模擬試験（年2回）●小論文添削事業●資料「配布会」●専門学校分野別ガイドブックの発行（全11冊）●高校内掲示ポスター（約50種類）の発行 2024年5月doda掲載求人より引用
2024-08-01,ＮＣＭＡ株式会社,その他・各種スクール,求人なし,東京都大田区北千束2-4-3,1996,代表取締役 西内 久美子,26 百万円,,,,
2024-08-01,ジュリアン株式会社,その他・各種スクール,求人なし,東京都三鷹市下連雀3-21-23,1977,代表取締役 山本 永昇,20 百万円,,,,
2024-08-01,学校法人二葉総合学園,学習塾・予備校・専門学校,求人なし,東京都武蔵野市吉祥寺南町1-3-2,1963,理事長 手嶋 達也,"3,901 百万円",,,,
2024-08-01,株式会社丸石楽器店,その他・各種スクール,求人なし,東京都武蔵野市吉祥寺本町1-12-5丸石ビル 6Ｆ,1962,代表取締役 石倉 光貴,10 百万円,,,,
2024-08-01,学校法人窪田学園,学習塾・予備校・専門学校,無,東京都中野区中野4-11-1,1972,理事長 窪田 多美子,"4,290 百万円",,,,
2024-08-01,カワナミゴルフ株式会社,その他・各種スクール,求人なし,東京都武蔵野市吉祥寺南町2-2-5アスコーナミエビル 6Ｆ,1974,代表取締役 川波 豪,10 百万円,,,,
2024-08-01,中山産業株式会社,その他・各種スクール,無,東京都三鷹市北野4-1-25,1974,代表取締役 中山 和義,10 百万円,,,,
2024-08-01,株式会社志学,その他・各種スクール,求人なし,東京都中野区中野2-12-12中野勧業ビル 4Ｆ,1977,代表取締役 田島 秀恭,63 百万円,,,,
2024-08-01,学校法人電子開発学園九州,その他・各種スクール,求人なし,福岡県北九州市小倉北区浅野2-4-1,1982,理事長 松尾 泰,"5,529 百万円",,,,
2024-08-01,株式会社ＳＳ　ＭＩＹＵＫＩ　ｓｔｕｄｉｏ,その他・各種スクール,求人なし,東京都中野区東中野5-16-4,1964,代表取締役 高橋 靖彦,10 百万円,,,,
2024-08-01,学校法人ホスピタリティ学園,学習塾・予備校・専門学校,無,東京都中野区東中野3-18-11,1980,理事長 森谷 博,"17,830 百万円",,,,専門学校の運営【設置校】■エアライン・鉄道・ホテル・テーマパーク専門学校東京■東京ブライダル専門学校■大阪鉄道・観光専門学校■大阪ブライダル専門学校■大阪外国語・ホテル・エアライン専門学校■大阪テーマパーク・ダンス専門学校【関連会社】■株式会社トラベルジャーナル■米国法人TRAJAL U.S.A.INC. 2024年4月doda掲載求人より引用
2024-08-01,琴河原株式会社,学習塾・予備校・専門学校,求人なし,東京都青梅市河辺町10-14-12,1982,代表取締役 吉田 真,10 百万円,,,,
2024-08-01,株式会社松根タイル,学習塾・予備校・専門学校,求人なし,大阪府門真市島頭3-6-8,1991,代表取締役 松根 敏幸,10 百万円,,,,
2024-08-01,学校法人阿佐ヶ谷学園,その他・各種スクール,求人なし,東京都杉並区梅里1-3-3,1964,理事長 三輪 孝光,,,,,
2024-08-01,学校法人東放学園,その他・各種スクール,求人なし,東京都杉並区和泉2-4-1,1979,理事長 斉藤 晃,"13,089 百万円",,,,
2024-08-01,学校法人アルウィン学園,学習塾・予備校・専門学校,求人なし,東京都杉並区松庵1-9-33,1959,理事長 藤岡 郁子,917 百万円,,,,
2024-08-01,有限会社代々木進学ゼミナール,学習塾・予備校・専門学校,無,東京都昭島市松原町4-11-15長塚ビル 4Ｆ,1984,代表取締役 嶋田 弘尊,10 百万円,,,,
2024-08-01,飛鳥管理株式会社,その他・各種スクール,求人なし,東京都新宿区新宿6-27-48,1989,代表取締役 川野 繁,50 百万円,,,,
2024-08-01,学校法人羽場学園,その他・各種スクール,求人なし,東京都杉並区高円寺南4-45-10,1976,理事長 江川 博康,"1,140 百万円",,,,
2024-08-01,株式会社調布自動車学校,その他・各種スクール,求人なし,東京都調布市菊野台1-34-1,1946,代表取締役 佐原 貴光,173 百万円,,,,
2024-08-01,株式会社協栄スイミングクラブ町田,その他・各種スクール,求人なし,東京都町田市忠生2-3-1,1980,代表取締役 若林 敏朗,27 百万円,,,,
2024-08-01,学校法人榎本学園,学習塾・予備校・専門学校,求人なし,東京都町田市中町1-13-1,1978,理事長 榎本 雄文,"9,656 百万円",,,,
2024-08-01,株式会社建築資料研究社,学習塾・予備校・専門学校,無,東京都豊島区池袋2-50-1日建ワールドハウジングセンター,2009,代表取締役 馬場 栄一,10 百万円,,,,■各種国家資格養成講座校「日建学院」の運営■建築・住宅・インテリア・庭・資格の専門出版事業■就職支援事業■Web事業■ソフトウェア関連事業（建築CAD、MFP、事務用品販売） など■支店／全国67支店■教育機関／「日建学院」全国114校 2024年5月doda掲載求人より引用
2024-08-01,明治図書出版株式会社,その他・各種スクール,求人なし,東京都中央区入船3-3-11,1949,代表取締役 藤原 政人,10 百万円,,,,
2024-08-01,株式会社尾久自動車,その他・各種スクール,求人なし,東京都小金井市東町3-17-19,1954,代表取締役 折田 節秀,36 百万円,,,,
2024-08-01,株式会社ケーエム自動車教習所,その他・各種スクール,求人なし,東京都豊島区東池袋3-2-4共永ビル 4Ｆ,1967,代表取締役 宮崎 国男,10 百万円,,,,
2024-08-01,株式会社八戸ノ里ドライビングスクール,学習塾・予備校・専門学校,求人なし,大阪府東大阪市御厨南1-4-38,1963,代表取締役 谷岡 樹,45 百万円,,,,
2024-08-01,学校法人電波学園,学習塾・予備校・専門学校,求人なし,東京都豊島区東池袋3-6-1,1955,理事長 山口 高広,"30,600 百万円",,,,
2024-08-01,ブラスアンドカンパニー株式会社,その他・各種スクール,無,東京都豊島区南池袋1-25-9今井ビル 3Ｆ,1981,代表取締役 坂入 洋平,10 百万円,,,,
2024-08-01,学校法人洗心学園,その他・各種スクール,求人なし,東京都小平市学園西町2-21-9,1983,理事長 徳田 正之,767 百万円,,,,
2024-08-01,学校法人津田塾大学,その他・各種スクール,求人なし,東京都小平市津田町2-1-1,1933,理事長 島田 精一,"34,364 百万円",,,,
2024-08-01,学校法人岩田学園,学習塾・予備校・専門学校,求人なし,東京都豊島区南池袋3-18-32,1985,理事長 岩田 拓郎,"3,997 百万円",,,,
2024-08-01,株式会社ベスト・コミュニケーションズ,その他・各種スクール,求人なし,東京都新宿区中落合1-1-29下落合大和ビル,1979,代表取締役 渡邊正光,50 百万円,,,,
2024-08-01,株式会社ジャクパ,その他・各種スクール,無,東京都小平市美園町1-7-14,1973,代表取締役 五十嵐 勝雄,266 百万円,,,,■体育事業■英会話事業■旅行事業■国際事業＜支部＞札幌、いわき、つくば、宇都宮、埼玉第一・第二、川越第一・第二、千葉第一・第二、柏、東京第一・第二・第三・第四・第五、町田、横浜、湘南、富士山、愛知、大阪、福岡、鹿児島＜海外拠点＞シンガポール、マレーシア、インドネシア、ベトナム 2023年12月doda掲載求人より引用
2024-08-01,株式会社カイ,学習塾・予備校・専門学校,求人なし,東京都新宿区新宿2-9-22多摩川新宿ビル8Ｆ,1989,代表取締役 大木 淳,10 百万円,,,,
2024-08-01,ＧＩＯ　ＣＬＵＢ株式会社,その他・各種スクール,無,東京都中央区日本橋3-6-2日本橋フロント 1Ｆ ＲＯＯＭ12,1999,代表取締役 岡野 健三,100 百万円,,,,
2024-08-01,株式会社教育開発振興会,その他・各種スクール,求人なし,東京都東村山市本町3-5-53第一ＯＳビル,1982,代表取締役 目時 俊一,10 百万円,,,,
2024-08-01,山崎教育システム株式会社,その他・各種スクール,求人なし,東京都東村山市久米川町5-33-24,1961,代表取締役 山﨑 正,10 百万円,,,,
2024-08-01,有限会社豊島自動車練習所,その他・各種スクール,求人なし,東京都豊島区東池袋3-17-1,1957,代表取締役 杉本 滋美,8 百万円,,,,
2024-08-01,学校法人舞台芸術学園,学習塾・予備校・専門学校,求人なし,東京都豊島区西池袋3-5-19,1990,理事長 小林 真,,,,,
2024-08-01,株式会社こどもの森,その他・各種スクール,求人なし,東京都国分寺市光町2-5-1,1992,代表取締役 久芳 敬裕,50 百万円,,,,
2024-08-01,株式会社進研社,その他・各種スクール,求人なし,東京都国立市中1-8-5,1975,代表取締役 青木 徹,10 百万円,,,,
2024-08-01,株式会社ティー・アイ・エス,その他・各種スクール,無,東京都豊島区東池袋1-34-5池袋ＳＩＡビル 5Ｆ,1994,代表取締役 今村 眞一,10 百万円,,,,
2024-08-01,学校法人草苑学園,学習塾・予備校・専門学校,求人なし,東京都豊島区目白3-17-11,1957,理事長 柳内 光子,931 百万円,,,,
2024-08-01,学校法人池田学園,その他・各種スクール,求人なし,東京都豊島区巣鴨1-19-7,1951,理事長 野間 憲治,"1,603 百万円",,,,
2024-08-01,株式会社一音会,学習塾・予備校・専門学校,求人なし,東京都豊島区長崎3-19-1,1992,代表取締役 中野 彩子,10 百万円,,,,
2024-08-01,株式会社ファウンデーション,その他・各種スクール,求人なし,東京都豊島区南池袋2-12-9Ｋ・Ｋビル 4Ｆ,1977,代表取締役 仲川 孝道,10 百万円,,,,
2024-08-01,株式会社ジャパンスペース,その他・各種スクール,求人なし,東京都千代田区鍛冶町1-10-6ＢＩＺＳＭＡＲＴ神田 5Ｆ,1972,代表取締役 薛 偉,20 百万円,,,,
2024-08-01,株式会社悠学舎,その他・各種スクール,求人なし,東京都東久留米市東本町15-2,1983,代表取締役 石川 誠,27 百万円,,,,
2024-08-01,株式会社西多摩自動車学校,その他・各種スクール,無,東京都羽村市羽4150,1973,代表取締役 義山 光浩,10 百万円,,,,
2024-08-01,株式会社教学舎,学習塾・予備校・専門学校,求人なし,東京都練馬区田柄5-23-14,1976,代表取締役 武田 幸寿,10 百万円,,,,
2024-08-01,学校法人国際共立学園,学習塾・予備校・専門学校,無,東京都荒川区東日暮里5-17-12,1966,理事長 和田 美義,"4,706 百万円",,,,
2024-08-01,株式会社王子自動車学校,その他・各種スクール,求人なし,東京都北区堀船2-13-28,1970,代表取締役 関口 勝裕,10 百万円,,,,
2024-08-01,学校法人駿臺学園,学習塾・予備校・専門学校,求人なし,東京都北区王子6-1-10,1932,理事長 瀬尾 兼秀,724 百万円,,,,
2024-08-01,株式会社サクライ楽器,その他・各種スクール,求人なし,東京都練馬区石神井町7-1-16,1978,代表取締役 櫻井 健一,10 百万円,,,,
2024-08-01,いけぶくろ楽器株式会社,その他・各種スクール,求人なし,東京都板橋区南常盤台1-20-7,1967,代表取締役 田所 正幸,10 百万円,,,,
2024-08-01,学校法人杏文学園,学習塾・予備校・専門学校,求人なし,東京都練馬区氷川台3-31-13,1985,理事長 髙山 雅行,"2,049 百万円",,,,
2024-08-01,株式会社京成ドライビングスクール,その他・各種スクール,求人なし,東京都葛飾区高砂5-54-10,2000,代表取締役 小林 広人,50 百万円,,,,
2024-08-01,社会福祉法人白鳩福祉会,その他・各種スクール,求人なし,東京都板橋区高島平5-34-7,1975,理事長 山元 由旭,502 百万円,,,,
2024-08-01,株式会社東栄社,その他・各種スクール,求人なし,東京都葛飾区奥戸7-8-4,1955,代表取締役 内田 誠一,12 百万円,,,,
2024-08-01,富士産業株式会社,その他・各種スクール,求人なし,東京都足立区竹の塚7-12-1,1972,代表取締役 武士 裕三,10 百万円,,,,
2024-08-01,学校法人東京文教学園,学習塾・予備校・専門学校,求人なし,東京都江戸川区南小岩6-31-10,1955,理事長 高瀨陽一郎,,,,,
2024-08-01,株式会社清微,学習塾・予備校・専門学校,求人なし,東京都葛飾区東水元6-1-4,1985,代表取締役 渥美 美香,10 百万円,,,,
2024-08-01,学校法人根津育英会武蔵学園,その他・各種スクール,求人なし,東京都練馬区豊玉上1-26-1,1921,理事長 根津 公一,"32,386 百万円",,,,
2024-08-01,学校法人マスダ学院,学習塾・予備校・専門学校,求人なし,東京都江戸川区平井4-13-4,1961,理事長 増田 節子,"1,832 百万円",,,,
2024-08-01,経営情報サービス株式会社,その他・各種スクール,求人なし,東京都江戸川区北小岩1-7-6平ビル 2Ｆ,1978,代表取締役 早瀬 友二,15 百万円,,,,
2024-08-01,株式会社朋友社,その他・各種スクール,求人なし,東京都練馬区南大泉3-31-3,1984,代表取締役 鈴木 卓矢,10 百万円,,,,
2024-08-01,社会福祉法人マハヤナ学園,その他・各種スクール,無,東京都板橋区前野町5-7-10,1953,理事長 菊地 悦子,"1,630 百万円",,,,『マハヤナ学園撫子園』『マハヤナ第二保育園』『北前野小学校あいキッズ』の運営 2023年12月doda掲載求人より引用
2024-08-01,社会福祉法人桐花会,その他・各種スクール,求人なし,東京都板橋区仲宿46-1,1976,理事長 飯田 陽子,388 百万円,,,,
2024-08-01,株式会社サンシャイン,その他・各種スクール,無,北海道札幌市中央区北五条西6-1-23第2道通ビル 9Ｆ,1987,代表取締役 松永 淳,40 百万円,,,,
2024-08-01,株式会社石巻中部自動車学校,学習塾・予備校・専門学校,求人なし,宮城県石巻市門脇字浦屋敷124-1,1977,代表取締役 鈴木 隆男,10 百万円,,,,
2024-08-01,株式会社南渋川自動車教習所,その他・各種スクール,求人なし,群馬県渋川市半田2700,1965,代表取締役 小倉 基宏,10 百万円,,,,
2024-08-01,株式会社上武自動車教習所,その他・各種スクール,求人なし,埼玉県本庄市下野堂601,1986,代表取締役 淺香 匡,27 百万円,,,,
2024-08-01,株式会社一川工業越生自動車学校,その他・各種スクール,求人なし,埼玉県入間郡越生町上野東1-3-18,1960,代表取締役 木戸 肇,10 百万円,,,,
2024-08-01,株式会社船橋中央自動車学校,その他・各種スクール,求人なし,千葉県船橋市飯山満町2-635,1972,代表取締役 林 敬,16 百万円,,,,
2024-08-01,株式会社袖ケ浦自動車教習所,その他・各種スクール,求人なし,千葉県木更津市坂戸市場1855-1,1963,代表取締役 浜名 洋一,42 百万円,,,,
2024-08-01,ディラ国際語学アカデミー株式会社,その他・各種スクール,求人なし,東京都千代田区六番町9ＡＭビル,1988,代表取締役 佐藤 桂,10 百万円,,,,
2024-08-01,公益社団法人日本フラワーデザイナー協会,その他・各種スクール,求人なし,東京都港区高輪4-5-6,1969,代表理事 井野口 守政,,,,,
2024-08-01,学校法人光塩学園,学習塾・予備校・専門学校,求人なし,北海道札幌市中央区大通西14-1,1962,理事長 南部 ユンクィアンしず子,"10,767 百万円",,,,
2024-08-01,学校法人盛岡誠桜学園,その他・各種スクール,求人なし,岩手県盛岡市高松1-21-14,1948,理事長 附田 政登,339 百万円,,,,
2024-08-01,株式会社宮交自動車学校,その他・各種スクール,求人なし,宮城県仙台市太白区長嶺4-1,1987,代表取締役 山形 宏幸,10 百万円,,,,
2024-08-01,有限会社東北進学ゼミナール,その他・各種スクール,求人なし,宮城県白石市字長町39-1,1988,代表取締役 安倍 智光,10 百万円,,,,
2024-08-01,学校法人こおりやま東都学園,学習塾・予備校・専門学校,求人なし,福島県郡山市図景2-9-3,1994,理事長 大本 研二,"1,785 百万円",,,,
2024-08-01,社会福祉法人ちいろば会,その他・各種スクール,求人なし,福島県南相馬市原町区二見町1-80-1,1990,理事長 遠藤 美保子,278 百万円,,,,
2024-08-01,学校法人城東学園,学習塾・予備校・専門学校,求人なし,茨城県水戸市城東3-5-10,1984,理事長 伊藤 登,46 百万円,,,,
2024-08-01,学校法人ティビィシィ学院,学習塾・予備校・専門学校,求人なし,栃木県宇都宮市大通り1-2-5,1985,理事長 齋藤 武士,"6,734 百万円",,,,
2024-08-01,株式会社エスプリライン,その他・各種スクール,求人なし,埼玉県川越市脇田本町15-21ＫＪ3ビル,1984,代表取締役 大谷 登,10 百万円,,,,
2024-08-01,株式会社専修,学習塾・予備校・専門学校,求人なし,埼玉県春日部市粕壁東3-1-2,1986,代表取締役 伊藤 祐爾,87 百万円,,,,
2024-08-01,学校法人明海大学,その他・各種スクール,無,埼玉県坂戸市けやき台1-1,1970,理事長 宮田 淳,"147,851 百万円",,,,情報が古い可能性があります。最新の情報を確認する場合はHP等をご覧ください。 ■教育■医療■各種研究 2022年6月doda掲載求人より引用
2024-08-01,学校法人瀧澤学園,学習塾・予備校・専門学校,無,千葉県千葉市若葉区西都賀1-11-11,1991,理事長 後藤 康夫,357 百万円,,,,
2024-08-01,株式会社ＭＫＡ,その他・各種スクール,求人なし,千葉県松戸市松戸新田262-3,1950,代表取締役 小林 隆,45 百万円,,,,
2024-08-01,エム．イー．アイ．株式会社,学習塾・予備校・専門学校,求人なし,千葉県茂原市高師618-1,1989,代表取締役 永野 順一,10 百万円,,,,
2024-08-01,学校法人三槙学園,学習塾・予備校・専門学校,求人なし,千葉県習志野市津田沼5-13-6,1986,理事長 古井 敏昭,,,,,
2024-08-01,一般財団法人霞山会,その他・各種スクール,求人なし,東京都千代田区霞が関3-2-1,1948,理事長 阿部 純一,,,,,
2024-08-01,株式会社エルステップス,その他・各種スクール,求人なし,東京都千代田区東神田3-4-2鈴武ビル 3Ｆ,1994,代表取締役 三橋 幸治,24 百万円,,,,
2024-08-01,公益財団法人日本ピアノ教育連盟,その他・各種スクール,求人なし,東京都墨田区千歳1-8-17島福ビル 5Ｆ,2001,代表理事 加藤 治彦,,,,,
2024-08-01,株式会社志満育英会,その他・各種スクール,求人なし,東京都中央区日本橋茅場町2-7-2佑昌ビル,1979,代表取締役 西村 裕子,23 百万円,,,,
2024-08-01,学校法人順心広尾学園,その他・各種スクール,求人なし,東京都港区南麻布5-1-14,1917,理事長 池田 富一,"2,848 百万円",,,,
2024-08-01,株式会社シナリオセンター,その他・各種スクール,求人なし,東京都港区北青山3-15-14,1972,代表取締役 小林 幸恵,10 百万円,,,,
2024-08-01,学校法人読売理工学院,学習塾・予備校・専門学校,求人なし,東京都文京区小石川1-1-1,1970,理事長 松井 敏宏,"2,721 百万円",,,,
2024-08-01,学校法人新宿学園,学習塾・予備校・専門学校,求人なし,東京都新宿区西新宿6-5-3,1984,理事長 関川 惠一,"3,197 百万円",,,,
2024-08-01,学校法人素霊学園,学習塾・予備校・専門学校,求人なし,東京都新宿区百人町1-4-4,1985,理事長 毛塚 光代,"4,271 百万円",,,,
2024-08-01,株式会社螢雪会,その他・各種スクール,無,東京都新宿区荒木町12-2アミティ四谷,1984,代表取締役 高山 敬行,26 百万円,,,,■学習塾の経営・運営■家庭教師派遣 2024年6月doda掲載求人より引用
2024-08-01,株式会社児童英語研究所,その他・各種スクール,求人なし,東京都新宿区新宿1-18-10カテリーナ柳通り 3Ｆ,1983,代表取締役 船津 洋,10 百万円,,,,
2024-08-01,学校法人呉竹学園,学習塾・予備校・専門学校,求人なし,東京都新宿区四谷三栄町16-12,1956,理事長 坂本 歩,"23,162 百万円",,,,
2024-08-01,株式会社実務教育出版,その他・各種スクール,求人なし,東京都新宿区新宿1-1-12,1973,代表取締役 淺井 亨,25 百万円,,,,
2024-08-01,株式会社インターカルト日本語学校,その他・各種スクール,求人なし,東京都台東区台東2-20-9,1995,代表取締役 塚田 俊文,10 百万円,,,,
2024-08-01,学校法人東洋学園,その他・各種スクール,求人なし,東京都文京区本郷1-26-3,1921,理事長 愛知 太郎,"16,350 百万円",,,,
2024-08-01,株式会社講談社パル,その他・各種スクール,求人なし,東京都文京区音羽1-18-10,1979,代表取締役 佐々木 健夫,10 百万円,,,,
2024-08-01,社会福祉法人深川愛隣学園,その他・各種スクール,求人なし,東京都江東区枝川2-25-10,1975,理事長 高橋 潤,503 百万円,,,,
2024-08-01,学校法人杉野学園,その他・各種スクール,求人なし,東京都品川区上大崎4-6-19,1948,理事長 中村 賢二郎,"5,776 百万円",,,,
2024-08-01,学校法人健康科学学園,学習塾・予備校・専門学校,無,東京都品川区南品川6-10-5,1985,理事長 加藤 公康,"1,121 百万円",,,,情報が古い可能性があります。最新の情報を確認する場合はHP等をご覧ください。 ■東京健康科学専門学校の運営■ウエルネススポーツセンターの運営 2021年11月doda掲載求人より引用
2024-08-01,社会福祉法人朝日会,その他・各種スクール,求人なし,東京都品川区小山2-6-15,1984,理事長 石井 美幸,562 百万円,,,,
2024-08-01,社会福祉法人蒲田保育園,その他・各種スクール,求人なし,東京都大田区蒲田1-20-6,1955,理事長 加藤 秀子,973 百万円,,,,
2024-08-01,社会福祉法人島田福祉会,その他・各種スクール,求人なし,東京都大田区大森北3-3-5,1970,理事 藤田 知意,"1,433 百万円",,,,
2024-08-01,社会福祉法人東京育成園,その他・各種スクール,求人なし,東京都世田谷区上馬4-12-3,1911,理事長 千葉 茂明,"1,562 百万円",,,,
2024-08-01,学校法人食糧学院,学習塾・予備校・専門学校,求人なし,東京都世田谷区池尻2-23-11,1953,理事長 佐藤 浩,"4,365 百万円",,,,
2024-08-01,株式会社バディ企画研究所,その他・各種スクール,求人なし,東京都世田谷区千歳台3-18-10,1981,代表取締役 鈴木 威,60 百万円,,,,
2024-08-01,社会福祉法人青い空保育園,その他・各種スクール,求人なし,東京都世田谷区岡本2-5-11,1976,理事長 桑原 晄子,734 百万円,,,,
2024-08-01,株式会社代々木文化学園,その他・各種スクール,求人なし,東京都渋谷区幡ヶ谷1-30-14,1953,代表取締役 鈴木 実加子,22 百万円,,,,
2024-08-01,新生映画株式会社,その他・各種スクール,求人なし,東京都渋谷区宇田川町6-20パラシオン渋谷 403,1962,代表取締役 村山 久美子,11 百万円,,,,
2024-08-01,公益社団法人日本将棋連盟,その他・各種スクール,求人なし,東京都渋谷区千駄ヶ谷2-39-9,1949,代表理事 佐藤 康光,,,,,
2024-08-01,学校法人呉学園,学習塾・予備校・専門学校,求人なし,東京都渋谷区桜丘町4-16,1977,理事長 宋 成烈,,,,,
2024-08-01,株式会社川上楽器店,その他・各種スクール,求人なし,東京都渋谷区東1-4-26,1960,代表取締役 川上 勝義,10 百万円,,,,
2024-08-01,学校法人原宿学園,学習塾・予備校・専門学校,求人なし,東京都渋谷区千駄ヶ谷3-62-8,1985,理事長 田波 哲二,,,,,
2024-08-01,社会福祉法人代々木鳩の会,その他・各種スクール,求人なし,東京都渋谷区千駄ヶ谷4-28-8,1982,理事長 丹羽 洋子,913 百万円,,,,
2024-08-01,学校法人東京工芸大学,その他・各種スクール,求人なし,東京都中野区本町2-9-5,1923,理事長 岩居 文雄,"42,014 百万円",,,,
2024-08-01,社会福祉法人聖オディリアホーム,その他・各種スクール,求人なし,東京都中野区白鷺1-15-15,1953,理事長 豊崎 武志,"1,356 百万円",,,,
2024-08-01,社会福祉法人けいわ会,その他・各種スクール,求人なし,東京都杉並区浜田山4-31-5,1979,,"1,400 百万円",,,,
2024-08-01,学校法人髙澤学園,学習塾・予備校・専門学校,求人なし,東京都豊島区西池袋4-2-15,1966,理事長 笹岡 敏明,,,,,
2024-08-01,社会福祉法人豊川保育園,その他・各種スクール,求人なし,東京都北区王子6-4-10,1959,理事長 荻村 しをり,797 百万円,,,,
2024-08-01,東京合同自動車株式会社,その他・各種スクール,無,東京都荒川区東日暮里6-57-6,1951,代表取締役 早川 泰正,10 百万円,,,,情報が古い可能性があります。最新の情報を確認する場合はHP等をご覧ください。 ■タクシー／ハイヤーによる一般乗用旅客自動車運送事業業界NO.1の日本交通グループ／13年連続売上NO.1※『日経MJ（日経流通新聞）』紙が公表した「第39回サービス業調査」 ハイヤー・タクシー部門のランキングで、日本交通が全国1位となりました。 2023年3月doda掲載求人より引用
2024-08-01,社会福祉法人ドン・ボスコ学院,その他・各種スクール,求人なし,東京都荒川区荒川3-11-1,1952,理事長 濱口 秀昭,705 百万円,,,,
2024-08-01,株式会社学力開発教室,その他・各種スクール,無,東京都板橋区小豆沢4-1-2,1990,代表取締役 梅田 雄太,10 百万円,,,,
2024-08-01,学校法人城北学園,その他・各種スクール,求人なし,東京都板橋区東新町2-28-1,1941,理事長 井上 善雄,"5,452 百万円",,,,
2024-08-01,社会福祉法人三祉会,その他・各種スクール,求人なし,東京都板橋区富士見町13-6,1953,理事長 田中 正己,"1,674 百万円",,,,
2024-08-01,社会福祉法人陽光会,その他・各種スクール,求人なし,東京都板橋区大谷口上町23-1,1967,理事長 田辺 弘子,323 百万円,,,,
2024-08-01,社会福祉法人東京自由保育園,その他・各種スクール,求人なし,東京都板橋区清水町24-13,1969,理事長 松岡 優子,415 百万円,,,,
2024-08-01,社会福祉法人あすなろ福祉会,その他・各種スクール,求人なし,東京都板橋区仲宿25-6,1970,理事長 佐藤 就之,"1,000 百万円",,,,
2024-08-01,社会福祉法人新田保育園,その他・各種スクール,求人なし,東京都足立区新田2-1-10,1968,理事長 川端 隆,334 百万円,,,,
2024-08-01,社会福祉法人清仁会,その他・各種スクール,求人なし,東京都足立区中川4-37-22,1970,理事長 羽住 奎,318 百万円,,,,
2024-08-01,社会福祉法人さかえ福祉会,その他・各種スクール,求人なし,東京都足立区東綾瀬1-16-21,1974,理事長 倉本 勝男,786 百万円,,,,
2024-08-01,学校法人中央医療学園,学習塾・予備校・専門学校,求人なし,東京都葛飾区立石3-5-12,1995,理事長 森重 美三男,"4,423 百万円",,,,
2024-08-01,社会福祉法人葛飾学園,その他・各種スクール,求人なし,東京都葛飾区西亀有2-35-3,1947,理事長 山口 千晴,769 百万円,,,,
2024-08-01,社会福祉法人さくら学園,その他・各種スクール,求人なし,東京都葛飾区亀有1-27-2,1958,理事長 堀川 潤,375 百万円,,,,
2024-08-01,社会福祉法人ひかり学園,その他・各種スクール,無,東京都葛飾区柴又6-19-1,1967,理事長 秋家 英子,,,,,
2024-08-01,社会福祉法人日の出保育園,その他・各種スクール,求人なし,東京都葛飾区細田5-24-1,1974,理事長 杉山 好久,473 百万円,,,,
2024-08-01,社会福祉法人由和会,その他・各種スクール,求人なし,東京都葛飾区亀有3-38-9,2000,理事長 佐藤 久子,427 百万円,,,,
2024-08-01,株式会社今井自動車教習所,その他・各種スクール,求人なし,東京都江戸川区瑞江4-43-15,1966,代表取締役 石井 清壽,10 百万円,,,,
2024-08-01,社会福祉法人つぼみ会,その他・各種スクール,求人なし,東京都江戸川区南小岩7-4-9,1995,理事長 飯田 三つ男,878 百万円,,,,
2024-08-01,社会福祉法人のぞみの会,その他・各種スクール,求人なし,東京都八王子市鹿島15,1976,理事長 石坂 芳,736 百万円,,,,
2024-08-01,社会福祉法人清諒会,その他・各種スクール,求人なし,東京都八王子市石川町3279,1998,理事長 秦 清一郎,596 百万円,,,,
2024-08-01,学校法人桑沢学園,その他・各種スクール,求人なし,東京都八王子市宇津貫町1556,1957,理事長 山際 康之,"30,847 百万円",,,,
2024-08-01,社会福祉法人聖愛学舎,その他・各種スクール,求人なし,東京都稲城市長峰2-10,1967,理事長 物井 洋介,"1,292 百万円",,,,
2024-08-01,株式会社トヨタ東京教育センター,その他・各種スクール,無,東京都立川市羽衣町1-3-4,1963,代表取締役 島村 熟,50 百万円,,,,情報が古い可能性があります。最新の情報を確認する場合はHP等をご覧ください。 自動車の運転及び整備に関する教育交通安全に関する研究及び教育自動車損害賠償責任保険代理業務ならびに損害保険代理業務施設の賃貸、管理及び運営業務前各号に付帯する一切の業務 2021年9月doda掲載求人より引用
2024-08-01,社会福祉法人よしの保育園,その他・各種スクール,求人なし,東京都青梅市柚木町2-312-1,1972,理事長 増澤 秀丸,208 百万円,,,,
2024-08-01,学校法人明星学苑,その他・各種スクール,求人なし,東京都日野市程久保2-1-1明星大学24号館 4Ｆ,1927,理事長 吉田 元一,"122,240 百万円",,,,
2024-08-01,社会福祉法人千春会,その他・各種スクール,求人なし,東京都府中市武蔵台3-9-4,1955,理事長 濱田 浩幸,"1,167 百万円",,,,
2024-08-01,社会福祉法人東京山手マリヤ会,その他・各種スクール,求人なし,東京都府中市白糸台5-4-9,1977,理事長 石井 まき子,524 百万円,,,,
2024-08-01,社会福祉法人慈芳会,その他・各種スクール,求人なし,東京都昭島市松原町4-11-3,1986,理事長 山田 宗孝,391 百万円,,,,
2024-08-01,社会福祉法人のぞみ会,その他・各種スクール,求人なし,東京都調布市染地2-8-30,1981,理事長 渡辺 孝,935 百万円,,,,
2024-08-01,社会福祉法人景行会,その他・各種スクール,求人なし,東京都町田市藤の台1-1-56,1970,理事長 齋藤 彰平,676 百万円,,,,
2024-08-01,社会福祉法人桔梗,その他・各種スクール,求人なし,東京都町田市鶴川1-16-7,1999,理事長 山田 静子,"1,222 百万円",,,,
2024-08-01,社会福祉法人飛翔会,その他・各種スクール,求人なし,東京都町田市金森6-37-18,2001,理事長 鈴木 雅人,565 百万円,,,,
2024-08-01,学校法人田中千代学園,学習塾・予備校・専門学校,求人なし,東京都渋谷区渋谷1-21-7,1951,理事長 髙橋 道春,,,,,
2024-08-01,株式会社小金井自動車学校,その他・各種スクール,求人なし,東京都小金井市中町4-3-15,1959,代表取締役 川邊 紀惠,10 百万円,,,,
2024-08-01,社会福祉法人こぶしの会,その他・各種スクール,求人なし,東京都小平市鈴木町1-148-1,1972,理事長 金田 利子,805 百万円,,,,
2024-08-01,社会福祉法人わかば福祉会,その他・各種スクール,求人なし,東京都日野市程久保3-21-2,1981,理事長 宇野宏武,531 百万円,,,,
2024-08-01,社会福祉法人天童会,その他・各種スクール,無,東京都東村山市青葉町3-31-1,1988,理事長 飯野 順子,"10,303 百万円",,,,
2024-08-01,社会福祉法人和光保育園,その他・各種スクール,求人なし,東京都国立市東2-2-1,1971,理事長 村上 勝利,197 百万円,,,,
2024-08-01,社会福祉法人純心会,その他・各種スクール,求人なし,東京都多摩市鶴牧5-5,1982,理事長 古川 義雄,719 百万円,,,,
2024-08-01,学校法人駒澤学園,その他・各種スクール,求人なし,東京都稲城市坂浜238,1948,理事長 葛城 天快,"54,261 百万円",,,,
2024-08-01,社会福祉法人たつの子の会,その他・各種スクール,求人なし,東京都羽村市五ノ神2-6-20,1980,理事長 武田 美代子,"1,073 百万円",,,,
2024-08-01,社会福祉法人勧能福祉会,その他・各種スクール,求人なし,東京都あきる野市五日市98,1974,理事長 岸 隆史,700 百万円,,,,
2024-08-01,社会福祉法人大誠会,その他・各種スクール,求人なし,東京都西東京市北原町2-1-14,1980,理事長 海老澤 憲一,714 百万円,,,,
2024-08-01,東京リトルメイト株式会社,その他・各種スクール,求人なし,神奈川県横浜市港北区樽町3-6-12,1982,代表取締役 阪井 祐基子,10 百万円,,,,
2024-08-01,株式会社南横浜自動車学校,学習塾・予備校・専門学校,求人なし,神奈川県横浜市金沢区福浦3-11-1,1965,代表取締役 吉村 充司,10 百万円,,,,
2024-08-01,学校法人神奈川理容美容学園,学習塾・予備校・専門学校,求人なし,神奈川県横浜市港北区樽町2-6-11,1967,理事長 渡来 秀隆,,,,,
2024-08-01,有限会社ＫＴＳ,その他・各種スクール,求人なし,東京都町田市原町田5-4-15遠藤ビル1－2Ｆ,1987,代表取締役 内田 早苗,8 百万円,,,,
2024-08-01,学校法人山手英学院,その他・各種スクール,求人なし,神奈川県横浜市栄区上郷町460,1950,理事長 篠﨑 孝子,"3,025 百万円",,,,
2024-08-01,株式会社橋本自動車学校,その他・各種スクール,求人なし,神奈川県相模原市緑区橋本台1-14-25,1963,代表取締役 原 正幸,10 百万円,,,,
2024-08-01,キャタピラー教習所株式会社,その他・各種スクール,求人なし,神奈川県高座郡寒川町一之宮7-11-1,1993,代表取締役 五十嵐 高太郎,10 百万円,,,,
2024-08-01,株式会社厚木自動車学校,その他・各種スクール,求人なし,神奈川県海老名市大谷南1-9-1,1961,代表取締役 本多 緑子,20 百万円,,,,
2024-08-01,学校法人立花学園,その他・各種スクール,求人なし,神奈川県足柄上郡松田町松田惣領307-2,1961,理事長 込山 英弥,"5,559 百万円",,,,
2024-08-01,株式会社鳥山楽器,その他・各種スクール,求人なし,福井県福井市米松1-14-17,1981,代表取締役 鳥山 純男,10 百万円,,,,
2024-08-01,株式会社茅野自動車学校,その他・各種スクール,求人なし,長野県茅野市宮川坂室5299,1964,代表取締役 桑澤 一郎,15 百万円,,,,
2024-08-01,株式会社東進,その他・各種スクール,無,岐阜県美濃加茂市下米田町小山813-1,1988,代表取締役 飯田 陸三,10 百万円,,,,
2024-08-01,株式会社遠鉄自動車学校,その他・各種スクール,無,静岡県浜松市中央区小池町1552,1964,代表取締役 鈴木 雅之,100 百万円,,,,■自動車運転教習所の経営 2024年3月doda掲載求人より引用
2024-08-01,学校法人中京法律学園,その他・各種スクール,求人なし,愛知県名古屋市東区徳川町1804中京法律専門学校,1947,理事長 大池 暉彦,"1,166 百万円",,,,
2024-08-01,株式会社トヨタ名古屋教育センター,その他・各種スクール,無,愛知県名古屋市昭和区八事富士見1737,1963,代表取締役 宮武 伸次,50 百万円,,,,■教習事業「中部日本自動車学校」の運営■安全教育事業「交通教育研究所」（企業ドライバー教育、交通安全教室、ペーパードライバー教育など）■教材制作・販売事業自動車学校用教本・教材の制作・販売（学科教本、インターネット学習システムなど）■研修事業自動車学校職員の研修、自動車学校経営者の育成支援 2024年5月doda掲載求人より引用
2024-08-01,学校法人名鉄学園,その他・各種スクール,無,愛知県名古屋市緑区鳴海町字文木90,1956,理事長 安藤 隆司,"6,097 百万円",,,,普通自動車・大型自動車・自動二輪（大型・普通）普通二種・大型二種等、総合自動車教習所としての運営 2023年12月doda掲載求人より引用
2024-08-01,学校法人名古屋学園,学習塾・予備校・専門学校,求人なし,愛知県名古屋市緑区有松912,1977,理事長 小川 明治,"4,082 百万円",,,,
2024-08-01,株式会社享成自動車学校,その他・各種スクール,無,愛知県岡崎市井田町字茨坪34,1994,代表取締役 岡田 道昌,10 百万円,,,,
2024-08-01,株式会社中勢自動車学校,その他・各種スクール,無,三重県鈴鹿市寺家6-1-20,1963,代表取締役 櫛田 浩哉,10 百万円,,,,
2024-08-01,有限会社ＫＨ,その他・各種スクール,求人なし,三重県亀山市井尻町667-1,1970,代表取締役 藤村 勝也,8 百万円,,,,
2024-08-01,大東自動車株式会社,その他・各種スクール,無,三重県伊勢市小俣町元町1648-10,1961,代表取締役 加藤 光一,20 百万円,,,,情報が古い可能性があります。最新の情報を確認する場合はHP等をご覧ください。 ■人材コンサルティングサービス■ITエンジニア人材派遣・紹介事業■自動車教習所運営■二輪レンタル■女性専用フィットネスクラブ運営■保険事業■介護事業■海外事業有料職業紹介事業許可番号：24-ユ-300380労働者派遣事業許可番号：派24-300789 2023年4月doda掲載求人より引用
2024-08-01,株式会社エイジアクリエイト,その他・各種スクール,求人なし,京都府京都市中京区元本能寺町383,1996,代表取締役 吉田 友則,13 百万円,,,,
2024-08-01,学校法人日整学園,その他・各種スクール,求人なし,京都府京都市南区東九条河辺町30,1951,理事長 永田 武則,326 百万円,,,,
2024-08-01,紀志商事株式会社,その他・各種スクール,求人なし,京都府京都市中京区橋弁慶町230イーグルコート烏丸蛸薬師1102,1991,代表取締役 辻 明裕,20 百万円,,,,
2024-08-01,共同航空株式会社,学習塾・予備校・専門学校,求人なし,大阪府大阪市福島区海老江5-2-7ニュー野田阪神ビル 407,2003,代表取締役 大塚 喜久男,10 百万円,,,,
2024-08-01,株式会社いずみ二一,その他・各種スクール,求人なし,滋賀県草津市大路3-5-64,1985,代表取締役 南 啓次郎,30 百万円,,,,
2024-08-01,公益財団法人大阪ＹＭＣＡ,その他・各種スクール,無,大阪府大阪市西区土佐堀1-5-6ＹＭＣＡビル,1910,代表理事 小川 健一郎,,,,,
2024-08-01,株式会社ナンバメイト,その他・各種スクール,求人なし,大阪府大阪市中央区谷町9-5-15中田ビル 2Ｆ,1989,代表取締役 時野 学,30 百万円,,,,
2024-08-01,株式会社高等進学塾,学習塾・予備校・専門学校,求人なし,大阪府大阪市天王寺区悲田院町7-3,1985,代表取締役 藤本 加代子,10 百万円,,,,
2024-08-01,社会福祉法人大和福祉会,その他・各種スクール,求人なし,大阪府大阪市住之江区北島3-15-1,1980,理事長 名城 慶子,385 百万円,,,,
2024-08-01,株式会社高槻自動車教習所,その他・各種スクール,求人なし,大阪府高槻市日向町1-3,1962,代表取締役 黒川 雅雄,10 百万円,,,,
2024-08-01,株式会社生命誌研究館,その他・各種スクール,求人なし,大阪府高槻市紫町1-1,1993,代表取締役 小泉 光臣,10 百万円,,,,
2024-08-01,一般財団法人兵庫県学校厚生会,その他・各種スクール,求人なし,兵庫県神戸市中央区北長狭通4-7-34,1968,代表理事 川原 芳和,,,,,
2024-08-01,株式会社朋友,その他・各種スクール,求人なし,兵庫県尼崎市武庫元町1-25-10,1979,代表取締役 田中 一嘉,10 百万円,,,,
2024-08-01,学校法人雲雀丘学園,学習塾・予備校・専門学校,求人なし,兵庫県宝塚市雲雀丘4-2-1,1950,理事長 鳥井 信吾,"11,421 百万円",,,,
2024-08-01,鹿島興産株式会社,その他・各種スクール,求人なし,兵庫県高砂市春日野町2-60,1962,代表取締役 山本 広志,22 百万円,,,,
2024-08-01,学校法人大阪ＹＭＣＡ学院,その他・各種スクール,求人なし,兵庫県川辺郡猪名川町松尾台2-2-2,1976,理事長 石原 福造,"1,026 百万円",,,,
2024-08-01,学校法人奈良大学,その他・各種スクール,求人なし,奈良県奈良市山陵町1500,1933,理事長 浅川 正美,"39,419 百万円",,,,
2024-08-01,有限会社香芝自動車学校,その他・各種スクール,求人なし,奈良県香芝市別所88-1,1986,代表取締役 吉崎 昌宏,8 百万円,,,,
2024-08-01,株式会社しちだ・教育研究所,その他・各種スクール,無,島根県江津市嘉久志町2345-5,1978,代表取締役 七田 厚,20 百万円,,,,情報が古い可能性があります。最新の情報を確認する場合はHP等をご覧ください。 ・幼児・小学生向けの教育教材の研究開発・制作・幼児・小学生向け教材通信販売・幼児教育に関する講演会の実施・乳幼児を持つ両親への個別通信指導・月刊誌「夢そだて」の編集・発行など・幼児・小学生を対象にした教室運営・七田式教室の海外展開・食育・子育て支援等に関する活動・七田式高齢者学習事業【グループ企業】株式会社しちだ・ライフ、株式会社オフィス・七田 2022年2月doda掲載求人より引用
2024-08-01,株式会社イーオンホールディングス,その他・各種スクール,求人なし,東京都新宿区西新宿6-10-1日土地西新宿ビル 16Ｆ,1973,代表取締役 塚田 俊文,100 百万円,,,,
2024-08-01,株式会社トモタ,その他・各種スクール,求人なし,山口県周南市新田2-6-1,1964,代表取締役 友田 裕,23 百万円,,,,
2024-08-01,株式会社阿北自動車教習所,その他・各種スクール,求人なし,徳島県阿波市吉野町柿原字植松203-3,1962,代表取締役 足立 桂三,10 百万円,,,,
2024-08-01,株式会社琴平ドライビングスクール,教育業界,求人なし,香川県仲多度郡まんのう町羽間1887,1969,代表取締役 橋本 敏行,15 百万円,,,,
2024-08-01,株式会社現代教育研究社,その他・各種スクール,求人なし,福岡県福岡市中央区六本松4-5-36,1980,代表取締役 森田 晋史,10 百万円,,,,
2024-08-01,株式会社インターナショナルエアアカデミー,その他・各種スクール,求人なし,福岡県福岡市中央区天神3-4-5ピエトロビル 10Ｆ,1984,代表取締役 永江 靜加,20 百万円,,,,
2024-08-01,学校法人西南学院,その他・各種スクール,求人なし,福岡県福岡市早良区西新6-2-92,1921,理事長 宮崎 隆一,"59,689 百万円",,,,
2024-08-01,株式会社ＯＭＣＮ,その他・各種スクール,求人なし,佐賀県佐賀市鍋島町大字八戸溝1424,1980,代表取締役 鶴田 英司,10 百万円,,,,
2024-08-01,森産業交通株式会社,その他・各種スクール,求人なし,長崎県長崎市矢上町7-11,1946,代表取締役 古本 彩花,20 百万円,,,,
2024-08-01,学校法人岩田学園,その他・各種スクール,求人なし,大分県大分市岩田町1-1-1,1951,理事長 成瀬 輝一,"3,903 百万円",,,,
2024-08-01,茨城県教科書販売株式会社,その他・各種スクール,求人なし,茨城県水戸市木葉下町字富士山292-19,1956,代表取締役 川又 英宏,12 百万円,,,,
2024-08-01,鶴ケ島自動車株式会社,その他・各種スクール,求人なし,埼玉県鶴ヶ島市大字高倉1249,1961,代表取締役 清水 智義,20 百万円,,,,
2024-08-01,株式会社水原自動車学校,その他・各種スクール,求人なし,新潟県阿賀野市下条20-4,1966,代表取締役 高田 尚幸,21 百万円,,,,
2024-08-01,有限会社七尾自動車教習所,その他・各種スクール,求人なし,石川県七尾市古府町南谷21,1958,代表取締役 森山 外志夫,61 百万円,,,,
2024-08-01,日東興産株式会社,その他・各種スクール,無,岐阜県本巣市三橋1100,1971,代表取締役 豊田 正彦,10 百万円,,,,情報が古い可能性があります。最新の情報を確認する場合はHP等をご覧ください。 ■自動車学校の運営 2022年12月doda掲載求人より引用
2024-08-01,株式会社昭和自動車学校,その他・各種スクール,求人なし,愛知県春日井市味美西本町1850,1964,代表取締役 細野雅敬,10 百万円,,,,
2024-08-01,学校法人京都成安学園,その他・各種スクール,求人なし,滋賀県大津市仰木の里東4-3-1,1951,理事長 小林 徹,"5,512 百万円",,,,
2024-08-01,学校法人同志社,その他・各種スクール,求人なし,京都府京都市上京区今出川通烏丸東入玄武町601,1910,理事長 八田 英二,"212,472 百万円",,,,
2024-08-01,株式会社イー・トラックス,その他・各種スクール,無,京都府京都市中京区橋弁慶町227第12長谷ビル 6Ｆ,2000,代表取締役 早崎 伊知郎,40 百万円,,,,＜全国で約190校の『ハロー！パソコン教室』を展開＞■超初心者から資格取得者向け、パソコン教室のフランチャイズ事業（フランチャイザー）■超初心者から資格取得者向けパソコン教室の運営 ■生涯学習用教材開発および提供■中高齢者向けインターネットコンテンツ開発および提供 2024年1月doda掲載求人より引用
2024-08-01,株式会社テクノ自動車学校,学習塾・予備校・専門学校,求人なし,広島県安芸郡熊野町5640-1,1988,代表取締役 竹内 勝博,10 百万円,,,,
2024-08-01,学校法人高木学園,学習塾・予備校・専門学校,無,福岡県福岡市早良区百道浜3-6-40,1999,理事長 高木 邦格,589 百万円,,,,情報が古い可能性があります。最新の情報を確認する場合はHP等をご覧ください。 大学・専門学校の運営 2022年8月doda掲載求人より引用
2024-08-01,有限会社マリーンスイミングクラブ,その他・各種スクール,求人なし,熊本県菊池郡大津町大字室705,1987,代表取締役 古閑 達郎,50 百万円,,,,
2024-08-01,公益財団法人北海道ＹＭＣＡ,その他・各種スクール,求人なし,北海道札幌市中央区南十一条西11-2-5,1953,理事長 土屋 博,,,,,
2024-08-01,学校法人総合技術学園,学習塾・予備校・専門学校,求人なし,北海道札幌市中央区大通西17-1-22,1987,理事長 棚橋 邦雄,"2,433 百万円",,,,
2024-08-01,株式会社北海道中央自動車学校,その他・各種スクール,求人なし,北海道札幌市東区北二十五条東1-1-17,1962,代表取締役 酒井 忠則,11 百万円,,,,
2024-08-01,株式会社鉄工団地自動車学園,学習塾・予備校・専門学校,求人なし,北海道札幌市西区発寒十六条13-1-10,1982,代表取締役 横井 一実,50 百万円,,,,
2024-08-01,有限会社岩手県北自動車学校,その他・各種スクール,求人なし,岩手県二戸市堀野字大川原毛110-1,1970,代表取締役 佐々木 裕子,5 百万円,,,,
2024-08-01,株式会社宮城県学校用品協会,その他・各種スクール,求人なし,宮城県仙台市泉区八乙女4-2-35,1955,代表取締役 尾川 輝敏,40 百万円,,,,
2024-08-01,株式会社瀬麗抜教育研究アカデミー,その他・各種スクール,求人なし,茨城県古河市東本町1-22-26友愛コーポＵＩプラザ 2Ｆ,1991,代表取締役 大島 敏男,10 百万円,,,,
2024-08-01,株式会社古河第一自動車学校,その他・各種スクール,求人なし,茨城県古河市関戸1758-1,1961,代表取締役 中村 信行,12 百万円,,,,
2024-08-01,株式会社栃木県共立自動車学校,その他・各種スクール,求人なし,栃木県宇都宮市下金井町718-3,1972,代表取締役 寺崎 幸也,41 百万円,,,,
2024-08-01,株式会社栃木県南自動車学校,その他・各種スクール,求人なし,栃木県栃木市川原田町1528,1962,代表取締役 癸生川 照男,10 百万円,,,,
2024-08-01,株式会社シブガイ,その他・各種スクール,求人なし,東京都渋谷区桜丘町15-17ＮＫＧ東京ビル,1970,代表取締役 松本 太郎,5 百万円,,,,
2024-08-01,イー・エフ・エデュケーション・ファースト・ジャパン株式会社,研修サービス,1,東京都渋谷区渋谷2-15-1 渋谷クロスタワー27F【東京本社】,1972,代表取締役 リーナス ・ジョンソン,"9,600万円",,100,,世界20カ国50都市にある『EF International Language Centers』で行う語学研修プログラムをはじめ、各種海外留学プログラム（海外研修、企業研修、海外大学進学、国際交流、マルチメディア・オンライン教育など）の日本マーケットにおけるマーケティング・販売促進。◎東京2020 公式語学研修サプライヤー◎大阪・関西万博2025 教育サプライヤー
2024-08-01,株式会社アップル情報通信サービス,その他・各種スクール,求人なし,東京都豊島区南大塚3-46-3大塚セントコアビル 8Ｆ,1989,代表取締役 吉村 充司,10 百万円,,,,
2024-08-01,学校法人実学舎,その他・各種スクール,求人なし,埼玉県さいたま市大宮区上小町1450-3,1984,理事長 永嶋 龍次,"1,029 百万円",,,,
2024-08-01,学校法人埼玉県理容美容専門学校,学習塾・予備校・専門学校,求人なし,埼玉県さいたま市浦和区北浦和5-4-24,1954,理事長 高野 春夫,"2,009 百万円",,,,
2024-08-01,一般社団法人埼玉県指定自動車教習所協会,その他・各種スクール,求人なし,埼玉県鴻巣市上谷664-4,1967,会長 町田 新一郎,,,,,
2024-08-01,準学校法人川越専門学園,学習塾・予備校・専門学校,求人なし,埼玉県川越市新宿町1-20-9,1967,理事長 舟橋 浩子,,,,,
2024-08-01,一般財団法人江南クレーン教習所,その他・各種スクール,求人なし,埼玉県熊谷市成沢893,1975,理事長 志藤 任生,,,,,
2024-08-01,株式会社船橋第一自動車教習所,学習塾・予備校・専門学校,求人なし,千葉県船橋市三咲2-14-1,1963,代表取締役 澤田 宏,13 百万円,,,,
2024-08-01,株式会社やちよ中央自動車学校,その他・各種スクール,求人なし,千葉県八千代市大和田新田211,1982,代表取締役 岩井 義雄,50 百万円,,,,
2024-08-01,マネジメント・アンド・コミュニケーションズ・コンサルタンシー株式会社,その他・各種スクール,求人なし,東京都千代田区内神田2-3-14神田川善ビル 3Ｆ,1984,代表取締役 北山 稔晃,30 百万円,,,,
2024-08-01,公益財団法人東京ＹＷＣＡ,その他・各種スクール,求人なし,東京都千代田区神田駿河台1-8-11東京ＹＷＣＡ会館,1927,代表理事 栗林 和子,,,,,
2024-08-01,学校法人東京日新学園,学習塾・予備校・専門学校,無,東京都千代田区神田神保町2-10-33,1998,理事長 西原 申介,61 百万円,,,,
2024-08-01,株式会社池上自動車教習所,その他・各種スクール,求人なし,東京都大田区大森南5-5-5,1954,代表取締役 野村 篤,50 百万円,,,,
2024-08-01,株式会社ラヴィドライビングスクール蒲田,その他・各種スクール,求人なし,東京都大田区西六郷1-3-15,1961,代表取締役 鈴木 明子,15 百万円,,,,
2024-08-01,青山スクールオブジャパニーズインコーポレーション株式会社,その他・各種スクール,求人なし,東京都世田谷区経堂5-38-20Ｃ．Ｓ．Ｓビル3Ｆ,1976,代表取締役 中西 郁太郎,10 百万円,,,,
2024-08-01,株式会社新小岩自動車教習所,その他・各種スクール,求人なし,東京都葛飾区奥戸4-2-1,1959,代表取締役 増田 充孝,10 百万円,,,,
2024-08-01,株式会社江戸川自動車教習所,学習塾・予備校・専門学校,求人なし,東京都江戸川区平井5-4-3,1953,代表取締役 嶋村 嘉髙,10 百万円,,,,
2024-08-01,株式会社八王子中央自動車学校,その他・各種スクール,無,東京都八王子市北野町598-9,1980,代表取締役 横井 久,10 百万円,,,,情報が古い可能性があります。最新の情報を確認する場合はHP等をご覧ください。 自動車教習所の運営・管理 2022年9月doda掲載求人より引用
2024-08-01,有限会社島津睦子ホームケーキングスクール,その他・各種スクール,求人なし,東京都武蔵野市吉祥寺本町2-33-18,1989,代表取締役 島津 睦子,3 百万円,,,,
2024-08-01,株式会社武蔵境自動車教習所,その他・各種スクール,無,東京都武蔵野市境2-6-43,1960,代表取締役 髙橋 明希,11 百万円,,,,自動車教習業務（普通車・準中型車・中型車・普通二輪車・大型二輪車）ペーパードライバー教習業務 2024年5月doda掲載求人より引用
2024-08-01,株式会社相模中央自動車学校,その他・各種スクール,求人なし,神奈川県相模原市中央区東淵野辺1-7-1,1970,代表取締役 金子 澄夫,10 百万円,,,,
2024-08-01,株式会社福澤自動車学校,学習塾・予備校・専門学校,求人なし,神奈川県平塚市宝町6-2,1973,代表取締役 福澤 知広,10 百万円,,,,
2024-08-01,株式会社新潟関屋自動車学校,その他・各種スクール,求人なし,新潟県新潟市中央区関屋浜松町22,1975,代表取締役 綿井 伸洋,20 百万円,,,,
2024-08-01,株式会社新潟文化自動車学校,その他・各種スクール,求人なし,新潟県新潟市西区青山1-1-41,1964,代表取締役 焼継 嘉範,10 百万円,,,,
2024-08-01,株式会社東新潟自動車学校,その他・各種スクール,求人なし,新潟県新潟市東区山木戸3-9-1,1961,代表取締役 高田 尚幸,20 百万円,,,,
2024-08-01,学校法人新潟高度情報学園,学習塾・予備校・専門学校,求人なし,新潟県新潟市中央区明石1-3-5,1998,理事長 栂坂 昌業,"1,441 百万円",,,,
2024-08-01,株式会社アクティス,その他・各種スクール,求人なし,新潟県三条市嘉坪川1-31-15（株）アクティス,1967,代表取締役 捧 厚雄,95 百万円,,,,
2024-08-01,株式会社キャリアドライブ,その他・各種スクール,無,神奈川県藤沢市土棚800,1966,代表取締役 田村 嘉規,10 百万円,,,,
2024-08-01,株式会社裾野中央自動車学校,その他・各種スクール,求人なし,静岡県裾野市伊豆島田539,1979,代表取締役 鈴木 義一,10 百万円,,,,
2024-08-01,株式会社愛知県教科書特約供給所,その他・各種スクール,求人なし,愛知県名古屋市中区丸の内3-16-5,1942,代表取締役 星野 史彦,10 百万円,,,,
2024-08-01,ニップンスポーツ株式会社,その他・各種スクール,無,栃木県小山市駅東通り2-4-1,1989,代表取締役 新妻 延一郎,50 百万円,,,,情報が古い可能性があります。最新の情報を確認する場合はHP等をご覧ください。 当社は、地域に根ざしたスポーツクラブとして、地域に貢献し、地域の社会体育やスポーツの振興を目的に日々営業活動しています。また、「食」と「健康」との関わりを追求するニップングループの健康産業部門の一端を担い、「食」だけでなく「運動」を通して体内からの「健康維持促進」を目指しています。 運営は、スイミングスクールとフィットネスクラブを中心にインドアゴルフスクール、ホットヨガの運営を行っています。 2023年3月doda掲載求人より引用
2024-08-01,株式会社四日市南自動車学校,その他・各種スクール,求人なし,三重県四日市市釆女町340-1,1963,代表取締役 永田 武巳,10 百万円,,,,
2024-08-01,株式会社瀬田月輪自動車教習所,その他・各種スクール,求人なし,滋賀県大津市月輪1-6-1,1961,代表取締役 前原 敏文,10 百万円,,,,
2024-08-01,株式会社近江八幡自動車教習所,その他・各種スクール,求人なし,滋賀県近江八幡市鷹飼町北1-12-7,1964,代表取締役 西堀 洋子,11 百万円,,,,
2024-08-01,株式会社近江八幡安全教育センター,その他・各種スクール,求人なし,滋賀県近江八幡市西庄町258,1977,代表取締役社長 中島 弘雅,10 百万円,,,,
2024-08-01,株式会社宝池自動車教習所,その他・各種スクール,求人なし,京都府京都市左京区松ケ崎芝本町1,1961,代表取締役 太田 嘉樹,10 百万円,,,,
2024-08-01,株式会社二条自動車教習所,その他・各種スクール,無,京都府京都市中京区西ノ京内畑町34,1965,代表取締役 西田 康郎,20 百万円,,,,
2024-08-01,株式会社大久保自動車教習所,学習塾・予備校・専門学校,求人なし,京都府宇治市大久保町北ノ山20,1970,代表取締役 臼井 龍三,45 百万円,,,,
2024-08-01,学校法人岡山学園,学習塾・予備校・専門学校,求人なし,大阪府大阪市生野区鶴橋1-6-34,1952,理事長 岡山 伸子,7 百万円,,,,
2024-08-01,株式会社個学舎,学習塾・予備校・専門学校,無,東京都文京区湯島1-6-7お茶の水ＴＫビル 6Ｆ,1999,代表取締役 金澤 匠時,10 百万円,,,,
2024-08-01,株式会社日本食生活指導センター,その他・各種スクール,求人なし,大阪府大阪市北区豊崎4-2-11メゾン北梅田 108,1987,代表取締役 野々村 弘治,10 百万円,,,,
2024-08-01,株式会社阪急ドライビングスクール服部緑地,学習塾・予備校・専門学校,求人なし,大阪府豊中市若竹町2-1-3,1965,代表取締役 遠藤 一明,15 百万円,,,,
2024-08-01,株式会社寝屋川自動車教習所,学習塾・予備校・専門学校,求人なし,大阪府寝屋川市寝屋南1-1-1,1964,代表取締役 田邉 武志,20 百万円,,,,
2024-08-01,株式会社大阪香里自動車練習所,その他・各種スクール,求人なし,大阪府寝屋川市木屋町13-5,1959,代表取締役 髙士 修,10 百万円,,,,
2024-08-01,アイ日本総合ビジネス学院有限会社,その他・各種スクール,求人なし,兵庫県神戸市中央区江戸町95井門神戸ビル 7Ｆ,1997,取締役 原本 実,3 百万円,,,,
2024-08-01,学校法人コンピュータ総合学園,学習塾・予備校・専門学校,求人なし,兵庫県神戸市中央区山本通1-6-35,1977,理事長 福岡 富雄,"23,919 百万円",,,,
2024-08-01,有限会社兵庫県洲本自動車教習所,その他・各種スクール,求人なし,兵庫県洲本市塩屋2-1-57,1959,代表取締役 後藤 忠毅,3 百万円,,,,
2024-08-01,株式会社加古川自動車教習所,その他・各種スクール,求人なし,兵庫県加古川市山手1-1-1,1962,代表取締役 中尾 和彦,20 百万円,,,,
2024-08-01,株式会社兵庫県三原自動車教習所,その他・各種スクール,求人なし,兵庫県南あわじ市賀集八幡358,1962,代表取締役 宮本 定典,10 百万円,,,,
2024-08-01,株式会社鳥取県倉吉自動車学校,その他・各種スクール,求人なし,鳥取県東伯郡北栄町西園866,1985,代表取締役 柴田 典子,26 百万円,,,,
2024-08-01,株式会社松江浜乃木自動車教習所,その他・各種スクール,求人なし,島根県松江市浜乃木3-5-2,1963,代表取締役 堰 大輔,10 百万円,,,,
2024-08-01,有限会社井上直美留学研究所,その他・各種スクール,求人なし,岡山県岡山市北区学南町1-9-25,2000,取締役 井上 直美,10 百万円,,,,
2024-08-01,株式会社旭東自動車教習所,その他・各種スクール,求人なし,岡山県瀬戸内市邑久町豆田1083,1964,代表取締役 内田 晴啓,10 百万円,,,,
2024-08-01,有限会社広島県府中自動車学校,その他・各種スクール,求人なし,広島県府中市土生町1488-1,1987,代表取締役 橋本 浩,10 百万円,,,,
2024-08-01,株式会社香川県中央自動車学校,その他・各種スクール,求人なし,香川県高松市東山崎町200-1,1964,代表取締役 三好 康治,12 百万円,,,,
2024-08-01,有限会社高知県宿毛自動車学校,その他・各種スクール,求人なし,高知県宿毛市和田1050,1965,代表取締役 安岡 壯,3 百万円,,,,
2024-08-01,株式会社九州不動産専門学院,その他・各種スクール,求人なし,福岡県福岡市中央区天神1-3-38天神121ビル 13Ｆ,1984,代表取締役 小菅 順子,10 百万円,,,,
2024-08-01,福岡県美容生活衛生同業組合,その他・各種スクール,求人なし,福岡県福岡市中央区荒戸2-3-12,1957,代表理事 井手口 宥公,1 百万円,,,,
2024-08-01,株式会社ＳＲＪ,その他・各種スクール,無,東京都中央区京橋3-12-7京橋山本ビル 9Ｆ,1998,代表取締役 堀川 直人,65 百万円,,,,■能力開発、英語学習プログラムの企画開発・販売およびキャリア教育普及事業 2023年11月doda掲載求人より引用
2024-08-01,株式会社ベネッセ・ベースコム,その他・各種スクール,1,岡山県岡山市北区南方3-7-17,2002,,20百万円,40.7,70,,■企業概要：ベネッセホールディングス１００％子会社である株式会社ベネッセ・ベースコムは、ベネッセグループを牽引する「教育事業」（進研模試や教材事業）の業務運営・管理を行っています。多くの協力会社とともに「安定したサービスの提供・品質向上・満足度向上」を効率的な業務運営で実現していきます。
2024-08-01,学校法人平成国際学園,学習塾・予備校・専門学校,求人なし,長崎県長崎市大黒町2-3,1999,理事長 中尾 勉,274 百万円,,,,
2024-08-01,株式会社シェーンコーポレーション,その他・各種スクール,求人なし,東京都千代田区内神田2-12-5内山ビル 7Ｆ,1983,代表取締役 石谷 雄也,90 百万円,,,,
2024-08-01,青山国際株式会社,その他・各種スクール,無,東京都港区南青山3-8-40青山センタービル 3Ｆ,1995,代表取締役 村上 誠,10 百万円,,,,
2024-08-01,有限会社創紀,学習塾・予備校・専門学校,求人なし,栃木県宇都宮市西川田6-4-8,1993,代表取締役 近藤 茂,8 百万円,,,,
2024-08-01,北海学園生活協同組合,その他・各種スクール,求人なし,北海道札幌市豊平区旭町4-1-40,1964,代表理事 佐藤 信,141 百万円,,,,
2024-08-01,社会福祉法人至誠会,その他・各種スクール,求人なし,東京都新宿区河田町10-13,1973,理事長 和田 惠美子,"1,109 百万円",,,,
2024-08-01,学校法人東京経済大学,その他・各種スクール,無,東京都国分寺市南町1-7-34,1902,理事長 菅原 寛貴,"32,999 百万円",,,,情報が古い可能性があります。最新の情報を確認する場合はHP等をご覧ください。 学校法人 2023年8月doda掲載求人より引用
2024-08-01,株式会社トランスワールド,その他・各種スクール,求人なし,東京都三鷹市牟礼4-12-10,1993,代表取締役 谷口 弓,10 百万円,,,,
2024-08-01,株式会社シマザキ,その他・各種スクール,求人なし,神奈川県横浜市港南区丸山台3-22-6,1972,代表取締役 島﨑 和男,10 百万円,,,,
2024-08-01,株式会社諏訪中央自動車学校,その他・各種スクール,求人なし,長野県諏訪市大字四賀558,1963,代表取締役 桑澤 一郎,60 百万円,,,,
2024-08-01,有限会社マイプラン,その他・各種スクール,無,兵庫県尼崎市富松町1-37-15エクセルコート3 201,1996,代表取締役 丹羽 眞生,3 百万円,,,,情報が古い可能性があります。最新の情報を確認する場合はHP等をご覧ください。 学習教材・テストの編集・制作◎取引先：塾教材・書店販売教材・学校直販教材・家庭学習用教材各出版社/模擬試験会社/一般書・実用書出版社 など 2022年2月doda掲載求人より引用
2024-08-01,株式会社ウエルネス,その他・各種スクール,求人なし,兵庫県尼崎市南塚口町1-12-8サウサービル402号,1985,代表取締役 西尾 謙一,16 百万円,,,,
2024-08-01,株式会社インタークロス,その他・各種スクール,求人なし,東京都台東区浅草6-36-6603,1991,代表取締役 栢野 克己,10 百万円,,,,
2024-08-01,株式会社ゼンシン,その他・各種スクール,求人なし,宮城県仙台市太白区長町5-1-15エイ・エヌステーションビル 5Ｆ,1996,代表取締役 前田 忠嗣,10 百万円,,,,
2024-08-01,株式会社ビジネス教育学会,その他・各種スクール,求人なし,東京都千代田区岩本町2-8-10神田永谷マンション 404,1967,代表取締役 中根 正和,22 百万円,,,,
2024-08-01,株式会社プレスト,その他・各種スクール,求人なし,東京都文京区小日向4-5-17ＳＴＫ茗荷谷 201,1994,代表取締役 山本 徹,10 百万円,,,,
2024-08-01,株式会社ワコーインターナショナル,その他・各種スクール,求人なし,東京都北区豊島1-34-5,1993,代表取締役 小野澤 実,49 百万円,,,,
2024-08-01,株式会社アニバーサリー,その他・各種スクール,求人なし,東京都渋谷区上原1-47-8藤本ビル 301,1990,代表取締役 山口 美緒,10 百万円,,,,
2024-08-01,株式会社ハル,その他・各種スクール,求人なし,東京都世田谷区北沢5-34-15シティライフ北沢 203,1992,代表取締役 中川 和世,10 百万円,,,,
2024-08-01,株式会社ソフィア,学習塾・予備校・専門学校,求人なし,東京都杉並区天沼3-1-1関根ビル 4Ｆ,1987,代表取締役 石井 信太郎,10 百万円,,,,
2024-08-01,株式会社グローバルウィザス,その他・各種スクール,求人なし,愛知県名古屋市中村区名駅3-28-12大名古屋ビルヂング,1986,代表取締役 鈴木 貴之,10 百万円,,,,
2024-08-01,学校法人上野学園,その他・各種スクール,求人なし,東京都台東区東上野4-24-12,1910,理事長 石橋 香苗,"7,737 百万円",,,,
2024-08-01,学校法人大阪学院大学,その他・各種スクール,求人なし,大阪府大阪市北区天神橋2-北1-2,1953,理事長 白井 善康,,,,,
2024-08-01,学校法人北海道科学大学,その他・各種スクール,無,北海道札幌市手稲区前田七条15-4-1,1951,理事長 苫米地 司,"42,515 百万円",,,,北海道科学大学・北海道科学大学高等学校・北海道自動車学校・北海道科学大学附属薬局【調剤薬局】の運営 2023年10月doda掲載求人より引用
2024-08-01,学校法人立命館,その他・各種スクール,求人なし,京都府京都市中京区西ノ京東栂尾町8,1913,理事長 森島 朋三,"308,155 百万円",,,,
2024-08-01,学校法人享栄学園,その他・各種スクール,求人なし,三重県鈴鹿市郡山町663-222,1944,理事長 市野 聖治,"11,373 百万円",,,,
2024-08-01,学校法人共栄学園,その他・各種スクール,求人なし,東京都葛飾区お花茶屋2-6-1,1942,理事長 岡野 貴樹,"17,260 百万円",,,,
2024-08-01,学校法人清泉女子大学,その他・各種スクール,求人なし,東京都品川区東五反田3-16-21,1973,理事長 杉山 晃,"10,470 百万円",,,,
2024-08-01,学校法人滝川学園,その他・各種スクール,求人なし,愛知県名古屋市西区笹塚町2-1,1966,理事長 滝川 嘉彦,"15,602 百万円",,,,
2024-08-01,学校法人中内学園,その他・各種スクール,無,兵庫県神戸市西区学園西町3-1,1988,理事長 中内 潤,"37,601 百万円",,,,■大学院■大学 2024年3月doda掲載求人より引用
2024-08-01,学校法人玉手山学園,その他・各種スクール,求人なし,大阪府柏原市旭ケ丘3-11-1,1951,理事長 江端 源治,"21,259 百万円",,,,
2024-08-01,学校法人関東学園,その他・各種スクール,求人なし,群馬県館林市大谷町625,1944,理事長 松平 正久,"19,616 百万円",,,,
2024-08-01,学校法人高野山学園,学習塾・予備校・専門学校,求人なし,和歌山県伊都郡高野町大字高野山385,1951,理事長 今川 泰伸,"8,959 百万円",,,,
2024-08-01,学校法人国際仏教学院,その他・各種スクール,求人なし,東京都文京区春日2-8-9,1995,理事長 落合 俊典,"19,741 百万円",,,,
2024-08-01,学校法人阪南大学,その他・各種スクール,求人なし,大阪府松原市天美東5-4-33,1941,理事長 神澤 正典,"48,124 百万円",,,,
2024-08-01,学校法人行吉学園,その他・各種スクール,求人なし,兵庫県神戸市中央区港島中町4-7-2,1946,理事長 行吉 宜孝,"34,111 百万円",,,,
2024-08-01,学校法人文理佐藤学園,その他・各種スクール,無,埼玉県所沢市泉町1806,1975,理事長 佐藤 英樹,"16,451 百万円",,,,
2024-08-01,学校法人相模女子大学,その他・各種スクール,無,神奈川県相模原市南区文京2-1-1,1911,,"13,268 百万円",,,,
2024-08-01,学校法人塚本学院,その他・各種スクール,求人なし,大阪府大阪市東住吉区矢田2-14-19,1946,理事長 塚本 邦彦,"115,457 百万円",,,,
2024-08-01,学校法人大同学園,その他・各種スクール,求人なし,愛知県名古屋市南区滝春町10-3,1939,理事長 武藤 大,"25,764 百万円",,,,
2024-08-01,学校法人東京純心女子学園,その他・各種スクール,求人なし,東京都八王子市滝山町2-600,1963,理事長 森山 叡子,"7,921 百万円",,,,
2024-08-01,学校法人福島学院,その他・各種スクール,求人なし,福島県福島市宮代字乳児池1-1,1951,理事長 櫻田 葉子,"6,190 百万円",,,,
2024-08-01,学校法人麻布獣医学園,その他・各種スクール,求人なし,神奈川県相模原市中央区淵野辺1-17-71,1951,理事長 浅利 昌男,"23,145 百万円",,,,
2024-08-01,学校法人成城学園,その他・各種スクール,無,東京都世田谷区成城6-1-20,1926,理事長 油井 雄二,"41,389 百万円",,,,
2024-08-01,学校法人帝塚山学園,その他・各種スクール,求人なし,奈良県奈良市学園南3-1-3,1941,理事長 冨岡 將人,"46,834 百万円",,,,
2024-08-01,学校法人京都外国語大学,学習塾・予備校・専門学校,求人なし,京都府京都市右京区西院笠目町6,1950,理事長 森 田嘉一,"21,371 百万円",,,,
2024-08-01,学校法人国立音楽大学,学習塾・予備校・専門学校,無,東京都立川市柏町5-5-1,1948,理事長 長尾 達則,"41,194 百万円",,,,
2024-08-01,学校法人駿河台大学,その他・各種スクール,求人なし,埼玉県飯能市大字阿須698,1990,理事長 入江 孝信,"31,571 百万円",,,,
2024-08-01,学校法人尚絅学園,その他・各種スクール,求人なし,熊本県熊本市中央区九品寺2-6-78,1912,理事長 秋岡 廣宣,"10,287 百万円",,,,
2024-08-01,学校法人帝塚山学院,その他・各種スクール,求人なし,大阪府大阪市住吉区帝塚山中3-10-51,1916,理事長 野村 正朗,"20,643 百万円",,,,
2024-08-01,学校法人東邦学園,学習塾・予備校・専門学校,求人なし,愛知県名古屋市名東区平和が丘3-11,1942,理事長 榊 直樹,"7,581 百万円",,,,
2024-08-01,株式会社アライブ,その他・各種スクール,求人なし,愛知県名古屋市熱田区田中町301,2001,代表取締役 田辺 博美,22 百万円,,,,
2024-08-01,有限会社マツウラ,学習塾・予備校・専門学校,無,滋賀県東近江市八日市本町475-1,1995,代表取締役 松浦 昭子,5 百万円,,,,
2024-08-01,有限会社クレイン,その他・各種スクール,求人なし,愛知県名古屋市中区千代田5-7-32,1992,取締役 奥村 ひとみ,3 百万円,,,,
2024-08-01,株式会社日本綜合経営協会,その他・各種スクール,求人なし,大阪府大阪市北区野崎町6-7大阪北野ビル 8Ｆ,1977,代表取締役 野口 博睦,10 百万円,,,,
2024-08-01,株式会社ナカノ,その他・各種スクール,求人なし,愛知県名古屋市北区如来町11,1994,代表取締役 中野 眞人,10 百万円,,,,
2024-08-01,株式会社ＡＩＥ,その他・各種スクール,求人なし,兵庫県神戸市東灘区御影2-2-12,1993,代表取締役 橋本 隆志,10 百万円,,,,
2024-08-01,株式会社旭屋,学習塾・予備校・専門学校,求人なし,愛知県知立市中山町中山47,1976,代表取締役 永井 翔太,4 百万円,,,,
2024-08-01,株式会社夢工場,その他・各種スクール,求人なし,大阪府吹田市五月が丘北3-15グリーンプラザ 201,1990,代表取締役 田中 正起,10 百万円,,,,
2024-08-01,株式会社湖月堂,学習塾・予備校・専門学校,求人なし,大阪府東大阪市小阪本町1-3-2小阪本町ビル 1Ｆ,1949,代表取締役 松本 照子,10 百万円,,,,
2024-08-01,株式会社湘南幼児学園,その他・各種スクール,求人なし,神奈川県茅ヶ崎市汐見台3-15,2017,代表取締役 志熊 かおり,10 百万円,,,,
2024-08-01,株式会社春日部自動車教習所,学習塾・予備校・専門学校,求人なし,埼玉県春日部市小渕2095,1964,代表取締役 斎藤 久雄,10 百万円,,,,
2024-08-01,有限会社川越自動車学校,その他・各種スクール,求人なし,埼玉県川越市野田町2-20-50,1964,代表取締役社長 横塚 元樹,3 百万円,,,,
2024-08-01,株式会社アポロ企画,その他・各種スクール,求人なし,東京都清瀬市松山1-8-9,1985,代表取締役 木村 明平,10 百万円,,,,
2024-08-01,学校法人静岡自動車学園,その他・各種スクール,無,静岡県静岡市葵区宮前町71-1,1990,理事長 平井 一史,"9,038 百万円",,,,■専門学校・自動車学校の運営 2024年5月doda掲載求人より引用
2024-08-01,株式会社静岡朝日テレビカルチャー,その他・各種スクール,求人なし,静岡県静岡市葵区鷹匠1-1-1新静岡セノバ 5Ｆ,1978,代表取締役 伊藤 将,42 百万円,,,,
2024-08-01,株式会社アルツトハンス,学習塾・予備校・専門学校,求人なし,広島県広島市南区皆実町1-13-27第一Ｎビル,1985,代表取締役 長井弘一郎,24 百万円,,,,
2024-08-01,株式会社白石学習院,学習塾・予備校・専門学校,求人なし,広島県広島市南区東雲3-15-49,1981,代表取締役 永田 英樹,10 百万円,,,,
2024-08-01,株式会社早稲田自動車学園,その他・各種スクール,求人なし,広島県広島市西区井口1-3-20,1981,代表取締役 早稲田 須美子,52 百万円,,,,
2024-08-01,株式会社インターナショナルアカデミー,その他・各種スクール,求人なし,北海道札幌市中央区南一条西4-13,1971,代表取締役 対木 正文,20 百万円,,,,
2024-08-01,有限会社ワン・ジェイ,学習塾・予備校・専門学校,求人なし,埼玉県入間市豊岡1-3-5,2001,取締役 吉野 幸雄,3 百万円,,,,
2024-08-01,株式会社アイエスエイ,その他・各種スクール,求人なし,千葉県千葉市花見川区花園1-14-3ＩＳＡ新検見川ビル,1981,代表取締役 石井 康弘,10 百万円,,,,
2024-08-01,株式会社岩倉自動車教習所,その他・各種スクール,無,京都府京都市左京区岩倉幡枝町410,1964,代表取締役 駒垣 裕澄,30 百万円,,,,
2024-08-01,株式会社サウンドビュー,その他・各種スクール,求人なし,千葉県市川市八幡1-3-1,1998,代表取締役 大嶋 桂子,20 百万円,,,,
2024-08-01,有限会社立川美術学院,学習塾・予備校・専門学校,求人なし,東京都立川市錦町1-5-17,1980,代表取締役 都守 郊介,5 百万円,,,,
2024-08-01,株式会社マイク英会話学院,その他・各種スクール,求人なし,東京都多摩市関戸1-11-7グリービル 701,1985,代表取締役 西田 淳也,10 百万円,,,,
2024-08-01,有限会社日本リプレース,その他・各種スクール,求人なし,東京都立川市錦町2-1-32山崎ビル 113,2001,代表取締役 山﨑 岳士,3 百万円,,,,
2024-08-01,株式会社ウィズチャイルド,その他・各種スクール,求人なし,東京都多摩市関戸1-1-5ザ・スクエア Ｅ5,2001,代表取締役 田中 鉄太郎,3 百万円,,,,
2024-08-01,三栄興業株式会社,その他・各種スクール,無,神奈川県横浜市港北区日吉6-13-3,1963,代表取締役 後藤 博之,10 百万円,,,,
2024-08-01,学校法人芝学園,学習塾・予備校・専門学校,求人なし,東京都港区芝公園3-5-37,1953,理事長 小林 正道,"4,414 百万円",,,,
2024-08-01,有限会社ノースウッド,その他・各種スクール,求人なし,兵庫県たつの市龍野町北龍野415,1998,代表取締役 北林 豊比古,3 百万円,,,,
2024-08-01,株式会社厚木楽器,その他・各種スクール,求人なし,神奈川県厚木市寿町3-12-12,1968,代表取締役 万年 佐和子,33 百万円,,,,
2024-08-01,株式会社マザーグース,その他・各種スクール,求人なし,神奈川県茅ヶ崎市美住町2-10,1998,代表取締役 柴崎 賢一,3 百万円,,,,
2024-08-01,株式会社ゆうネット弘前,学習塾・予備校・専門学校,求人なし,青森県弘前市大字駒越町7,1983,代表取締役 清藤 洋介,10 百万円,,,,
2024-08-01,学校法人城山学院,その他・各種スクール,求人なし,愛知県名古屋市千種区城山新町2-71,1977,理事長 大越 壽子,741 百万円,,,,
2024-08-01,株式会社キャドフォーラム,その他・各種スクール,求人なし,愛知県名古屋市中区千代田5-20-10,1997,代表取締役 天池 鉱一,10 百万円,,,,
2024-08-01,有限会社天陽,その他・各種スクール,求人なし,愛知県春日井市西高山町3-1-24ビレッヂ21－105,1999,代表取締役 北村 実,3 百万円,,,,
2024-08-01,有限会社元気プランニング,その他・各種スクール,求人なし,愛知県岡崎市橋目町字阿知賀21,1999,取締役 小林 大祐,3 百万円,,,,
2024-08-01,株式会社ジェイアイコーポレーション,その他・各種スクール,求人なし,愛知県名古屋市東区泉1-23-37パシフィックカレッジビル 6Ｄ,1999,代表取締役 永井 宗,50 百万円,,,,
2024-08-01,有限会社依田フラメンコ,その他・各種スクール,求人なし,愛知県名古屋市名東区よもぎ台3-804,,,,,,,
2024-08-01,学校法人スミレ・アカデミー,その他・各種スクール,求人なし,兵庫県神戸市中央区古湊通1-2-2,1998,理事長 前田 章,832 百万円,,,,
2024-08-01,株式会社ヒューマン教育ネット,その他・各種スクール,求人なし,愛知県名古屋市千種区今池1-2-5プラザフェニックス村松苑村松苑ビル 301,2000,代表取締役 太田 照子,10 百万円,,,,
2024-08-01,有限会社ヒロ・コーポレーション,その他・各種スクール,無,三重県松阪市大平尾町408-1,1994,代表取締役 小島 久美子,3 百万円,,,,
2024-08-01,有限会社伸輝エンタープライズ,学習塾・予備校・専門学校,無,愛知県豊田市市木町谷耳太44-2,2001,代表取締役 河内 伸介,10 百万円,,,,
2024-08-01,有限会社トミー,学習塾・予備校・専門学校,求人なし,愛知県名古屋市昭和区桜山町4-74,2001,代表取締役 富永 浩資,3 百万円,,,,
2024-08-01,株式会社福岡市自動車学校,その他・各種スクール,求人なし,福岡県福岡市東区下原5-884,1968,代表取締役 井上 博行,5 百万円,,,,
2024-08-01,学校法人藤川学園,学習塾・予備校・専門学校,無,福岡県福岡市博多区博多駅前3-29-8,2000,理事長 藤川 正幸,,,,,
2024-08-01,株式会社リトル・アメリカ,学習塾・予備校・専門学校,求人なし,福岡県福岡市中央区小笹3-6-21,1989,代表取締役 内田 壮平,10 百万円,,,,
2024-08-01,株式会社甲風画苑,その他・各種スクール,求人なし,兵庫県西宮市甲風園1-7-8,1977,,10 百万円,,,,
2024-08-01,株式会社玉扇グローバル,その他・各種スクール,無,長野県伊那市坂下3295,2001,代表取締役 中村 三枝子,46 百万円,,,,情報が古い可能性があります。最新の情報を確認する場合はHP等をご覧ください。 ■フィットネスクラブ「カーブス」「メンズ・カーブス」の運営■語学スクール「NOVA」の運営■飲食店の運営 2022年7月doda掲載求人より引用
2024-08-01,株式会社ハマＩＮ自動車学校,その他・各種スクール,求人なし,静岡県湖西市新居町中之郷2350,1968,代表取締役 小川 清史,45 百万円,,,,
2024-08-01,学校法人山脇服飾美術学院,学習塾・予備校・専門学校,求人なし,東京都千代田区九段南4-8-21山脇ビル,1947,理事長 清水 カツ子,"3,254 百万円",,,,
2024-08-01,プロメトリック株式会社,その他・各種スクール,無,東京都新宿区西新宿3-3-13西新宿水間ビル6Ｆ,1991,代表取締役 ジェームズ・ヘーゲンブッシャー,160 百万円,,,,
2024-08-01,株式会社エヌ・アイ・シー・ジャパン,その他・各種スクール,求人なし,東京都新宿区新宿5-9-16,1987,代表取締役 永井 潔,99 百万円,,,,
2024-08-01,有限会社Ａ１パソコン寺子屋,その他・各種スクール,求人なし,岐阜県岐阜市加納本石町3-7テイクオフビル3小個室1,2001,取締役 横尾 和泰,3 百万円,,,,
2024-08-01,株式会社岡崎南自動車学校,その他・各種スクール,無,愛知県岡崎市針崎1-1-1,1959,代表取締役 加藤 進,10 百万円,,,,情報が古い可能性があります。最新の情報を確認する場合はHP等をご覧ください。 ◆自動車教習所事業 2022年5月doda掲載求人より引用
2024-08-01,株式会社公文エルアイエル,その他・各種スクール,無,大阪府大阪市淀川区西中島5-6-6公文教育会館,1996,代表取締役 津田 美衣子,50 百万円,,,,
2024-08-01,株式会社リエゾンドライビングスクール,その他・各種スクール,求人なし,兵庫県神戸市東灘区向洋町東4-2,1987,代表取締役 田部 秀樹,25 百万円,,,,
2024-08-01,セントラル・フォーラム株式会社,学習塾・予備校・専門学校,求人なし,大阪府大阪市中央区松屋町住吉6-16,1951,代表取締役 森岡 俊行,30 百万円,,,,
2024-08-01,株式会社都島学園,その他・各種スクール,求人なし,大阪府大阪市都島区都島中通1-14-15,1962,代表取締役 髙士 雅次,10 百万円,,,,
2024-08-01,学校法人アソカ学園,その他・各種スクール,求人なし,北海道恵庭市南島松27,1984,理事長 野口 宗英,54 百万円,,,,
2024-08-01,株式会社ムジコ・クリエイト,その他・各種スクール,求人なし,青森県弘前市大字和泉1-3-1,1986,代表取締役 新戸部 洋輔,50 百万円,,,,
2024-08-01,学校法人明倫館,学習塾・予備校・専門学校,求人なし,青森県八戸市大字廿三日町11,1986,理事長 吉田 誠夫,585 百万円,,,,
2024-08-01,株式会社瑞穂,その他・各種スクール,求人なし,宮城県仙台市若林区大和町5-6-33,1989,代表取締役 高橋 政志,10 百万円,,,,
2024-08-01,学校法人瓶井学園,学習塾・予備校・専門学校,求人なし,大阪府大阪市東淀川区大隅1-1-25,1983,理事長 瓶井 剛,314 百万円,,,,
2024-08-01,有限会社アール・アンド・ユーソフトサービス,その他・各種スクール,求人なし,大阪府大阪市中央区材木町3-14,1997,取締役 川田 玲子,3 百万円,,,,
2024-08-01,学校法人大阪夕陽丘学園,その他・各種スクール,求人なし,大阪府大阪市天王寺区生玉寺町7-72,1947,理事長 山田 清,"3,056 百万円",,,,
2024-08-01,学校法人椿本学園,学習塾・予備校・専門学校,求人なし,大阪府大阪市天王寺区大道1-12-6,1948,理事長 椿本 雅朗,,,,,
2024-08-01,株式会社小山中央自動車学校,その他・各種スクール,求人なし,栃木県小山市城山町2-12-25,1972,代表取締役 塚田 錦治,24 百万円,,,,
2024-08-01,クリエイト研究会株式会社,学習塾・予備校・専門学校,求人なし,大阪府茨木市別院町4-20中村ビル,1993,代表取締役 白石 栄紀,10 百万円,,,,
2024-08-01,株式会社東進学教室,その他・各種スクール,求人なし,群馬県前橋市若宮町4-2-22,1986,代表取締役 宇尾野 尚弘,25 百万円,,,,
2024-08-01,株式会社公文公教育研究所,学習塾・予備校・専門学校,求人なし,大阪府豊中市東豊中町4-17-3,2000,代表取締役 紙西 英利,50 百万円,,,,
2024-08-01,有限会社グッドスピード,その他・各種スクール,求人なし,大阪府大阪市浪速区難波中1-6-1タケダビル 3Ｆ,2001,代表取締役 杉本 豊,3 百万円,,,,
2024-08-01,学校法人北陸学院,その他・各種スクール,求人なし,石川県金沢市三小牛町イ11,1937,理事長 楠本 史郎,"4,219 百万円",,,,
2024-08-01,株式会社埼玉ワンダー社,その他・各種スクール,無,埼玉県さいたま市浦和区高砂4-13-18埼佛会館 1Ｆ,1988,代表取締役 田中 寛明,10 百万円,,,,
2024-08-01,株式会社ソフト・リサーチ・センター,その他・各種スクール,求人なし,埼玉県さいたま市大宮区寿能町1-107,1982,代表取締役 南 史郎,20 百万円,,,,
2024-08-01,株式会社後藤塾,学習塾・予備校・専門学校,求人なし,香川県坂出市福江町2-6-11,2008,代表取締役 後藤和昌,5 百万円,,,,
2024-08-01,一般財団法人埼玉県交通教育協会,学習塾・予備校・専門学校,求人なし,埼玉県さいたま市北区植竹町2-2,1950,代表理事 金子 展明,,,,,
2024-08-01,学校法人聖心学園,その他・各種スクール,求人なし,奈良県橿原市久米町222,1967,理事長 平田 静太朗,"11,370 百万円",,,,
2024-08-01,有限会社中神和裁,その他・各種スクール,求人なし,徳島県徳島市北山町岩崎11-10,1985,代表取締役 中神 天秀,3 百万円,,,,
2024-08-01,一般財団法人千葉県自動車練習所,その他・各種スクール,求人なし,千葉県千葉市若葉区坂月町308,1949,代表理事 飯田 剛士,,,,,
2024-08-01,株式会社イースタンドライビングスクール,学習塾・予備校・専門学校,無,千葉県千葉市緑区平川町1614-1,1989,代表取締役 片岡 達也,20 百万円,,,,■千葉県公安委員会指定自動車教習所の運営・教習業務（普通自動車）・講習（高齢者講習・取得時講習）・ペーパードライバー教育■会員制テニスクラブの運営 2024年2月doda掲載求人より引用
2024-08-01,学校法人明徳学園,その他・各種スクール,求人なし,京都府京都市西京区大枝東長町3-1,1948,理事長 川口 博,"15,457 百万円",,,,
2024-08-01,株式会社流山自動車学校,その他・各種スクール,求人なし,千葉県流山市西初石5-44-12,1982,代表取締役 黒井 重治,10 百万円,,,,
2024-08-01,社会福祉法人梁和会,その他・各種スクール,求人なし,岡山県高梁市下町134,1976,理事長 安原 隆資,547 百万円,,,,
2024-08-01,学校法人ベル学園,学習塾・予備校・専門学校,求人なし,岡山県岡山市中区門田屋敷3-5-18,1927,理事長 大橋 節子,"1,244 百万円",,,,
2024-08-01,有限会社アシスト,学習塾・予備校・専門学校,求人なし,岡山県倉敷市玉島爪崎608-2Ａ102,2001,代表取締役 伊藤 優,10 百万円,,,,
2024-08-01,協同組合日本シナリオ作家協会,その他・各種スクール,求人なし,東京都中央区日本橋人形町2-34-5,1965,代表理事 佐伯 俊道,,,,,
2024-08-01,ジェイピーエヌ株式会社,その他・各種スクール,求人なし,東京都新宿区上落合1-16-7エヌケイビル 8Ｆ,1993,代表取締役 須賀 正浩,19 百万円,,,,
2024-08-01,株式会社東京国際日本語学院,その他・各種スクール,求人なし,東京都新宿区新宿2-13-6光亜ビル 3Ｆ,1985,代表取締役 横小路 喜代仁,10 百万円,,,,
2024-08-01,学校法人高山学園,学習塾・予備校・専門学校,無,東京都新宿区市谷本村町2-31高山美容専門学校内,1951,理事長 高山 輝久,893 百万円,,,,情報が古い可能性があります。最新の情報を確認する場合はHP等をご覧ください。 ■美容師養成の専門学校の運営 2022年11月doda掲載求人より引用
2024-08-01,学校法人湖南学園,その他・各種スクール,求人なし,東京都新宿区高田馬場1-24-13,1979,理事長 小山 敬,,,,,
2024-08-01,株式会社ヴォーグ学園,その他・各種スクール,無,東京都千代田区神田三崎町1-3-12水道橋ビル 7Ｆ,1987,代表取締役 冠 達実,30 百万円,,,,"情報が古い可能性があります。最新の情報を確認する場合はHP等をご覧ください。 1971年、ヴォーグ編み物指導者養成校として開校以来、50年間ハンドメイドを中心に講座展開をしております。現在は、「ハンドメイド」を学び・楽しむカルチャースクールとして、5校で9,000名の方が在籍しております。（2021年12月現在）今後も日本ヴォーグ社グループの一員として、ハンドメイドを学び・楽しむ場を提供し、お客様満足を高め、ハンドメイドの素晴らしさをお伝えしていきたいと考えております。 2021年12月doda掲載求人より引用"
2024-08-01,学校法人エンゼル学園,その他・各種スクール,求人なし,愛媛県伊予郡松前町大字西古泉559,1977,理事長 勝見 安美,316 百万円,,,,
2024-08-01,株式会社ジーファイブ,学習塾・予備校・専門学校,求人なし,愛媛県松山市平井町1426-2,2000,代表取締役 森 章,26 百万円,,,,
2024-08-01,株式会社修明,学習塾・予備校・専門学校,無,東京都台東区柳橋1-26-3第2戸谷ビル,1978,代表取締役 上谷 修一郎,30 百万円,,,,■セキュリティ事業部（東京都公安委員会認定第30002908号）■教育事業部（塾・予備校・家庭教師・翻訳）・修明塾（浅草橋教室・高砂教室）・幼児英才教室・ロボット教室・こどもプログラミング教室・ことばの学校・英語YOM-TOX■シニアライフ事業部 2024年3月doda掲載求人より引用
2024-08-01,株式会社富士学院,その他・各種スクール,無,福岡県福岡市博多区博多駅南3-2-1,1995,代表取締役 坂本 友寛,50 百万円,,,,【医学部専門の予備校の運営】教育理念に「教え育む」を掲げ、医学部合格が目標ではなく、その先の良医を目指した指導や応援を一貫して行っています。 2024年4月doda掲載求人より引用
2024-08-01,株式会社ガクジュツ,学習塾・予備校・専門学校,求人なし,福岡県福岡市中央区天神3-16-24ハーツ天神 6Ｆ,2000,代表取締役 中村 信二,15 百万円,,,,
2024-08-01,株式会社婦人生活目黒学園,その他・各種スクール,求人なし,東京都品川区上大崎2-16-9,1967,代表取締役 西澤 明夫,80 百万円,,,,
2024-08-01,株式会社富士進学塾,学習塾・予備校・専門学校,求人なし,福岡県福岡市博多区博多駅南3-2-1,2013,代表取締役 坂本 友寛,9 百万円,,,,
2024-08-01,有限会社インター・エド,その他・各種スクール,求人なし,東京都目黒区八雲1-3-1ラフカディオビル 2Ｆ,1982,代表取締役 シュトライト ヨハン,3 百万円,,,,
2024-08-01,株式会社サンパレス,その他・各種スクール,求人なし,東京都大田区西蒲田7-12-10サンパレス花園 301,1980,代表取締役 吉川 武夫,10 百万円,,,,
2024-08-01,株式会社パシフィック・イングリッシュ,その他・各種スクール,求人なし,大分県大分市王子町4-4,1999,代表取締役 原 稔,3 百万円,,,,
2024-08-01,株式会社宮崎ドライビングスクール,その他・各種スクール,求人なし,宮崎県宮崎市大字本郷北方2220,1976,代表取締役 服部 幸雄,10 百万円,,,,
2024-08-01,学校法人ゆかり文化幼稚園,その他・各種スクール,求人なし,東京都世田谷区砧7-15-14,1951,理事長 藤田 厚生,533 百万円,,,,
2024-08-01,秀栄ウェルネス株式会社,その他・各種スクール,求人なし,東京都世田谷区上用賀3-9-21,1973,代表取締役 飯田 恭次,10 百万円,,,,
2024-08-01,宗教法人玉川寺,その他・各種スクール,求人なし,東京都世田谷区瀬田4-12-4,1952,代表役員 池田 順覚,,,,,
2024-08-01,学校法人南学園,その他・各種スクール,求人なし,鹿児島県鹿児島市田上8-21-3,1971,理事長 南 正義,"2,264 百万円",,,,
2024-08-01,株式会社日本技術情報センター,その他・各種スクール,求人なし,東京都渋谷区幡ヶ谷2-8-10204,,企画統括責任者 吉田 賢,,,,,
2024-08-01,有限会社欧日協会ドイツ語ゼミナール,その他・各種スクール,求人なし,東京都渋谷区桜丘町4-23,1975,取締役 土田 善則,10 百万円,,,,
2024-08-01,学校法人保善寺学園,その他・各種スクール,求人なし,東京都中野区上高田1-31-2,1983,理事長 小川 駿,,,,,
2024-08-01,株式会社マミーズエンジェル,その他・各種スクール,求人なし,東京都渋谷区渋谷1-14-14植村会館ビル 4Ｆ,2002,代表取締役 小川 博,42 百万円,,,,
2024-08-01,株式会社ネス・コーポレーション,その他・各種スクール,求人なし,東京都渋谷区神宮前6-16-18サンドー原宿ビル 3Ｆ,2002,代表取締役 須藤 義一,98 百万円,,,,
2024-08-01,有限会社ハース,その他・各種スクール,無,東京都豊島区東池袋1-15-3アークランドビル 7Ｆ,1993,取締役 諸田 俊明,4 百万円,,,,
2024-08-01,有限会社アルファプラス,学習塾・予備校・専門学校,求人なし,北海道札幌市中央区南十四条西17-2-1第3熊谷ビル 2Ｆ,2002,代表取締役 岩見 正司,4 百万円,,,,
2024-08-01,学校法人国際文化アカデミー,学習塾・予備校・専門学校,求人なし,東京都豊島区巣鴨3-2-12,1987,理事長 光山 清秀,"1,568 百万円",,,,
2024-08-01,株式会社ハクビ,その他・各種スクール,求人なし,東京都豊島区巣鴨2-11-1ホウライ巣鴨ビル 3Ｆ,1971,代表取締役 柳生 哲郎,100 百万円,,,,
2024-08-01,株式会社スポーツ文化,その他・各種スクール,求人なし,東京都北区滝野川6-84-10,1976,代表取締役 小暮 勇男,10 百万円,,,,
2024-08-01,株式会社プラクティス,学習塾・予備校・専門学校,求人なし,東京都足立区新田3-34-5,1992,代表取締役 野左近 勇蔵,10 百万円,,,,
2024-08-01,学校法人川島学園,学習塾・予備校・専門学校,求人なし,東京都北区赤羽台2-1,1970,理事長 川島 秀二,378 百万円,,,,
2024-08-01,株式会社キャタル,その他・各種スクール,求人なし,東京都渋谷区神宮前6-19-21ＢＣＧ神宮前ＰＲＯＰＥＲＴＹ 8Ｆ,2002,代表取締役 三石 郷史,10 百万円,,,,
2024-08-01,株式会社京葉学院,その他・各種スクール,無,千葉県千葉市中央区新千葉2-8-7,2002,代表取締役 望月將史,50 百万円,,,,情報が古い可能性があります。最新の情報を確認する場合はHP等をご覧ください。 進学塾の運営 2022年10月doda掲載求人より引用
2024-08-01,株式会社直進舎,その他・各種スクール,求人なし,神奈川県横浜市中区山下町106-3ラポール元町 302,1994,代表取締役 大岡 史直,10 百万円,,,,
2024-08-01,学校法人みのり幼稚園,その他・各種スクール,求人なし,東京都練馬区羽沢1-8-10,1957,理事長 濱田 実,241 百万円,,,,
2024-08-01,有限会社ピーエスクリック,その他・各種スクール,求人なし,神奈川県横浜市青葉区市ケ尾町1062-1ローゼ市が尾 603,2002,代表取締役 井手 正人,3 百万円,,,,
2024-08-01,株式会社大泉自動車教習所,学習塾・予備校・専門学校,求人なし,東京都練馬区東大泉6-34-1,1963,代表取締役 加藤 浩一,10 百万円,,,,
2024-08-01,学校法人寿福寺学園,その他・各種スクール,求人なし,東京都練馬区春日町3-14-24,1987,理事長 髙山 久照,"1,178 百万円",,,,
2024-08-01,学校法人黒川学院,その他・各種スクール,求人なし,東京都足立区辰沼2-5-3,1977,理事長 黒川 昌亮,,,,,
2024-08-01,株式会社足立自動車学校,その他・各種スクール,求人なし,東京都足立区東六月町3-1,1971,代表取締役 佐藤 章英,20 百万円,,,,
2024-08-01,有限会社ウエル学院,学習塾・予備校・専門学校,求人なし,東京都墨田区東向島6-5-9,1990,代表取締役 平野 雅春,3 百万円,,,,
2024-08-01,株式会社ヴルーメン,その他・各種スクール,求人なし,大阪府大阪市中央区西心斎橋2-2-7,1993,代表取締役 江口正峰,30 百万円,,,,
2024-08-01,有限会社ドレミ,その他・各種スクール,求人なし,大阪府大阪市中央区島之内1-21-23大起興産長堀橋ビル,2005,取締役 松原 英司,3 百万円,,,,
2024-08-01,株式会社キンダーキッズ,その他・各種スクール,無,大阪府大阪市北区池田町3-1ぷらら天満ビル 2Ｆ,2000,代表取締役 中山 貴美子,20 百万円,,,,情報が古い可能性があります。最新の情報を確認する場合はHP等をご覧ください。 ■英語保育施設『キンダーキッズインターナショナルスクール』の運営■オンラインレッスンのよる英会話スクールの展開 2023年8月doda掲載求人より引用
2024-08-01,学校法人平成医療学園,学習塾・予備校・専門学校,無,大阪府大阪市北区豊崎7-7-17,2001,理事長 岸野 雅方,"5,923 百万円",,,,■大学・専門学校の運営＜設置校＞・宝塚医療大学・平成医療学園専門学校・横浜医療専門学校・なにわ歯科衛生専門学校・名古屋平成看護医療専門学校・日本総合医療専門学校・福島医療専門学校 2024年5月doda掲載求人より引用
2024-08-01,学校法人上平井幼稚園,その他・各種スクール,求人なし,東京都葛飾区東新小岩5-11-15,1952,理事長 増田 英明,703 百万円,,,,
2024-08-01,林田化工株式会社,その他・各種スクール,求人なし,兵庫県神戸市長田区二葉町4-4-5林田第1ビル 1Ｆ,1949,代表取締役 中山 裕將,10 百万円,,,,
2024-08-01,宗教法人安養寺,その他・各種スクール,求人なし,東京都江戸川区平井6-53-1,1953,代表役員 秋山 秀阿,,,,,
2024-08-01,学校法人亀井学園,その他・各種スクール,求人なし,東京都江戸川区清新町1-4-17,1983,理事長 亀井 利雄,"8,002 百万円",,,,
2024-08-01,株式会社チャイルドタイム,その他・各種スクール,求人なし,東京都八王子市明神町4-7-3やまとビル 6Ｆ,1991,代表取締役 滝瀬 雅子,10 百万円,,,,
2024-08-01,学校法人時習学館,その他・各種スクール,求人なし,福岡県福岡市南区大橋4-13-27,1997,理事長 菊地 和朗,236 百万円,,,,
2024-08-01,株式会社個別指導塾スタンダード,学習塾・予備校・専門学校,無,福岡県福岡市博多区綱場町6-15,2002,代表取締役 吉田 知明,10 百万円,,,,
2024-08-01,株式会社キッズ・プランニング,その他・各種スクール,求人なし,福岡県福岡市中央区渡辺通4-1-363Ｆ,2002,代表取締役 藤嶋 佳子,3 百万円,,,,
2024-08-01,学校法人国際経営学園,学習塾・予備校・専門学校,求人なし,東京都八王子市子安町1-11-14,1985,理事長 柏 正美,,,,,
2024-08-01,株式会社エッセンス,その他・各種スクール,求人なし,東京都武蔵野市吉祥寺本町1-11-21,1959,代表取締役 中村 紳一郎,10 百万円,,,,
2024-08-01,有限会社吉祥寺日本語学園,その他・各種スクール,求人なし,東京都武蔵野市吉祥寺南町2-3-15バローレ吉祥寺1ビル 701,1990,取締役 川原 盛和,10 百万円,,,,
2024-08-01,学校法人山縣学園,その他・各種スクール,求人なし,東京都府中市西原町3-3-4,1983,理事長 山縣 宏寿,,,,,
2024-08-01,有限会社アクティブケイ,その他・各種スクール,求人なし,東京都昭島市昭和町2-3-3ＭＳビル 2Ｆ,1996,取締役 平山 清彦,3 百万円,,,,
2024-08-01,株式会社むさし小金井自動車教習所,その他・各種スクール,求人なし,東京都小金井市緑町1-3-26,1958,代表取締役 山中 重孝,10 百万円,,,,
2024-08-01,株式会社新東京自動車教習所,その他・各種スクール,求人なし,東京都小平市小川町1-2364,1970,代表取締役 関口 元久,50 百万円,,,,
2024-08-01,株式会社マジオネット多摩,その他・各種スクール,無,東京都日野市百草188,1966,代表取締役 松本 義弘,40 百万円,,,,情報が古い可能性があります。最新の情報を確認する場合はHP等をご覧ください。 ■自動車教習所の運営（東京都公安委員会指定自動車教習所／東京都指定自動車教習所公正取引協議会加盟）■ワークライセンス事業（労働局長登録教習機関）■保育事業（認可、認証保育園）■児童教育（松陰塾 BE studio）■シニア向け弁当宅配サービス 2022年10月doda掲載求人より引用
2024-08-01,学校法人清瀬学園,その他・各種スクール,求人なし,東京都清瀬市上清戸2-5-43,1979,理事長 中村 清治,,,,,
2024-08-01,株式会社東久留米自動車教習所,学習塾・予備校・専門学校,求人なし,東京都東久留米市本町1-16-45,1965,代表取締役 神藤 栄一,10 百万円,,,,
2024-08-01,株式会社登臨,学習塾・予備校・専門学校,求人なし,神奈川県相模原市中央区共和1-7-15,1990,代表取締役 高橋 正利,30 百万円,,,,
2024-08-01,株式会社ダッシュ,その他・各種スクール,求人なし,新潟県新潟市西区寺尾東2-9-18,1983,代表取締役 桑原 進,20 百万円,,,,
2024-08-01,株式会社岐阜新聞情報センター,その他・各種スクール,無,岐阜県岐阜市今沢町12,1970,代表取締役 廣瀬 博之,10 百万円,,,,情報が古い可能性があります。最新の情報を確認する場合はHP等をご覧ください。 ■岐阜新聞・中学3年学力テスト■高校入試受験対策問題集発行■漢字能力検定 試験岐阜県代理店 2022年4月doda掲載求人より引用
2024-08-01,株式会社静岡県中央自動車学校,その他・各種スクール,求人なし,静岡県富士市入山瀬4-1-7,2011,代表取締役 都築 明光,10 百万円,,,,
2024-08-01,有限会社焼津自動車学校,その他・各種スクール,求人なし,静岡県焼津市三右衛門新田471,1970,取締役 松下 克己,3 百万円,,,,
2024-08-01,学校法人河合塾学園,その他・各種スクール,無,愛知県名古屋市千種区今池2-1-10,1978,理事長 河合 英樹,"20,292 百万円",,,,■専門学校教育事業の運営・展開学校法人河合塾のグループ法人である河合塾学園・専門学校トライデント。中部東海地区を代表する総合専門学校カレッジ（姉妹校3校）です。 2023年10月doda掲載求人より引用
2024-08-01,株式会社中京自動車学校,教育業界,無,愛知県名古屋市西区山田町大字上小田井字東古川3101,1978,代表取締役 任 朋彦,10 百万円,,,,情報が古い可能性があります。最新の情報を確認する場合はHP等をご覧ください。 【自動車学校運営(愛知県公安委員会の指定教習所)】◆普通自動車・普通自動二輪車・大型自動二輪車の免許取得の技能および学科教習◆法人向けの安全運転研修の実施 2023年6月doda掲載求人より引用
2024-08-01,株式会社神田塾,その他・各種スクール,求人なし,愛知県津島市唐臼町柳原75,1987,代表取締役 神田 隆巳,10 百万円,,,,
2024-08-01,株式会社安城スイミングスクール,その他・各種スクール,求人なし,愛知県安城市日の出町6-18,1979,代表取締役 待田 憲幸,10 百万円,,,,
2024-08-01,有限会社高根塾,その他・各種スクール,求人なし,愛知県小牧市高根3-72,1990,代表取締役 吉田 泰二,3 百万円,,,,
2024-08-01,株式会社教育サプライ,その他・各種スクール,求人なし,三重県四日市市桜台1-34-1,1994,代表取締役 福士 英実,70 百万円,,,,
2024-08-01,株式会社八日市自動車教習所,その他・各種スクール,求人なし,滋賀県東近江市妙法寺町1101-29,1976,代表取締役 小西 聡,35 百万円,,,,
2024-08-01,学校法人湊学院,その他・各種スクール,求人なし,大阪府堺市堺区東湊町1-59-1,1953,理事長 桐山 博,315 百万円,,,,
2024-08-01,株式会社エクセル新関西,学習塾・予備校・専門学校,求人なし,大阪府泉佐野市長滝3372-2,1989,代表取締役 坂井 陽三,10 百万円,,,,
2024-08-01,株式会社尾崎スイミングスクール,その他・各種スクール,無,大阪府阪南市尾崎町5-31-18,1980,代表取締役 佐々木 伸介,30 百万円,,,,情報が古い可能性があります。最新の情報を確認する場合はHP等をご覧ください。 ■スポーツ施設の運営及び指導受託業務■指導員の育成・人材養成■経営・施設・指導等のコンサルティング 2023年2月doda掲載求人より引用
2024-08-01,株式会社甲子園学習塾,学習塾・予備校・専門学校,求人なし,兵庫県尼崎市大庄北4-8-8,1980,代表取締役 西口 大貴,10 百万円,,,,
2024-08-01,株式会社下松自動車学校,その他・各種スクール,求人なし,山口県下松市大字切山296-2,1977,代表取締役 友田 裕,47 百万円,,,,
2024-08-01,有限会社佐々木進学教室,学習塾・予備校・専門学校,求人なし,愛媛県今治市常盤町6-7-5,1988,代表取締役 佐々木 求,3 百万円,,,,
2024-08-01,有限会社大庭塾,その他・各種スクール,求人なし,福岡県北九州市若松区東二島2-11-5,1981,代表取締役 大庭 伊一郎,10 百万円,,,,
2024-08-01,有限会社ティー・ケイオフィス,学習塾・予備校・専門学校,求人なし,福岡県久留米市津福本町871-2,1991,取締役 寺崎 陽子,3 百万円,,,,
2024-08-01,株式会社南海自動車学校,その他・各種スクール,求人なし,鹿児島県枕崎市立神北町496,1963,代表取締役 坂口 茂,10 百万円,,,,
2024-08-01,株式会社集学舎,学習塾・予備校・専門学校,無,東京都豊島区南池袋1-16-15,1994,代表取締役 千葉 崇博,10 百万円,,,,■小学生・中学生を対象とする進学塾（クオード）の経営■高校生を対象とする進学塾（クオード高等部：東進衛星予備校）の経営 2023年10月doda掲載求人より引用
2024-08-01,有限会社小田原ドライビングスクール,その他・各種スクール,求人なし,神奈川県小田原市蓮正寺540-2,1960,代表取締役 秋山 実,5 百万円,,,,
2024-08-01,株式会社那加クレーンセンター,その他・各種スクール,求人なし,岐阜県各務原市那加新加納町3771,1986,代表取締役 小島 裕二郎,10 百万円,,,,
2024-08-01,株式会社アモルテ,学習塾・予備校・専門学校,求人なし,静岡県浜松市中央区入野町652-1,1971,代表取締役 山内 敦史,10 百万円,,,,
2024-08-01,株式会社むぎ進学教室,学習塾・予備校・専門学校,求人なし,静岡県浜松市中央区伊左地町2203,1983,代表取締役 櫻井 勇也,10 百万円,,,,
2024-08-01,株式会社枚方自動車教習所,その他・各種スクール,求人なし,大阪府枚方市招提東町1-1-1,1967,代表取締役 中島 祥光,10 百万円,,,,
2024-08-01,ＨＯＳ株式会社,その他・各種スクール,求人なし,大阪府東大阪市下小阪2-11-7,1976,代表取締役 山澤 正之,35 百万円,,,,
2024-08-01,学校法人旭川宝田学園,その他・各種スクール,求人なし,北海道旭川市緑町14,1973,理事長 五十嵐 敦子,"3,163 百万円",,,,
2024-08-01,株式会社東洋モータースクール,その他・各種スクール,求人なし,千葉県八千代市村上654-1,1990,代表取締役 木嶋 正孝,10 百万円,,,,
2024-08-01,株式会社佑学社,その他・各種スクール,求人なし,大阪府大阪市生野区舎利寺2-9-28,1977,代表取締役 磯田 朋希,53 百万円,,,,
2024-08-01,オリエント実業株式会社,その他・各種スクール,求人なし,大阪府大阪市住吉区我孫子5-7-31,1978,代表取締役 河野 真一郎,10 百万円,,,,
2024-08-01,株式会社アクアティック,その他・各種スクール,無,大阪府大阪市福島区福島6-8-16,1986,代表取締役 泉本 憲人,10 百万円,,,,
2024-08-01,有限会社友愛教育研究所,学習塾・予備校・専門学校,求人なし,大阪府大阪市淀川区東三国4-10-1,1982,取締役 金子 昇泰,3 百万円,,,,
2024-08-01,株式会社コーディネーションフォーラム,その他・各種スクール,求人なし,大阪府大阪市中央区博労町3-6-7御堂筋三都ビル 305,1995,代表取締役 五十嵐 鈴代,10 百万円,,,,
2024-08-01,株式会社シグマコーポレーション,その他・各種スクール,求人なし,福岡県飯塚市新飯塚4-18ＵＢＩ飯塚ビル,1992,代表取締役 石川 淳,12 百万円,,,,
2024-08-01,有限会社ベアーズ,学習塾・予備校・専門学校,求人なし,東京都北区東田端1-12-3稲垣ビル 4Ｆ,1995,代表取締役 阿部 泰志,3 百万円,,,,
2024-08-01,有限会社松岡伶子バレエ団,その他・各種スクール,求人なし,愛知県名古屋市東区葵3-7-17,1992,代表取締役 市橋 里絵,10 百万円,,,,
2024-08-01,有限会社エステート開発,その他・各種スクール,無,愛知県名古屋市中区丸の内2-17-12丸の内エステートビル 803,1986,代表取締役 宮地 善行,3 百万円,,,,
2024-08-01,株式会社東海義塾,学習塾・予備校・専門学校,求人なし,愛知県名古屋市熱田区八番1-3-21,1989,代表取締役 渡部 真弘,10 百万円,,,,
2024-08-01,株式会社甲南学園サービスセンター,その他・各種スクール,求人なし,兵庫県神戸市東灘区住吉本町2-29-15,1982,代表取締役 髙田 隆史,10 百万円,,,,
2024-08-01,有限会社フィリックス,その他・各種スクール,求人なし,兵庫県神戸市須磨区菊池町2-1-1,1996,代表取締役 上松 博美,3 百万円,,,,
2024-08-01,学校法人村上学園予備校神戸セミナー,学習塾・予備校・専門学校,求人なし,兵庫県神戸市中央区下山手通8-4-26,1977,理事長 喜多 徹人,158 百万円,,,,
2024-08-01,社会福祉法人樫の木会,その他・各種スクール,求人なし,兵庫県尼崎市西難波町3-13-13,1973,理事長 野村 佳生,"1,442 百万円",,,,
2024-08-01,株式会社文堂,その他・各種スクール,求人なし,奈良県橿原市大久保町436-1,1996,代表取締役 松本 有司,10 百万円,,,,
2024-08-01,福山ライフサービス株式会社,その他・各種スクール,求人なし,広島県福山市春日町1-23-31,1979,代表取締役 服部 潤一,80 百万円,,,,
2024-08-01,株式会社樹来,学習塾・予備校・専門学校,求人なし,沖縄県那覇市首里石嶺町2-91-2,1993,代表取締役 与那覇 依子,10 百万円,,,,
2024-08-01,学校法人帯広コア学園,学習塾・予備校・専門学校,求人なし,北海道帯広市西十一条南41-3-5,1985,理事長 神山 恵美子,620 百万円,,,,
2024-08-01,龍谷大学生活協同組合,その他・各種スクール,求人なし,京都府京都市伏見区深草塚本町67,1967,代表理事 寺島 和夫,366 百万円,,,,
2024-08-01,株式会社中部教育センター,学習塾・予備校・専門学校,求人なし,愛知県名古屋市中区錦1-20-8カーニープレイス名古屋伏見ビル 5Ｆ,2003,代表取締役 小薗井 誠,4 百万円,,,,
2024-08-01,株式会社こどもクラブ,その他・各種スクール,無,北海道札幌市中央区北一条西3-3札幌ＭＮビル 5Ｆ,1990,代表取締役社長 相原 賢一,40 百万円,,,,
2024-08-01,学校法人所沢精華学園,学習塾・予備校・専門学校,求人なし,埼玉県所沢市北原町966-2,1984,理事長 野澤 建一,,,,,
2024-08-01,株式会社ジェイシー教育研究所,その他・各種スクール,求人なし,千葉県千葉市中央区新田町10-15誠寿ビル 2Ｆ,1990,代表取締役 佐藤 健一,10 百万円,,,,
2024-08-01,株式会社プロアクティブ,その他・各種スクール,求人なし,東京都新宿区愛住町22,1998,代表取締役 佐々木 洋和,44 百万円,,,,
2024-08-01,株式会社ウインテック,その他・各種スクール,求人なし,東京都新宿区西新宿6-14-1新宿グリーンタワービル 3Ｆ,1997,代表取締役 近田 英明,17 百万円,,,,
2024-08-01,株式会社メルリックス,学習塾・予備校・専門学校,求人なし,東京都渋谷区桜丘町6-2,1999,代表取締役 菊地 康雄,10 百万円,,,,
2024-08-01,株式会社中西コーポレーション,その他・各種スクール,求人なし,熊本県八代市田中西町10-1,1991,代表取締役 中西 誠一,40 百万円,,,,
2024-08-01,株式会社東京外国語センター,その他・各種スクール,求人なし,東京都渋谷区渋谷1-20-1三進ビル 6Ｆ,1977,代表取締役 間瀬 幸夫,60 百万円,,,,
2024-08-01,有限会社卓友珠算研究会,その他・各種スクール,求人なし,北海道札幌市清田区北野七条3-1-6,1980,代表取締役 斉藤 誠,3 百万円,,,,
2024-08-01,九段日本文化研究所・日本語学院株式会社,その他・各種スクール,求人なし,東京都千代田区神田三崎町2-7-10帝都三崎町ビル 1Ｆ,1989,代表取締役 大城 慶秀,60 百万円,,,,
2024-08-01,一般社団法人日本ホテル・レストランサービス技能協会,その他・各種スクール,求人なし,東京都千代田区飯田橋3-3-11飯田橋ばんらいビル 6Ｆ,1985,代表理事 森本 昌憲,,,,,
2024-08-01,株式会社ジャパンビジネスラボ,その他・各種スクール,求人なし,東京都渋谷区渋谷2-24-12渋谷スクランブルスクエア 39Ｆ,1992,代表取締役 杉村 貴子,12 百万円,,,,
2024-08-01,公益社団法人調理技術技能センター,学習塾・予備校・専門学校,求人なし,東京都中央区日本橋堀留町2-8-5ＪＡＣＣビル 5Ｆ,1982,代表理事 宇都宮 久俊,,,,,
2024-08-01,学校法人伸びる会学園,その他・各種スクール,求人なし,東京都新宿区上落合2-25-19,1978,理事長 千葉 伸也,314 百万円,,,,
2024-08-01,株式会社新世界語学院,学習塾・予備校・専門学校,求人なし,東京都新宿区北新宿4-14-15サンセイビル 3Ｆ,1989,代表取締役 髙瀨幸広,20 百万円,,,,
2024-08-01,有限会社芸術による教育の会,その他・各種スクール,求人なし,東京都目黒区碑文谷3-8-13碑文谷ハイツ201,1980,代表取締役 寺尾 憲,3 百万円,,,,
2024-08-01,学校法人道塚学園,その他・各種スクール,求人なし,東京都大田区新蒲田3-2-1,1967,理事長 落合 敬子,,,,,
2024-08-01,レクサス教育センター有限会社,その他・各種スクール,求人なし,東京都渋谷区代官山町17-13104,1995,代表取締役 島内 義仁,3 百万円,,,,
2024-08-01,株式会社パシフィックイングリッシュクラブ,その他・各種スクール,求人なし,東京都杉並区浜田山3-35-38ハイタウン浜田山第一号館 3Ｆ,1973,代表取締役 大工原 みどり,10 百万円,,,,
2024-08-01,学校法人新星学園,その他・各種スクール,求人なし,東京都足立区六木3-23-10,1978,理事長 初山 繁雄,,,,,
2024-08-01,メリーランド株式会社,その他・各種スクール,求人なし,東京都武蔵野市吉祥寺本町2-18-5,1994,代表取締役 大野 将平,10 百万円,,,,
2024-08-01,学校法人盛本学園,学習塾・予備校・専門学校,求人なし,東京都武蔵野市吉祥寺南町2-4-1,1979,理事長 盛本 澄子,,,,,
2024-08-01,学校法人秋津学園,その他・各種スクール,無,東京都東村山市秋津町4-9-10,1980,理事長 小島 聖,,,,,
2024-08-01,株式会社オールウェイズ,その他・各種スクール,求人なし,東京都東久留米市前沢5-12-3,1982,代表取締役 萩原 春雄,10 百万円,,,,
2024-08-01,株式会社マジオネット熱海,その他・各種スクール,無,静岡県熱海市伊豆山1173,2001,代表取締役 松本 義弘,10 百万円,,,,情報が古い可能性があります。最新の情報を確認する場合はHP等をご覧ください。 指定自動車教習所の経営フォークリフト運転技能講習企業向け安全教育研修iPadを利用した介護予防事業 2022年5月doda掲載求人より引用
2024-08-01,学校法人大阪青山学園,その他・各種スクール,求人なし,大阪府箕面市新稲2-11-1,1967,理事長 眞下 利晴,"19,383 百万円",,,,
2024-08-01,株式会社辰巳自動車教習所,その他・各種スクール,求人なし,千葉県市原市勝間1827-1,1980,代表取締役 高山 ひで,50 百万円,,,,
2024-08-01,学校法人染葉学園,学習塾・予備校・専門学校,求人なし,静岡県磐田市中泉1-1-1,1951,理事長 高浜 三紀代,,,,,
2024-08-01,株式会社サクセス,学習塾・予備校・専門学校,求人なし,東京都豊島区駒込3-3-19,2013,代表取締役 川添 望,1 百万円,,,,
2024-08-01,株式会社ＳＩＧＮＡＬ　ＢＬＵＥ,その他・各種スクール,求人なし,岡山県高梁市正宗町1905,1995,代表取締役 中田 公人,50 百万円,,,,
2024-08-01,株式会社開拓塾,学習塾・予備校・専門学校,求人なし,愛知県豊橋市新栄町字南小向69-1,1995,代表取締役 岡田 竜馬,34 百万円,,,,
2024-08-01,株式会社エフ・ワイ・シー,その他・各種スクール,求人なし,大分県大分市新明治1-4-3,1971,代表取締役 前田 眞実,13 百万円,,,,
2024-08-01,株式会社コスモ,学習塾・予備校・専門学校,求人なし,栃木県真岡市下大沼1-12-4,1987,代表取締役 糸賀 トシヱ,10 百万円,,,,
2024-08-01,株式会社おおさネイチャークラブ,その他・各種スクール,求人なし,岡山県新見市大佐小阪部2240-1,1991,代表取締役 松下 昌平,10 百万円,,,,
2024-08-01,株式会社カリフォルニア外語学院,学習塾・予備校・専門学校,求人なし,福岡県北九州市小倉北区魚町1-1-1ヤマハビル 4Ｆ,1991,代表取締役 ナジーロイット,33 百万円,,,,
2024-08-01,株式会社桐生スイミングスクール,その他・各種スクール,求人なし,群馬県桐生市新宿2-5-7,1980,代表取締役 野間 義弘,10 百万円,,,,
2024-08-01,宗教法人光聖寺,その他・各種スクール,求人なし,大阪府大阪市天王寺区生玉寺町2-6,1953,代表役員 秋田 光哉,,,,,
2024-08-01,学校法人成晃学院,その他・各種スクール,求人なし,大阪府摂津市鳥飼八防2-6-11,1976,理事長 井上 一成,"1,022 百万円",,,,
2024-08-01,株式会社アイクレット,学習塾・予備校・専門学校,求人なし,大阪府茨木市彩都あさぎ1-2-18グランヴァレー彩都 204,1984,代表取締役 大﨑 邦治,10 百万円,,,,
2024-08-01,有限会社杉塾,学習塾・予備校・専門学校,求人なし,兵庫県西宮市産所町4-8,1986,代表取締役 高杉 博人,8 百万円,,,,
2024-08-01,宗教法人誓光寺,その他・各種スクール,求人なし,愛知県名古屋市南区汐田町7-25,1953,代表役員 桒原一朗,,,,,
2024-08-01,株式会社新札幌自動車学園,その他・各種スクール,求人なし,北海道北広島市西の里373-1,1988,代表取締役 髙橋 博剛,10 百万円,,,,
2024-08-01,有限会社伸学舎,学習塾・予備校・専門学校,求人なし,徳島県徳島市三軒屋町東1-1,1995,代表取締役 井後 義人,3 百万円,,,,
2024-08-01,公益社団法人教育文化協会,その他・各種スクール,求人なし,東京都千代田区神田駿河台3-2-11総評会館 1Ｆ,1995,代表理事 相原 康伸,,,,,
2024-08-01,ナレッジ・クリエーション株式会社,その他・各種スクール,求人なし,東京都千代田区麹町5-3秋山ビル 7Ｆ,2000,代表取締役 鎌田 正人,10 百万円,,,,
2024-08-01,株式会社ルーツインターナショナル,学習塾・予備校・専門学校,求人なし,東京都港区南麻布5-12-14ＩＢＵＫＩ ＨＯＵＳＥ 101,1988,代表取締役 牧瀬 忠敏,10 百万円,,,,
2024-08-01,グローバル大学ドットコム株式会社,その他・各種スクール,求人なし,東京都港区赤坂7-3-37プラス・カナダ 1Ｆ,2000,代表取締役 イエロリーズ・ジェイムス・イアン,71 百万円,,,,
2024-08-01,株式会社タイムプランニング,その他・各種スクール,求人なし,東京都板橋区徳丸3-15-23カラットステート403,1990,代表取締役 糟谷 勝,10 百万円,,,,
2024-08-01,ブリタニカ・ジャパン株式会社,その他・各種スクール,求人なし,東京都千代田区三番町8-1三番町東急ビル 8Ｆ,2000,代表取締役 須藤 みゆき,94 百万円,,,,
2024-08-01,有限会社教育春秋社,学習塾・予備校・専門学校,求人なし,東京都品川区大崎3-6-7パークハイツ大崎 604,1983,取締役 下川 高士,10 百万円,,,,
2024-08-01,マコー技研株式会社,その他・各種スクール,求人なし,東京都豊島区南大塚3-1-6藤枝ビル 3Ｆ,1984,代表取締役 八反田 幸司,20 百万円,,,,
2024-08-01,株式会社石井式国語教育研究会,その他・各種スクール,求人なし,東京都渋谷区恵比寿西2-1-7301,1983,代表取締役 栗田 史朗,16 百万円,,,,
2024-08-01,ステップスエンターテイメント株式会社,その他・各種スクール,求人なし,東京都新宿区高田馬場1-29-20安念ビル 1Ｆ,1995,代表取締役 濱田 祥完,57 百万円,,,,
2024-08-01,株式会社ヴァンテージ・ジャパン,学習塾・予備校・専門学校,求人なし,東京都渋谷区元代々木町33-8元代々木サンサンビル 4Ｆ,1997,代表取締役 古谷野 篤,20 百万円,,,,
2024-08-01,ナーチャーウィズ株式会社,その他・各種スクール,求人なし,東京都港区南青山2-11-11ＡＲＩＳＴＯ南青山 6Ｆ,1995,代表取締役 長尾 一哉,10 百万円,,,,
2024-08-01,株式会社楽院出版,その他・各種スクール,求人なし,東京都新宿区上落合2-28-8パティオ落合高山ビル本館,1984,代表取締役 木下 麻奈,17 百万円,,,,
2024-08-01,有限会社エコール・サンパ,その他・各種スクール,求人なし,東京都杉並区阿佐谷北2-21-28201チェリープレイス,1996,,3 百万円,,,,
2024-08-01,株式会社スタジオハル,その他・各種スクール,求人なし,東京都杉並区和泉1-30-21,1994,代表取締役 小林 義実,30 百万円,,,,
2024-08-01,有限会社やまもと教材,その他・各種スクール,求人なし,東京都小平市鈴木町1-359-19,1988,代表取締役 山本 康平,10 百万円,,,,
2024-08-01,株式会社秀優,学習塾・予備校・専門学校,求人なし,埼玉県朝霞市本町2-5-352Ｆ,1990,代表取締役 滝澤 京子,5 百万円,,,,
2024-08-01,株式会社育宝進学塾,学習塾・予備校・専門学校,求人なし,埼玉県飯能市東町14-9,1991,代表取締役 岩崎 義廣,20 百万円,,,,
2024-08-01,アンクレア株式会社,その他・各種スクール,求人なし,東京都千代田区大手町1-5-1大手町ファーストスクエアイーストタワー4Ｆ,1987,代表取締役 轟 なぎさ,10 百万円,,,,
2024-08-01,株式会社田方自動車学校,その他・各種スクール,求人なし,静岡県田方郡函南町間宮489-1,2002,代表取締役 小林 淳一郎,30 百万円,,,,
2024-08-01,一般社団法人静岡県出版文化会,その他・各種スクール,求人なし,静岡県静岡市駿河区曲金5-5-38,1949,代表理事 長谷川 敬剛,,,,,
2024-08-01,一般社団法人名古屋南労働基準協会,その他・各種スクール,求人なし,愛知県名古屋市港区港楽1-2-2,1966,代表理事 石井 浩,,,,,
2024-08-01,有限会社八雲ピー・エス・ジー,その他・各種スクール,求人なし,愛知県名古屋市南区内田橋2-10-20八雲ビル 101,1973,取締役 村瀬 敦子,3 百万円,,,,
2024-08-01,株式会社アルティアセントラル,その他・各種スクール,求人なし,愛知県名古屋市中区栄1-29-29シモン10栄ビル 901,1999,代表取締役 大石 宇多野,20 百万円,,,,
2024-08-01,株式会社ケアメイトサービス,その他・各種スクール,求人なし,愛知県名古屋市中区栄5-23-19共和ビル 3Ｆ,1995,代表取締役 野末 友香,15 百万円,,,,
2024-08-01,株式会社ナゴヤタイキ,その他・各種スクール,求人なし,愛知県名古屋市昭和区円上町23-4,1992,代表取締役 藤本 信幸,10 百万円,,,,
2024-08-01,有限会社澤甚,学習塾・予備校・専門学校,求人なし,岐阜県飛騨市神岡町船津937本,1980,代表取締役 澤田 直也,3 百万円,,,,
2024-08-01,フォクトサービス株式会社,その他・各種スクール,無,大阪府大阪市北区天満1-9-27,1997,代表取締役 伊東 和幸,40 百万円,,,,
2024-08-01,一般社団法人おおさか人材雇用開発人権センター,その他・各種スクール,求人なし,大阪府大阪市中央区常盤町1-3-8中央大通ＦＮビル 14Ｆ,1981,代表理事 井上 龍生,,,,,
2024-08-01,ルシヤナアラモアナ株式会社,その他・各種スクール,求人なし,神奈川県川崎市中原区今井南町19-47,1982,代表取締役 佐藤 祥平,10 百万円,,,,
2024-08-01,株式会社ホームスクール,学習塾・予備校・専門学校,求人なし,神奈川県相模原市緑区橋本6-5-10中屋第2ビル,1976,代表取締役 吉良 隆雄,80 百万円,,,,
2024-08-01,情報産業技研株式会社,その他・各種スクール,求人なし,神奈川県横浜市保土ケ谷区岩間町1-10-10,2001,代表取締役 馬渕 博之,10 百万円,,,,
2024-08-01,有限会社ガレージマウス,学習塾・予備校・専門学校,求人なし,千葉県船橋市前原西2-11-8,1997,代表取締役 三代川 克巳,10 百万円,,,,
2024-08-01,宗教法人聖福寺,その他・各種スクール,求人なし,福岡県福岡市博多区御供所町6-1,1953,代表役員 細川 良浩,,,,,
2024-08-01,株式会社八街自動車教習所,その他・各種スクール,求人なし,千葉県八街市八街ほ1035-47,1960,代表取締役 平野 雅敏,10 百万円,,,,
2024-08-01,甲南女子大学生活協同組合,その他・各種スクール,求人なし,兵庫県神戸市東灘区森北町6-2-23,1996,代表理事 金保 吉郎,64 百万円,,,,
2024-08-01,株式会社甲子園オートセンター,その他・各種スクール,求人なし,兵庫県西宮市高須町1-3-1,1962,代表取締役 上山 直英,12 百万円,,,,
2024-08-01,株式会社大陽猪名川自動車学校,学習塾・予備校・専門学校,求人なし,兵庫県川辺郡猪名川町紫合字釘貫733,1962,代表取締役 成田 孝明,10 百万円,,,,
2024-08-01,株式会社コムタスグループ,その他・各種スクール,求人なし,広島県呉市中央1-6-9,2002,代表取締役 黒田 哲生,26 百万円,,,,
2024-08-01,株式会社国際言語文化センター,その他・各種スクール,求人なし,沖縄県那覇市田原1-4-1サンヒルズ田原 2Ｆ,1986,代表取締役 金城 宏幸,10 百万円,,,,
2024-08-01,株式会社サカイドライビングスクール,その他・各種スクール,求人なし,福井県坂井市坂井町上兵庫40-1,1969,代表取締役 木戸 保夫,15 百万円,,,,
2024-08-01,有限会社システムランド,その他・各種スクール,求人なし,熊本県人吉市上薩摩瀬町1472-1,1998,代表取締役 藤川 美智子,30 百万円,,,,
2024-08-01,有限会社日本イスパノアカデミー,その他・各種スクール,求人なし,埼玉県春日部市緑町6-8-18,2004,代表取締役 小野 清徳,,,,,
2024-08-01,有限会社イングリッシュアカデミー,その他・各種スクール,求人なし,京都府京都市下京区河原町通仏光寺下る富永町356,1979,代表取締役 栗田 英雄,9 百万円,,,,
2024-08-01,日本教職員組合,その他・各種スクール,求人なし,東京都千代田区一ツ橋2-6-2日本教育会館 6Ｆ,1997,理事 瀧本 司,,,,,
2024-08-01,お茶の水ケアサービス学院株式会社,その他・各種スクール,求人なし,東京都千代田区岩本町2-19-9丸栄ビル7Ｆ,1998,代表取締役 神 智淳,10 百万円,,,,
2024-08-01,株式会社芸術造形研究所,その他・各種スクール,求人なし,東京都千代田区神田駿河台2-1ＯＣＣビル 7Ｆ,1992,代表取締役 大久保 伸一,30 百万円,,,,
2024-08-01,特定非営利活動法人一新塾,その他・各種スクール,求人なし,東京都港区芝3-28-2カスターニ芝ビル 2Ｆ,2003,理事 森嶋 伸夫,29 百万円,,,,
2024-08-01,株式会社ウパウパハウス,その他・各種スクール,求人なし,神奈川県川崎市中原区上小田中5-2-5ラウム武蔵中原 2Ｆ,2005,代表取締役 岡本 修,25 百万円,,,,
2024-08-01,有限会社北九州自由高等学院,その他・各種スクール,求人なし,福岡県北九州市小倉北区弁天町2-8,1997,代表取締役 木附 菊二,4 百万円,,,,
2024-08-01,株式会社町田ひろ子アカデミー,その他・各種スクール,求人なし,東京都港区北青山2-12-5ＫＲＴ青山3Ｆ,2000,代表取締役 町田 宏子,10 百万円,,,,
2024-08-01,有限会社受験の微積,学習塾・予備校・専門学校,求人なし,福岡県福岡市中央区渡辺通5-6-18210,1999,取締役 新納 逸郎,3 百万円,,,,
2024-08-01,株式会社カルチャー日吉,その他・各種スクール,求人なし,神奈川県横浜市港北区日吉本町1-20-16日吉教養センタービル 4Ｆ,2013,代表取締役 髙松 汀子,1 百万円,,,,
2024-08-01,有限会社マイジャイロ,学習塾・予備校・専門学校,求人なし,神奈川県横浜市青葉区青葉台1-14-1第二青葉台ビル 503,1991,代表取締役 髙瀬 光寛,3 百万円,,,,
2024-08-01,有限会社旭ゼミナール,学習塾・予備校・専門学校,求人なし,岐阜県多治見市高根町2-22,1989,代表取締役 荘加 圭市,5 百万円,,,,
2024-08-01,有限会社インターナショナル・スクール・オブ・イングリッシュ,その他・各種スクール,求人なし,神奈川県横浜市青葉区しらとり台1-6,2002,代表取締役 ティム リー,3 百万円,,,,
2024-08-01,学校法人龍澤学館,その他・各種スクール,求人なし,岩手県盛岡市大沢川原3-4-1,1963,理事長 龍澤 正美,"7,049 百万円",,,,
2024-08-01,学校法人西町インターナシヨナルスクール,学習塾・予備校・専門学校,無,東京都港区元麻布2-14-7,1955,理事長 フィリップ・グリーナン,"3,404 百万円",,,,
2024-08-01,有限会社ひかり塾,学習塾・予備校・専門学校,求人なし,京都府相楽郡精華町光台7-14-1,2005,代表取締役 井寄 博幸,3 百万円,,,,
2024-08-01,有限会社英語の時間,その他・各種スクール,求人なし,東京都港区高輪1-2-17高輪梶ビル 2Ｆ,2002,代表取締役 上杉 昭,10 百万円,,,,
2024-08-01,赤堀料理学園株式会社,その他・各種スクール,求人なし,東京都文京区小石川2-17-6101,1998,代表取締役 赤堀 博美,10 百万円,,,,
2024-08-01,学校法人釜石学園,その他・各種スクール,求人なし,岩手県釜石市甲子町第10地割8-4,1978,理事長 須藤 寛人,,,,,
2024-08-01,有限会社パル・クリエイション,学習塾・予備校・専門学校,求人なし,東京都文京区大塚3-5-4,1996,代表取締役 小林 利子,3 百万円,,,,
2024-08-01,公益社団法人静岡県私立幼稚園振興協会,その他・各種スクール,求人なし,静岡県静岡市葵区追手町9-26静岡県私学会館 4Ｆ,1961,代表理事 千葉 一道,,,,,
2024-08-01,一般社団法人国立大学協会,学習塾・予備校・専門学校,無,東京都千代田区一ツ橋2-1-2,2004,代表理事 永田 恭介,,,,,大学・大学院の運営（事業内容代表：東京大学） 2024年3月doda掲載求人より引用
2024-08-01,株式会社カーサ・フェミニナ教育研究所,学習塾・予備校・専門学校,求人なし,福岡県福岡市早良区百道浜1-3-701602,2002,代表取締役 今井 博文,10 百万円,,,,
2024-08-01,電気通信工事担任者の会,その他・各種スクール,求人なし,東京都豊島区巣鴨1-48-3白石ビル 3Ｆ,,,,,,,
2024-08-01,有限会社啓進塾,その他・各種スクール,求人なし,神奈川県横浜市金沢区泥亀1-17-1,1986,代表取締役 高林 範明,13 百万円,,,,
2024-08-01,株式会社ジエイエムシー音楽研究所,その他・各種スクール,求人なし,福岡県大野城市雑餉隈町5-4-21,1989,代表取締役 大畑 恵三,10 百万円,,,,
2024-08-01,株式会社小金井自動車学校,その他・各種スクール,求人なし,栃木県下野市柴255-2,2002,代表取締役 吉村 武司,10 百万円,,,,
2024-08-01,株式会社さくら那須モータースクール,その他・各種スクール,求人なし,栃木県さくら市氏家2787-2,2008,代表取締役 加藤 好一,16 百万円,,,,
2024-08-01,学校法人荻窪学園,その他・各種スクール,求人なし,神奈川県大和市深見東3-5-16,1977,理事長 荻窪 政一,,,,,
2024-08-01,株式会社イングリッシュスクエア,その他・各種スクール,求人なし,埼玉県さいたま市浦和区北浦和3-12-3303,1995,代表取締役 中嶋 歩,3 百万円,,,,
2024-08-01,有限会社上池自動車学校,その他・各種スクール,求人なし,静岡県浜松市中央区城北1-19-8,1964,取締役 中原 克樹,5 百万円,,,,
2024-08-01,社会福祉法人浜松児童福祉園,その他・各種スクール,求人なし,静岡県浜松市中央区城北2-16-36,1967,理事長 朝 元尊,884 百万円,,,,
2024-08-01,株式会社こうゆう,その他・各種スクール,無,埼玉県さいたま市浦和区常盤9-19-10,1993,代表取締役 髙濱 正伸,10 百万円,,,,
2024-08-01,社会福祉法人えどがわ,その他・各種スクール,求人なし,東京都江戸川区一之江3-2-2一之江Ｓビル 205,2002,理事長 田澤 茂,"2,449 百万円",,,,
2024-08-01,株式会社セイガンスピーク,その他・各種スクール,求人なし,東京都品川区南大井6-24-14第5下川ビル 206,1992,代表取締役 スティーブン オーストウィック,20 百万円,,,,
2024-08-01,株式会社クエスト総合研究所,その他・各種スクール,求人なし,東京都港区白金台4-7-4白金台ＳＴビル3Ｆ,1981,代表取締役 柴﨑 嘉寿隆,10 百万円,,,,
2024-08-01,宗教法人日本福音ルーテル蒲田教会,その他・各種スクール,求人なし,東京都大田区仲六郷1-40-18,1953,代表役員 永吉 秀人,,,,,
2024-08-01,札幌弁護士会,その他・各種スクール,求人なし,北海道札幌市中央区北一条西10-札幌弁護士会館7 Ｆ,1949,会長 坂口 唯彦,,,,,
2024-08-01,有限会社アトリエ・エビス,その他・各種スクール,求人なし,東京都渋谷区恵比寿南1-13-10,1998,代表取締役 佐藤 裕子,5 百万円,,,,
2024-08-01,株式会社幼児教育実践研究所,その他・各種スクール,求人なし,東京都渋谷区恵比寿西1-20-6Ｋ＆Ｓ恵比寿ビル 7Ｆ,1983,代表取締役 久野 泰可,20 百万円,,,,
2024-08-01,株式会社アゴス・ジャパン,その他・各種スクール,無,東京都渋谷区桜丘町17-6渋谷協栄ビル 8Ｆ,2005,代表取締役 北村 龍,40 百万円,,,,
2024-08-01,合資会社日本不動産学院大阪,学習塾・予備校・専門学校,求人なし,大阪府大阪市北区梅田1-1-3,2001,代表社員 山田 展也,,,,,
2024-08-01,株式会社スタジオアッシュ,その他・各種スクール,求人なし,大阪府大阪市北区神山町14-3302,2012,代表取締役 井尻 健作,5 百万円,,,,
2024-08-01,有限会社ドルフィンスイミングスクール,その他・各種スクール,求人なし,愛知県西尾市新在家町三四山35,2004,代表取締役 尾崎 智大,3 百万円,,,,
2024-08-01,株式会社ユーデック,その他・各種スクール,求人なし,大阪府大阪市淀川区西中島7-12-23ホーククレセント第一ビル 5Ｆ,1987,代表取締役 室 好行,99 百万円,,,,
2024-08-01,有限会社明誠館,学習塾・予備校・専門学校,求人なし,愛知県安城市大東町25-45,1992,代表取締役 石上 誠,3 百万円,,,,
2024-08-01,株式会社ぐろーえる,その他・各種スクール,求人なし,大阪府吹田市垂水町1-38-18,1984,代表取締役 桐山 正和,10 百万円,,,,
2024-08-01,株式会社開智総合学院,学習塾・予備校・専門学校,求人なし,大阪府大阪市城東区今福西2-9-20,2006,代表取締役 高木 秀章,10 百万円,,,,
2024-08-01,愛知県職業能力開発協会,学習塾・予備校・専門学校,求人なし,愛知県名古屋市西区浅間2-3-14,1979,会長 加藤 宣明,,,,,
2024-08-01,社会福祉法人わかたけ福祉協会,その他・各種スクール,無,神奈川県藤沢市辻堂3-9-16,1954,理事長 小澤 直幸,149 百万円,,,,情報が古い可能性があります。最新の情報を確認する場合はHP等をご覧ください。 わかたけ保育園、わかたけ第2保育園の運営。両園とも【はだし保育】を特色としており、園庭は天然芝、保育室は全室床暖を設備し、子どもが四季を問わず年中はだしで過ごし、五感を大切にすることを基本にしております。また、【常に子どもが真ん中】を意識して保育に取り組んでおります。 2022年5月doda掲載求人より引用
2024-08-01,有限会社羽生モータースクール,学習塾・予備校・専門学校,求人なし,埼玉県羽生市大字砂山80,1975,代表取締役 五十幡 和彦,30 百万円,,,,
2024-08-01,社会福祉法人羽生福祉会,その他・各種スクール,求人なし,埼玉県羽生市大字下新郷660,1997,理事長 櫻井 澄子,"1,639 百万円",,,,
2024-08-01,株式会社クイック教育システムズ,その他・各種スクール,求人なし,東京都新宿区新宿1-10-2渡辺ビル 601,1978,代表取締役 中村 一樹,20 百万円,,,,
2024-08-01,有限会社小林誠文堂,その他・各種スクール,求人なし,埼玉県入間郡毛呂山町大字毛呂本郷1073,1962,代表取締役 小林 一成,5 百万円,,,,
2024-08-01,緑の広場株式会社,学習塾・予備校・専門学校,求人なし,兵庫県神戸市西区神出町南408-8,2008,代表取締役 岡本 恭史,5 百万円,,,,
2024-08-01,一東書道会,その他・各種スクール,求人なし,兵庫県神戸市兵庫区水木通4-1-19ジュネス神戸 1Ｆ,,,,,,,
2024-08-01,株式会社帯広自動車学校,その他・各種スクール,求人なし,北海道帯広市緑ケ丘9-2,2008,代表取締役 斉藤 毅,15 百万円,,,,
2024-08-01,有限会社大町自動車学校,その他・各種スクール,求人なし,佐賀県杵島郡大町町大字福母2405,1961,代表取締役 鶴田 英司,10 百万円,,,,
2024-08-01,株式会社進路企画,その他・各種スクール,求人なし,東京都新宿区早稲田鶴巻町548,2004,代表取締役 工藤 茂樹,10 百万円,,,,
2024-08-01,株式会社ピノーコーポレーション,その他・各種スクール,無,東京都杉並区高円寺南4-26-16ビクトリアプラザ高円寺 3Ｆ,1990,代表取締役 大室 貢,20 百万円,,,,
2024-08-01,学校法人名古屋文化学園,その他・各種スクール,求人なし,愛知県名古屋市東区白壁1-54,1957,理事長 加藤 紳一郎,"5,853 百万円",,,,
2024-08-01,有限会社アスク英会話スクール,その他・各種スクール,求人なし,北海道北見市大通西3-10-2,1988,代表取締役 チョイ ゆかり,6 百万円,,,,
2024-08-01,株式会社東京早稲田外国語学校,学習塾・予備校・専門学校,求人なし,東京都新宿区百人町2-9-13,1997,代表取締役 松岡 信智,25 百万円,,,,
2024-08-01,株式会社敬倫塾,学習塾・予備校・専門学校,求人なし,愛知県名古屋市北区水切町6-90-2,2016,代表取締役 加藤 敬志,6 百万円,,,,
2024-08-01,株式会社池袋理数セミナー,学習塾・予備校・専門学校,求人なし,東京都豊島区南池袋2-19-5竹市ビル,1980,代表取締役 藤田 博人,10 百万円,,,,
2024-08-01,有限会社パシフィックゼミナール杁中,学習塾・予備校・専門学校,求人なし,愛知県名古屋市昭和区隼人町7-8杁中駅ビル 3Ｆ,2005,代表取締役 浅見 彰,3 百万円,,,,
2024-08-01,株式会社梨香台ゼミナール,学習塾・予備校・専門学校,求人なし,千葉県松戸市高塚新田241,2006,代表取締役 土屋 祐二,10 百万円,,,,
2024-08-01,株式会社日本トータルアカデミー,その他・各種スクール,求人なし,愛知県名古屋市天白区植田3-1603ロムバス植田名鉄交通植田ビル 2Ｆ,2007,代表取締役 松井 直美,5 百万円,,,,
2024-08-01,有限会社龍馬進学研究会,学習塾・予備校・専門学校,求人なし,千葉県船橋市前原西2-21-8松澤ビル 2Ｆ,2000,代表取締役 安本 満,3 百万円,,,,
2024-08-01,株式会社智学園,学習塾・予備校・専門学校,求人なし,大阪府吹田市五月が丘西7-1308,1996,代表取締役 髙松 秀基,10 百万円,,,,
2024-08-01,合同会社アプリールクッキングスタジオ,その他・各種スクール,求人なし,東京都武蔵野市吉祥寺本町1-12-5共立ビル 3Ｆ,2015,代表社員 飯嶋 知晴,,,,,
2024-08-01,学校法人湊川相野学園,公社・官公庁・学校・研究施設,2,兵庫県三田市四ツ辻1430,1919,,"9,098百万円",40.0,356,,■事業内容： ・三田市にて「短期大学・高等学校・保育園」神戸市にて「幼稚園」の経営兵庫県三田市を中心に教育事業を展開しており、学園創立から100年を超える歴史がある学校法人です。湊川短期大学・三田松聖高等学校・7校の湊川短期大学付属園を運営しています。■運営施設：湊川短期大学／三田松聖高等学校／西舞子幼稚園／神陵台幼稚園／北摂第一幼稚園／北摂中央幼稚園／北摂学園幼稚園／キッズポート保育園/ぽるとこども園
2024-08-01,株式会社アルファスタジオ,その他・各種スクール,求人なし,兵庫県豊岡市日高町日置23-18,2001,代表取締役 松岡 みどり,6 百万円,,,,
2024-08-01,特定非営利活動法人プレママクラブ,その他・各種スクール,求人なし,愛知県半田市亀崎大洞町5-9-2,2002,理事 石川 裕子,107 百万円,,,,
2024-08-01,エコール辻東京,学習塾・予備校・専門学校,求人なし,東京都国立市富士見台2-13-3,,,,,,,
2024-08-01,株式会社創進塾,学習塾・予備校・専門学校,求人なし,千葉県香取市加藤洲1645-1,1988,代表取締役 大川 正純,10 百万円,,,,
2024-08-01,株式会社なるほどゼミナール,学習塾・予備校・専門学校,求人なし,熊本県熊本市東区長嶺東3-1-25ヴェル・ファーレ長嶺2－1Ｆ,1999,代表取締役 山中 孝光,10 百万円,,,,
2024-08-01,社会福祉法人コロロ学舎,その他・各種スクール,求人なし,東京都西多摩郡瑞穂町大字箱根ケ崎940,1998,理事長 石井 聖,"3,746 百万円",,,,
2024-08-01,特定非営利活動法人日野・市民自治研究所,その他・各種スクール,求人なし,東京都日野市日野本町3-13-16,2003,理事 平和元,,,,,
2024-08-01,株式会社ベスト学習会,その他・各種スクール,求人なし,大阪府枚方市片鉾本町24-13,1990,代表取締役 別宮 利彦,10 百万円,,,,
2024-08-01,学校法人四條畷学園,その他・各種スクール,求人なし,大阪府大東市学園町6-45,1941,理事長 小谷 明,"12,267 百万円",,,,
2024-08-01,特定非営利活動法人八王子市レクリエーション協会,その他・各種スクール,求人なし,東京都八王子市散田町2-37-2,2001,理事 塩澤 迪夫,10 百万円,,,,
2024-08-01,有限会社熊本南自動車学校,その他・各種スクール,求人なし,熊本県宇土市松山町2300,1998,代表取締役 野上 武,3 百万円,,,,
2024-08-01,一般社団法人長野県サッカー協会,その他・各種スクール,求人なし,長野県松本市深志2-6-9ＬＯＮＢＬＤＧ．3Ｆ,2005,代表理事 松田 正己,,,,,
2024-08-01,株式会社岡谷自動車学校,その他・各種スクール,求人なし,長野県岡谷市長地小萩1-12-13,1962,代表取締役 御子柴 勇士,10 百万円,,,,
2024-08-01,株式会社稲沢自動車学校,その他・各種スクール,求人なし,愛知県稲沢市国府宮町諏訪90,1961,代表取締役 関戸 篤,10 百万円,,,,
2024-08-01,株式会社スクール玉野,学習塾・予備校・専門学校,求人なし,愛知県一宮市玉野3593-3,2010,代表取締役 國立 真広,3 百万円,,,,
2024-08-01,株式会社高学館パートナーズ,学習塾・予備校・専門学校,求人なし,大阪府松原市上田6-1-30,2002,代表取締役 長谷川 裕恭,10 百万円,,,,
2024-08-01,オールウェイズコンピュータサービス株式会社,その他・各種スクール,求人なし,大阪府藤井寺市藤井寺1-9-10ハートフル藤井寺 1Ｆ,2018,代表取締役 佐竹 扶美,2 百万円,,,,
2024-08-01,株式会社マミーズファミリー,その他・各種スクール,求人なし,愛媛県松山市南町2-8-17,2002,代表取締役 増田 香,10 百万円,,,,
2024-08-01,株式会社くま高原ドライビングスクール,その他・各種スクール,求人なし,愛媛県上浮穴郡久万高原町上野尻甲685,1963,代表取締役 山口 直剛,3 百万円,,,,
2024-08-01,株式会社パーソナル・サポート,その他・各種スクール,求人なし,大阪府堺市北区百舌鳥梅町3-1-3牧原ビル 3Ｆ,2004,代表取締役 吉村 昭彦,27 百万円,,,,
2024-08-01,有限会社ＷＩＬＬ,学習塾・予備校・専門学校,求人なし,愛知県瀬戸市東赤重町1-160-2,2002,代表取締役 水谷 和司,3 百万円,,,,
2024-08-01,有限会社ボートスクールＥ＆Ｍ,その他・各種スクール,求人なし,東京都江戸川区南小岩4-18-4403,2006,代表取締役 宮坂 惠美子,3 百万円,,,,
2024-08-01,株式会社アール・アール,学習塾・予備校・専門学校,求人なし,東京都港区西麻布3-5-5,1986,代表取締役 新井 忠雄,10 百万円,,,,
2024-08-01,株式会社アイアールエル,学習塾・予備校・専門学校,求人なし,千葉県柏市末広町4-13,2000,代表取締役 岩田 朋彦,10 百万円,,,,
2024-08-01,株式会社個別教育Ｃａｎ,その他・各種スクール,求人なし,千葉県成田市公津の杜2-14-2信水舎ビル,2008,代表取締役 長嶋 秀門,50 百万円,,,,
2024-08-01,有限会社ＭＥ外語学院,その他・各種スクール,求人なし,群馬県前橋市表町2-6-12,2003,代表取締役 七里 栄,3 百万円,,,,
2024-08-01,公益財団法人大阪ＹＷＣＡ,学習塾・予備校・専門学校,求人なし,大阪府大阪市北区神山町11-12,1925,代表理事 鹿野 幸枝,,,,,
2024-08-01,公益財団法人北九州ＹＭＣＡ,その他・各種スクール,求人なし,福岡県北九州市小倉北区鍛冶町2-3-13,1927,代表理事 福山 武志,,,,,
2024-08-01,サンフラワー・Ａ株式会社,その他・各種スクール,求人なし,東京都板橋区小豆沢1-12-6プラッセ小豆沢 2Ｆ,1993,代表取締役 盛山 利紀,10 百万円,,,,
2024-08-01,エービー・エンタープライズ有限会社,学習塾・予備校・専門学校,求人なし,徳島県板野郡北島町中村字寺裏9-16,2000,代表取締役 阿部 貴子,3 百万円,,,,
2024-08-01,株式会社エフ・ケイ,その他・各種スクール,求人なし,大阪府高槻市城西町5-17第八富士ビルジェネラス8ｔｈ 202,1992,代表取締役 上田 旬美,10 百万円,,,,
2024-08-01,有限会社エコール学院,学習塾・予備校・専門学校,求人なし,神奈川県小田原市板橋922-9,2002,代表取締役 田中 保行,3 百万円,,,,
2024-08-01,株式会社六日町自動車学校,その他・各種スクール,求人なし,新潟県南魚沼市四十日3056,1977,代表取締役 佐藤 与仁,50 百万円,,,,
2024-08-01,株式会社中条スイミングスクール,その他・各種スクール,求人なし,新潟県胎内市中条2981,1991,代表取締役 石田 英明,5 百万円,,,,
2024-08-01,学校法人松韻学園,その他・各種スクール,求人なし,福島県福島市御山町9-1,1951,理事長 山森 宗明,"7,820 百万円",,,,
2024-08-01,学校法人白梅,その他・各種スクール,求人なし,福島県会津若松市一箕町大字亀賀字北柳原42-1,1976,理事長 橋本 希義,,,,,
2024-08-01,一般社団法人日本エステティック工業会,その他・各種スクール,求人なし,東京都台東区三筋2-24-8エステ会館 7Ｆ,2007,代表理事 井上 忠一,,,,,
2024-08-01,社会福祉法人和順会,その他・各種スクール,求人なし,埼玉県深谷市稲荷町2-5-20,1982,理事長 押野見孝道,94 百万円,,,,
2024-08-01,公益財団法人愛知県教育振興会,学習塾・予備校・専門学校,求人なし,愛知県名古屋市東区白壁1-50愛知県白壁庁舎 2Ｆ,1934,代表理事 中谷 眞人,,,,,
2024-08-01,学校法人信学会,学習塾・予備校・専門学校,求人なし,長野県長野市大字南長野南県町1003,1965,理事長 小林 経明,"5,381 百万円",,,,
2024-08-01,学校法人八坂女紅場学園,その他・各種スクール,求人なし,京都府京都市東山区祇園町南側570-2,1951,理事長 杉浦 京子,"1,874 百万円",,,,
2024-08-01,株式会社浜企画,その他・各種スクール,無,兵庫県西宮市甲風園1-5-24,1979,代表取締役 竹森 勝昭,36 百万円,,,,情報が古い可能性があります。最新の情報を確認する場合はHP等をご覧ください。 ■学習塾の運営・各種模試の実施・中学受験「MY SHIFT」・個別指導「Hamax」・公立高校受験「浜進学会」・英会話教室「AIC Kids」・なごやはま道場 2021年9月doda掲載求人より引用
2024-08-01,株式会社浜研修センター,学習塾・予備校・専門学校,無,兵庫県西宮市甲風園1-5-24,1981,代表取締役 竹森 勝俊,42 百万円,,,,【浜学園グループ】現役大学受験予備校 河合塾マナビスの運営 2024年4月doda掲載求人より引用
2024-08-01,学校法人西日本短期大学,その他・各種スクール,求人なし,福岡県福岡市中央区福浜1-3-1,1957,理事長 溝口 虎彦,"3,461 百万円",,,,
2024-08-01,学校法人原学園,学習塾・予備校・専門学校,求人なし,福岡県福岡市東区青葉6-40-7,1984,理事長 原 寛,,,,,
2024-08-01,株式会社エヌエスジー教育ネットワーク,その他・各種スクール,求人なし,新潟県新潟市中央区東大通1-11-32,1991,代表取締役 小野 隆樹,80 百万円,,,,
2024-08-01,有限会社大和商事,その他・各種スクール,求人なし,埼玉県北本市宮内7-55,1962,代表取締役 大島 信子,10 百万円,,,,
2024-08-01,社会福祉法人あしたばの会,その他・各種スクール,求人なし,東京都文京区本郷7-3-1,1978,理事長 菅原 良次,716 百万円,,,,
2024-08-01,社会福祉法人豊仁会,その他・各種スクール,求人なし,東京都小平市小川東町1-38-18,1980,理事長 丸山 恒,"1,018 百万円",,,,
2024-08-01,株式会社横浜スイミングセンター,その他・各種スクール,求人なし,神奈川県横浜市西区平沼1-40-12,1975,代表取締役 吉江 竜哉,50 百万円,,,,
2024-08-01,奈良県下北山村役場,その他・各種スクール,求人なし,奈良県吉野郡下北山村大字寺垣内983,,村長 南 正文,,,,,
2024-08-01,彦根自動車教習所株式会社,その他・各種スクール,求人なし,滋賀県彦根市岡町180,1981,代表取締役 真下 幹弘,10 百万円,,,,
2024-08-01,京大ゼミナール久保塾株式会社,学習塾・予備校・専門学校,求人なし,兵庫県西宮市霞町5-44,1984,代表取締役 一柳 光司,10 百万円,,,,
2024-08-01,学校法人カナン学園,その他・各種スクール,求人なし,岩手県二戸郡一戸町中山字軽井沢49-33,1978,理事長 澤谷 常清,431 百万円,,,,
2024-08-01,学校法人花園学園,その他・各種スクール,求人なし,京都府京都市中京区西ノ京壺ノ内町8-1,1910,理事長 野口 善敬,"30,068 百万円",,,,
2024-08-01,学校法人久留米信愛学院,学習塾・予備校・専門学校,求人なし,福岡県久留米市御井町2278-1,1961,理事長 横田 君代,"7,003 百万円",,,,
2024-08-01,学校法人玉名白梅学園,その他・各種スクール,求人なし,熊本県玉名市岩崎1061,1951,,"1,439 百万円",,,,
2024-08-01,学校法人ぜんりょう学園,学習塾・予備校・専門学校,求人なし,福岡県北九州市小倉南区蜷田若園1-2-24,1959,理事長 中村 仁,,,,,
2024-08-01,学校法人月江寺学園,その他・各種スクール,求人なし,山梨県富士吉田市緑ケ丘1-1-1,1957,理事長 山田 芙紗子,"2,116 百万円",,,,
2024-08-01,学校法人札幌大谷学園,その他・各種スクール,求人なし,北海道札幌市東区北十六条東9-1-1,1944,理事長 加藤 久豊,"5,814 百万円",,,,
2024-08-01,学校法人共育の森学園,その他・各種スクール,求人なし,北海道小樽市最上1-14-17,1953,理事長 間宮 正幸,"1,344 百万円",,,,
2024-08-01,学校法人清教学園,その他・各種スクール,求人なし,大阪府河内長野市末広町623,1949,理事長 井上 良作,"7,678 百万円",,,,
2024-08-01,学校法人精華学園,その他・各種スクール,求人なし,福岡県福岡市博多区南八幡町2-12-1,1947,理事長 吉田 幸滋,"7,556 百万円",,,,
2024-08-01,学校法人ＯＣＣ,その他・各種スクール,求人なし,大阪府大阪市阿倍野区丸山通1-3-61,1952,理事長 正田 浩三,"4,208 百万円",,,,
2024-08-01,学校法人渡辺学園,その他・各種スクール,求人なし,東京都板橋区加賀1-18-1,1911,理事長 菅谷 定彦,"49,287 百万円",,,,
2024-08-01,学校法人冬木学園,その他・各種スクール,求人なし,奈良県桜井市大字桜井502,1951,理事長 冬木 正彦,,,,,
2024-08-01,学校法人東大寺学園,学習塾・予備校・専門学校,求人なし,奈良県奈良市山陵町1375,1951,,,,,,
2024-08-01,学校法人福島成蹊学園,その他・各種スクール,求人なし,福島県福島市上浜町5-10,1951,理事長 高橋 幸七,,,,,
2024-08-01,学校法人明徳学園,その他・各種スクール,求人なし,神奈川県小田原市城山4-13-33,1940,理事長 武井 清忠,"5,612 百万円",,,,
2024-08-01,学校法人洛陽総合学院,その他・各種スクール,求人なし,京都府京都市中京区西ノ京春日町8,1943,理事長 土屋 文秀,"5,766 百万円",,,,
2024-08-01,学校法人立教女学院,その他・各種スクール,求人なし,東京都杉並区久我山4-29-60,1938,理事長 大澤 眞木子,"8,312 百万円",,,,
2024-08-01,学校法人立志舎,学習塾・予備校・専門学校,求人なし,東京都墨田区錦糸1-2-1,1998,理事長 塚原 一功,"37,828 百万円",,,,
2024-08-01,学校法人鈴木学園,学習塾・予備校・専門学校,求人なし,神奈川県厚木市中町3-4-11,1977,理事長 鈴木 朝子,,,,,
2024-08-01,株式会社ネクストエデュケーションシンク,その他・各種スクール,求人なし,東京都文京区本郷5-1-16ＶＯＲＴ本郷 3Ｆ,1999,代表取締役 齊藤 實,30 百万円,,,,
2024-08-01,有限会社イー・エデュケーションズ,その他・各種スクール,求人なし,北海道札幌市北区北七条西10-1-1,2003,取締役 加藤 隆弘,10 百万円,,,,
2024-08-01,有限会社プログレ総合研究所,その他・各種スクール,求人なし,群馬県高崎市寺尾町174-1,2003,代表取締役 志村 博之,10 百万円,,,,
2024-08-01,トキ株式会社,その他・各種スクール,求人なし,東京都三鷹市牟礼4-2-19,2003,代表取締役 石川 良一,10 百万円,,,,
2024-08-01,株式会社エイブルスタディ,その他・各種スクール,求人なし,東京都中野区弥生町1-8-11東京計量器中野坂上ビル 5Ｆ,2003,代表取締役 牟田 明生,10 百万円,,,,
2024-08-01,株式会社防災士研修センター,その他・各種スクール,求人なし,東京都千代田区平河町2-7-4砂防会館 7Ｆ,2003,代表取締役 玉田 太郎,10 百万円,,,,
2024-08-01,株式会社留学ジャーナル,その他・各種スクール,無,東京都新宿区信濃町34ＪＲ信濃町ビル 6Ｆ,2003,代表取締役 塚田 俊文,254 百万円,,,,
2024-08-01,有限会社キッズインターナショナル,その他・各種スクール,求人なし,東京都品川区西五反田8-9-5,2003,代表取締役 市場 優子,3 百万円,,,,
2024-08-01,有限会社ＴＧスポーツ,その他・各種スクール,求人なし,愛知県江南市江森町南1-2,2003,取締役 村瀬 三千恵,3 百万円,,,,
2024-08-01,株式会社ＰＦアカデミー,その他・各種スクール,求人なし,東京都世田谷区奥沢6-29-6パルテノン自由ケ丘 102,2003,代表取締役 阿久津 昌一,10 百万円,,,,
2024-08-01,株式会社アンフィニ,その他・各種スクール,求人なし,茨城県つくばみらい市板橋1812-16,2002,代表取締役 片山 章彦,40 百万円,,,,
2024-08-01,株式会社山手学院,その他・各種スクール,無,埼玉県川越市脇田町17-7,1981,代表取締役 横田 美奈子,10 百万円,,,,
2024-08-01,有限会社プレジャー企画,その他・各種スクール,求人なし,愛知県名古屋市中村区黄金通3-27-1,1998,代表取締役 大棟 耕介,10 百万円,,,,
2024-08-01,京都アートスクール株式会社,学習塾・予備校・専門学校,求人なし,京都府京都市北区小山北上総町24,2006,代表取締役 袖長 省二,4 百万円,,,,
2024-08-01,株式会社チャートハウス,学習塾・予備校・専門学校,求人なし,千葉県八千代市八千代台東1-14-4サンハイツ八千代台 203,1989,代表取締役 内田 博紀,10 百万円,,,,
2024-08-01,有限会社武田企画,その他・各種スクール,求人なし,東京都あきる野市草花3257,1988,代表取締役 武田 博行,3 百万円,,,,
2024-08-01,社会福祉法人清水福祉会,その他・各種スクール,求人なし,千葉県香取市内野448-1,1978,理事長 圓藤 通典,446 百万円,,,,
2024-08-01,株式会社協栄スイミングクラブ深谷,その他・各種スクール,求人なし,埼玉県深谷市上柴町東1-7-4,2012,代表取締役 水内 寛,1 百万円,,,,
2024-08-01,有限会社九州日本語学校,その他・各種スクール,求人なし,鹿児島県鹿児島市上本町14-7,2002,代表取締役 谷口 学,3 百万円,,,,
2024-08-01,有限会社ハッピーイングリッシュクラブ,その他・各種スクール,求人なし,愛知県名古屋市東区東桜1-9-3ヒシタ会館 2Ｆ,2005,取締役 ショーン・ギャラガー,3 百万円,,,,
2024-08-01,有限会社秀英,学習塾・予備校・専門学校,求人なし,大阪府大阪市福島区鷺洲1-5-13,2003,取締役 藤野 直英,4 百万円,,,,
2024-08-01,イズム教育システム株式会社,学習塾・予備校・専門学校,求人なし,愛知県名古屋市千種区東山通4-20-2,2010,代表取締役 佐野 洋一郎,1 百万円,,,,
2024-08-01,学校法人英智学園,その他・各種スクール,求人なし,宮城県仙台市若林区新寺3-2-1,1998,理事長 中村 隆,130 百万円,,,,
2024-08-01,学校法人永和学園,その他・各種スクール,求人なし,福島県郡山市安積4-229,1992,理事長 光信 博司,971 百万円,,,,
2024-08-01,学校法人つくば総合学院,その他・各種スクール,求人なし,茨城県つくば市桜2-14-4,1995,理事長 片岡 均,709 百万円,,,,
2024-08-01,学校法人東洋育英会,学習塾・予備校・専門学校,求人なし,栃木県さくら市馬場410,1997,理事長 西川 鎭央,271 百万円,,,,
2024-08-01,学校法人大久保育英会,その他・各種スクール,求人なし,栃木県宇都宮市大寛1-2165,1999,理事長 大久保 知裕,,,,,
2024-08-01,学校法人中央学園,学習塾・予備校・専門学校,求人なし,栃木県小山市駅東通り2-24-28,1989,理事長 宮杉 早苗江,"4,072 百万円",,,,
2024-08-01,学校法人北海道鹿光学園,学習塾・予備校・専門学校,求人なし,北海道札幌市中央区北五条西14-1-42,1987,理事長 鈴木 文子,802 百万円,,,,
2024-08-01,学校法人布川学園,学習塾・予備校・専門学校,求人なし,北海道札幌市中央区南三条西10-1004-3,2002,理事長 布川 耕吉,"1,073 百万円",,,,
2024-08-01,学校法人松徳学園,学習塾・予備校・専門学校,求人なし,東京都中央区明石町2-1松屋明石町本館 6Ｆ,1951,理事長 古屋 毅彦,824 百万円,,,,
2024-08-01,学校法人常陽学園,学習塾・予備校・専門学校,求人なし,東京都中央区八丁堀1-11-11,1992,理事長 渡邊 賢二,"3,303 百万円",,,,
2024-08-01,学校法人神代学園,学習塾・予備校・専門学校,求人なし,東京都渋谷区代々木1-31-2,1952,理事長 松原 弘士,188 百万円,,,,
2024-08-01,学校法人東京国際学園,学習塾・予備校・専門学校,求人なし,東京都新宿区西新宿7-3-8,1985,理事長 梶原 康平,"7,211 百万円",,,,
2024-08-01,学校法人村上学園,学習塾・予備校・専門学校,求人なし,東京都豊島区南大塚2-38-1村上学園ビル,1994,理事長 村上 京子,"1,191 百万円",,,,
2024-08-01,学校法人群馬県美容学園,学習塾・予備校・専門学校,求人なし,群馬県前橋市石関町136-1,1997,理事長 松本 一郎,"2,471 百万円",,,,
2024-08-01,学校法人藤森学園,学習塾・予備校・専門学校,求人なし,埼玉県さいたま市大宮区桜木町4-92,2004,理事長 藤森 英和,217 百万円,,,,
2024-08-01,学校法人青池学園,学習塾・予備校・専門学校,求人なし,福井県三方郡美浜町大藪7-242,2000,理事長 青池 浩生,"1,104 百万円",,,,
2024-08-01,学校法人土岐学園,学習塾・予備校・専門学校,求人なし,岐阜県土岐市肥田浅野朝日町2-7,1964,理事長 安藤 滋一,"1,034 百万円",,,,
2024-08-01,学校法人日ソ学園,その他・各種スクール,求人なし,東京都世田谷区経堂1-11-2,1977,理事長 斎藤 治子,491 百万円,,,,
2024-08-01,学校法人東京眼鏡学園,学習塾・予備校・専門学校,求人なし,東京都新宿区百人町2-26-10,1977,理事長 風早 昭正,641 百万円,,,,
2024-08-01,学校法人米山学園,学習塾・予備校・専門学校,求人なし,東京都江東区亀戸2-18-11,1967,理事長 片岡 茂子,,,,,
2024-08-01,学校法人鈴学園,その他・各種スクール,求人なし,東京都大田区大森北6-13-2,1980,理事長 田中 義明,,,,,
2024-08-01,学校法人梅原学園,学習塾・予備校・専門学校,求人なし,神奈川県秦野市尾尻536-1,1998,理事長 梅原 正美,397 百万円,,,,
2024-08-01,学校法人共生学園,学習塾・予備校・専門学校,求人なし,神奈川県横浜市港北区新横浜2-5-8,1981,理事長 浅野 倉栄,"1,829 百万円",,,,
2024-08-01,学校法人国際学院,学習塾・予備校・専門学校,求人なし,神奈川県伊勢原市善波1160-1,1998,理事長 井芹 伸浩,169 百万円,,,,
2024-08-01,学校法人宮崎学園,学習塾・予備校・専門学校,求人なし,大阪府大阪市東成区中道3-8-15,2000,理事長 宮﨑 安弘,892 百万円,,,,
2024-08-01,学校法人笹田学園,学習塾・予備校・専門学校,求人なし,静岡県浜松市中央区東伊場1-1-8,1966,理事長 笹田 栄一,652 百万円,,,,
2024-08-01,学校法人伊藤学園,学習塾・予備校・専門学校,求人なし,愛知県名古屋市熱田区金山町1-11-8,1955,理事長 伊藤 美代子,,,,,
2024-08-01,学校法人秋田学園,学習塾・予備校・専門学校,求人なし,愛知県名古屋市中村区則武2-1-8,2000,理事長 秋田 和美,"1,904 百万円",,,,
2024-08-01,学校法人山本学園,学習塾・予備校・専門学校,無,愛知県知立市池端1-13,1965,理事長 山本 直明,"3,572 百万円",,,,山本学園情報文化専門学校／高等課程をはじめとする学校運営 2024年2月doda掲載求人より引用
2024-08-01,学校法人名栄学院,学習塾・予備校・専門学校,求人なし,愛知県名古屋市西区東岸町2-53-1,1982,理事長 滝川 嘉彦,,,,,
2024-08-01,学校法人さわらび学園,学習塾・予備校・専門学校,求人なし,愛知県豊川市馬場町上石畑61,1997,理事長 山本 左近,,,,,
2024-08-01,学校法人米田学園,学習塾・予備校・専門学校,求人なし,愛知県名古屋市西区枇杷島2-3-13,1997,理事長 米田 忠正,"5,300 百万円",,,,
2024-08-01,学校法人マロニエ文化学園,その他・各種スクール,求人なし,大阪府大阪市北区天神橋7-7-4,1952,理事長 野中 翠,820 百万円,,,,
2024-08-01,学校法人桂学園,学習塾・予備校・専門学校,求人なし,大阪府堺市堺区南三国ヶ丘町1-1-8,2000,理事長 兩角 崇志,363 百万円,,,,
2024-08-01,学校法人朋友学園,学習塾・予備校・専門学校,求人なし,香川県高松市松並町1026-1,1996,理事長 小野 剛,217 百万円,,,,
2024-08-01,学校法人日翔学園,その他・各種スクール,求人なし,高知県高知市本宮町65-7,1998,理事長 氏原 憲二,185 百万円,,,,
2024-08-01,学校法人誠和学院,学習塾・予備校・専門学校,求人なし,兵庫県姫路市兼田383-22,1995,理事長 中農 一也,,,,,
2024-08-01,学校法人谷郷学園,学習塾・予備校・専門学校,求人なし,兵庫県三田市相生町15-5,1993,理事長 谷郷 宗彦,282 百万円,,,,
2024-08-01,学校法人武田学園,その他・各種スクール,求人なし,岡山県岡山市北区島田本町1-6-12,1989,理事長 武田 結幸,"1,812 百万円",,,,
2024-08-01,学校法人穴吹学園,学習塾・予備校・専門学校,求人なし,広島県福山市東町2-3-6,1950,理事長 穴吹 薫,"1,501 百万円",,,,
2024-08-01,学校法人ダイキ学園,学習塾・予備校・専門学校,求人なし,広島県広島市東区牛田新町3-15-38,1996,理事長 中村 義文,,,,,
2024-08-01,学校法人木村学園,学習塾・予備校・専門学校,求人なし,広島県広島市中区上幟町8-18,1997,理事長 木村 創,"1,054 百万円",,,,
2024-08-01,学校法人下関学院,その他・各種スクール,求人なし,山口県下関市小月茶屋3-4-26,1964,理事長 関谷 豊,6 百万円,,,,
2024-08-01,学校法人中村専修学園,その他・各種スクール,無,福岡県福岡市中央区平尾2-1-21,1970,理事長 中村 哲,"4,193 百万円",,,,
2024-08-01,学校法人平岡学園,学習塾・予備校・専門学校,無,福岡県小郡市大保1434-3,1981,学園長 平岡 隆,"4,287 百万円",,,,■学校法人、専修学校■調理師及び製菓衛生師養成施設■栄養士養成施設■介護福祉士養成施設 2023年9月doda掲載求人より引用
2024-08-01,学校法人熊本ＹＭＣＡ学園,その他・各種スクール,求人なし,熊本県熊本市中央区段山本町4-1,1993,理事長 光永 尚生,"1,545 百万円",,,,
2024-08-01,学校法人鮫島学園,その他・各種スクール,求人なし,鹿児島県鹿児島市高麗町15-10,1991,理事長 鮫島 陽子,256 百万円,,,,
2024-08-01,学校法人花田学園,学習塾・予備校・専門学校,求人なし,東京都渋谷区桜丘町20-1,1963,理事長 櫻井 康司,"14,099 百万円",,,,
2024-08-01,学校法人滝口文化学園,学習塾・予備校・専門学校,求人なし,山梨県北杜市小淵沢町2950,2001,理事長 滝口 陽子,565 百万円,,,,
2024-08-01,学校法人エスイー学園,学習塾・予備校・専門学校,求人なし,長野県諏訪市大和3-6-12,1988,理事長 川名 政幸,835 百万円,,,,
2024-08-01,学校法人水野学園,その他・各種スクール,無,東京都渋谷区神宮前5-29-2,1983,理事長 水野 孝彦,"6,727 百万円",,,,
2024-08-01,学校法人東京育英学園,学習塾・予備校・専門学校,求人なし,東京都豊島区南池袋2-8-3,1987,,"2,151 百万円",,,,
2024-08-01,学校法人神奈川経済專門学校,学習塾・予備校・専門学校,求人なし,神奈川県相模原市緑区東橋本2-33-5,1977,理事長 奥田 経男,,,,,
2024-08-01,学校法人丸の内学園,学習塾・予備校・専門学校,求人なし,愛知県名古屋市中区丸の内1-3-25,1952,理事長 谷川 健男,478 百万円,,,,
2024-08-01,学校法人福岡建設専門学校,学習塾・予備校・専門学校,求人なし,福岡県福岡市東区箱崎6-15-34,1957,理事長 松本 優三,869 百万円,,,,
2024-08-01,株式会社成基コミュニティ,その他・各種スクール,求人なし,京都府京都市中京区烏丸通二条上る蒔絵屋町265-2ＳＣＧビル 5Ｆ,1979,代表取締役 佐々木 裕子,10 百万円,,,,
2024-08-01,公益財団法人埼玉ＹＭＣＡ,その他・各種スクール,求人なし,埼玉県さいたま市浦和区常盤9-19-6北浦和松村ビル内,1980,代表理事 小谷 全人,,,,,
2024-08-01,公益社団法人ＣＩＳＶ日本協会,その他・各種スクール,求人なし,東京都新宿区下宮比町2-28飯田橋ハイタウンビル 218,1987,代表理事 岩間 陽一郎,,,,,
2024-08-01,公益社団法人日本介護福祉士養成施設協会,その他・各種スクール,求人なし,東京都文京区本郷3-3-10,1991,代表理事 澤田 豊,,,,,
2024-08-01,公益社団法人松阪地区医師会,学習塾・予備校・専門学校,求人なし,三重県松阪市白粉町363,1947,代表理事 平岡 直人,,,,,
2024-08-01,株式会社ハッピーコーポレーション,学習塾・予備校・専門学校,求人なし,兵庫県伊丹市御願塚8-10-6,1996,代表取締役 中野渡 晴夫,13 百万円,,,,
2024-08-01,ＳＴＡＲ．Ｃ株式会社,その他・各種スクール,無,東京都中央区日本橋浜町3-39-1ルート浜町 4Ｆ,1996,代表取締役 川村 陽介,30 百万円,,,,
2024-08-01,独立行政法人国立高等専門学校機構,その他・各種スクール,求人なし,東京都八王子市東浅川町701-2,2004,理事長 谷口 功,"278,105 百万円",,,,
2024-08-01,株式会社南部自動車教習所,その他・各種スクール,求人なし,山梨県南巨摩郡南部町内船8900,1964,代表取締役 舩村 雅彦,30 百万円,,,,
2024-08-01,株式会社茨進ホールディングス,その他・各種スクール,無,茨城県土浦市川口1-10-5,1987,代表取締役 竹内 厚,20 百万円,,,,
2024-08-01,学校法人成田会,学習塾・予備校・専門学校,求人なし,長野県上田市中央2-13-27,1997,理事長 我妻 忠夫,603 百万円,,,,
2024-08-01,株式会社イエス・ネットワーク,その他・各種スクール,求人なし,岩手県盛岡市大通3-1-23クリエイトビル 4Ｆ,2002,代表取締役 須藤 準揮,10 百万円,,,,
2024-08-01,学校法人エイジェック学園,学習塾・予備校・専門学校,求人なし,東京都墨田区両国4-27-4,2000,理事長 石原 征二,"5,437 百万円",,,,
2024-08-01,株式会社アイ・ラーニング,学習塾・予備校・専門学校,求人なし,沖縄県浦添市城間1-2-1,1984,代表取締役 加納 滋徳,20 百万円,,,,
2024-08-01,国立大学法人東京海洋大学,その他・各種スクール,求人なし,東京都港区港南4-5-7,2004,学長 井関 俊夫,"104,406 百万円",,,,
2024-08-01,国立大学法人大阪教育大学,その他・各種スクール,求人なし,大阪府柏原市旭ケ丘4-698-1,2004,学長 岡本 幾子,"74,779 百万円",,,,
2024-08-01,国立大学法人鹿屋体育大学,その他・各種スクール,求人なし,鹿児島県鹿屋市白水町1,2004,学長 金久 博昭,"6,317 百万円",,,,
2024-08-01,国立大学法人北陸先端科学技術大学院大学,その他・各種スクール,求人なし,石川県能美市旭台1-1,2004,学長 寺野 稔,"16,017 百万円",,,,
2024-08-01,国立大学法人奈良先端科学技術大学院大学,その他・各種スクール,求人なし,奈良県生駒市高山町8916-5,2004,学長 塩﨑 一裕,"18,680 百万円",,,,
2024-08-01,有限会社シンビプロジェクト,その他・各種スクール,求人なし,栃木県宇都宮市不動前3-3-40,2004,代表取締役 床井 正之,3 百万円,,,,
2024-08-01,有限会社Ｎ教育,学習塾・予備校・専門学校,求人なし,愛知県豊橋市西幸町字笠松195-1,2004,代表取締役 中澤 理,3 百万円,,,,
2024-08-01,株式会社エムユービジネスサポート,その他・各種スクール,求人なし,東京都西東京市新町1-1-20武蔵野大学むさしの館 2Ｆ,2004,代表取締役 横山 尚佳,10 百万円,,,,
2024-08-01,株式会社クラブキッズ,その他・各種スクール,求人なし,埼玉県越谷市弥生町6-7野口ビル,2003,代表取締役 野口 峻平,10 百万円,,,,
2024-08-01,有限会社かがやき,学習塾・予備校・専門学校,無,神奈川県川崎市多摩区宿河原2-16-232号,2003,代表取締役 曽根 和美,3 百万円,,,,
2024-08-01,東京ガイダンス株式会社,学習塾・予備校・専門学校,無,東京都大田区大森北1-21-1ヴィップ大森パークサイドマンション 104,2004,代表取締役 山野 義友,10 百万円,,,,
2024-08-01,株式会社Ｇ－ＦＬＥＸ,学習塾・予備校・専門学校,求人なし,神奈川県横浜市泉区和泉町4192-3,2004,代表取締役 矢田 剛,10 百万円,,,,
2024-08-01,有限会社Ｇプロ東京,その他・各種スクール,求人なし,東京都杉並区今川2-21-17オーパスワン 1Ｆ,2004,取締役 沖山 勝彦,3 百万円,,,,
2024-08-01,有限会社ＲＴＫ,その他・各種スクール,求人なし,東京都八王子市めじろ台2-1-1京王マンションＡ棟 310,2004,代表取締役 須﨑 恭彦,5 百万円,,,,
