更新日,名称,業界(小分類),求人有無,所在地,代表者,設立,平均年齢,従業員数,企業URL,資本金,事業内容
2024-08-01,滋賀県守山市役所,公社・官公庁・学校・研究施設,求人なし,滋賀県守山市吉身2-5-22,市長 森中 高史,,,,,,
2024-08-01,滋賀県草津市役所,公社・官公庁・学校・研究施設,求人なし,滋賀県草津市草津3-13-30,市長 橋川 渉,,,,,,
2024-08-01,滋賀県大津市役所,公社・官公庁・学校・研究施設,求人なし,滋賀県大津市御陵町3-1,市長 佐藤 健司,1937,,,,,
2024-08-01,滋賀県長浜市役所,公社・官公庁・学校・研究施設,求人なし,滋賀県長浜市八幡東町632,市長 浅見 宣義,,,,,,
2024-08-01,滋賀県彦根市役所,公社・官公庁・学校・研究施設,求人なし,滋賀県彦根市元町4-2,市長 和田 裕行,,,,,,
2024-08-01,兵庫県芦屋市役所,公社・官公庁・学校・研究施設,求人なし,兵庫県芦屋市精道町7-6,市長 髙島 崚輔,,,,,,
2024-08-01,兵庫県三田市役所,公社・官公庁・学校・研究施設,求人なし,兵庫県三田市三輪2-1-1,市長 田村 克也,,,,,,
2024-08-01,兵庫県三木市役所,公社・官公庁・学校・研究施設,求人なし,兵庫県三木市上の丸町10-30,市長 仲田 一彦,,,,,,
2024-08-01,兵庫県洲本市役所,公社・官公庁・学校・研究施設,求人なし,兵庫県洲本市本町3-4-10,市長 上崎 勝規,,,,,,
2024-08-01,兵庫県小野市役所,公社・官公庁・学校・研究施設,求人なし,兵庫県小野市中島町531,市長 蓬莱 務,,,,,,
2024-08-01,兵庫県西宮市役所,公社・官公庁・学校・研究施設,求人なし,兵庫県西宮市六湛寺町10-3,市長 石井 登志郎,,,,,,
2024-08-01,兵庫県明石市役所,公社・官公庁・学校・研究施設,求人なし,兵庫県明石市中崎1-5-1,市長 丸谷 聡子,,,,,,
2024-08-01,兵庫県播磨町役場,公社・官公庁・学校・研究施設,求人なし,兵庫県加古郡播磨町東本荘1-5-30,町長 清水 ひろ子,,,,,,
2024-08-01,兵庫県加古川市役所,公社・官公庁・学校・研究施設,求人なし,兵庫県加古川市加古川町北在家2000,市長 岡田 康裕,,,,,,
2024-08-01,兵庫県加西市役所,公社・官公庁・学校・研究施設,求人なし,兵庫県加西市北条町横尾1000,市長 高橋 晴彦,,,,,,
2024-08-01,兵庫県高砂市役所,公社・官公庁・学校・研究施設,求人なし,兵庫県高砂市荒井町千鳥1-1-1,市長 都倉 達殊,,,,,,
2024-08-01,兵庫県市川町役場,公社・官公庁・学校・研究施設,求人なし,兵庫県神崎郡市川町西川辺165-3,町長 岩見 武三,,,,,,
2024-08-01,兵庫県赤穂市役所,公社・官公庁・学校・研究施設,求人なし,兵庫県赤穂市加里屋81,市長 牟礼 正稔,,,,,,
2024-08-01,兵庫県相生市役所,公社・官公庁・学校・研究施設,求人なし,兵庫県相生市旭1-1-3,市長 谷口 芳紀,,,,,,
2024-08-01,兵庫県姫路市役所,公社・官公庁・学校・研究施設,無,兵庫県姫路市安田4-1,市長 清元 秀泰,,,,,,
2024-08-01,兵庫県太子町役場,公社・官公庁・学校・研究施設,求人なし,兵庫県揖保郡太子町鵤280-1,町長 浅野 克己,,,,,,
2024-08-01,岡山県高梁市役所,公社・官公庁・学校・研究施設,求人なし,岡山県高梁市松原通2043,市長 近藤 隆則,,,,,,
2024-08-01,岡山県矢掛町役場,公社・官公庁・学校・研究施設,求人なし,岡山県小田郡矢掛町矢掛3018,町長 山岡 敦,,,,,,
2024-08-01,岡山県備前市役所,公社・官公庁・学校・研究施設,求人なし,岡山県備前市東片上126,市長 吉村 武司,,,,,,
2024-08-01,岡山県岡山市役所,公社・官公庁・学校・研究施設,求人なし,岡山県岡山市北区大供1-1-1,市長 大森 雅夫,,,,,,
2024-08-01,岡山県倉敷市役所,公社・官公庁・学校・研究施設,求人なし,岡山県倉敷市西中新田640,市長 伊東 香織,,,,,,
2024-08-01,岡山県総社市役所,公社・官公庁・学校・研究施設,求人なし,岡山県総社市中央1-1-1,市長 片岡 聡一,,,,,,
2024-08-01,岡山県津山市役所,公社・官公庁・学校・研究施設,求人なし,岡山県津山市山北520,市長 谷口 圭三,,,,,,
2024-08-01,広島県福山市役所,公社・官公庁・学校・研究施設,無,広島県福山市東桜町3-5,市長 枝廣 直幹,,,,,,
2024-08-01,岡山県井原市役所,公社・官公庁・学校・研究施設,求人なし,岡山県井原市井原町311-1,市長 大舌 勲,,,,,,
2024-08-01,広島県三原市役所,公社・官公庁・学校・研究施設,求人なし,広島県三原市港町3-5-1,市長 岡田 吉弘,,,,,,
2024-08-01,広島県尾道市役所,公社・官公庁・学校・研究施設,求人なし,広島県尾道市久保1-15-1,市長 平谷 祐宏,,,,,,
2024-08-01,広島県府中市役所,公社・官公庁・学校・研究施設,求人なし,広島県府中市府川町315,市長 小野 申人,,,,,,
2024-08-01,鳥取県鳥取市役所,公社・官公庁・学校・研究施設,求人なし,鳥取県鳥取市幸町71,市長 深澤 義彦,,,,,,
2024-08-01,鳥取県智頭町役場,公社・官公庁・学校・研究施設,求人なし,鳥取県八頭郡智頭町大字智頭2072-1,町長 寺谷 誠一郎,,,,,,
2024-08-01,広島県海田町役場,公社・官公庁・学校・研究施設,求人なし,広島県安芸郡海田町南昭和町14-17,町長 西田 祐三,,,,,,
2024-08-01,広島県呉市役所,公社・官公庁・学校・研究施設,求人なし,広島県呉市中央4-1-6,市長 新原 芳明,,,,,,
2024-08-01,広島県広島市役所,公社・官公庁・学校・研究施設,求人なし,広島県広島市中区国泰寺町1-6-34,市長 松井 一實,,,,,,
2024-08-01,広島県三次市役所,公社・官公庁・学校・研究施設,求人なし,広島県三次市十日市中2-8-1,市長 福岡 誠志,,,,,,
2024-08-01,広島県竹原市役所,公社・官公庁・学校・研究施設,求人なし,広島県竹原市中央5-1-35,市長 今榮 敏彦,,,,,,
2024-08-01,広島県東広島市役所,公社・官公庁・学校・研究施設,求人なし,広島県東広島市西条栄町8-29,市長 髙垣 廣德,,,,,,
2024-08-01,広島県廿日市市役所,公社・官公庁・学校・研究施設,求人なし,広島県廿日市市下平良1-11-1,市長 松本 太郎,,,,,,
2024-08-01,山口県岩国市役所,公社・官公庁・学校・研究施設,求人なし,山口県岩国市今津町1-14-51,市長 福田 良彦,,,,,,
2024-08-01,山口県上関町役場,公社・官公庁・学校・研究施設,求人なし,山口県熊毛郡上関町大字長島448,町長 柏原 重海,,,,,,
2024-08-01,山口県光市役所,公社・官公庁・学校・研究施設,求人なし,山口県光市中央6-1-1,市長 市川 熙,,,,,,
2024-08-01,山口県山口市役所,公社・官公庁・学校・研究施設,求人なし,山口県山口市亀山町2-1,市長 伊藤 和貴,,,,,,
2024-08-01,山口県周南市役所,公社・官公庁・学校・研究施設,求人なし,山口県周南市岐山通1-1,市長 藤井 律子,,,,,,
2024-08-01,山口県防府市役所,公社・官公庁・学校・研究施設,求人なし,山口県防府市寿町7-1,市長 池田 豊,,,,,,
2024-08-01,山口県柳井市役所,公社・官公庁・学校・研究施設,求人なし,山口県柳井市南町1-10-2,市長 井原 健太郎,,,,,,
2024-08-01,島根県海士町役場,公社・官公庁・学校・研究施設,求人なし,島根県隠岐郡海士町大字海士1490,町長 三宅 実,,,,,,
2024-08-01,島根県西ノ島町役場,公社・官公庁・学校・研究施設,求人なし,島根県隠岐郡西ノ島町大字美田600-4,町長 嘉戸 隆,,,,,,
2024-08-01,島根県知夫村役場,公社・官公庁・学校・研究施設,求人なし,島根県隠岐郡知夫村1065,村長 平木 伴佳,,,,,,
2024-08-01,島根県益田市役所,公社・官公庁・学校・研究施設,求人なし,島根県益田市常盤町1-1,市長 山本 浩章,,,,,,
2024-08-01,島根県江津市役所,公社・官公庁・学校・研究施設,求人なし,島根県江津市江津町1016-4,市長 中村 中,,,,,,
2024-08-01,島根県出雲市役所,公社・官公庁・学校・研究施設,求人なし,島根県出雲市今市町70,市長 飯塚 俊之,,,,,,
2024-08-01,島根県松江市役所,公社・官公庁・学校・研究施設,求人なし,島根県松江市末次町86,市長 上定 昭仁,,,,,,
2024-08-01,島根県浜田市役所,公社・官公庁・学校・研究施設,求人なし,島根県浜田市殿町1,市長 久保田 章市,,,,,,
2024-08-01,島根県川本町役場,公社・官公庁・学校・研究施設,求人なし,島根県邑智郡川本町大字川本271-3,町長 升谷 健,,,,,,
2024-08-01,山口県宇部市役所,公社・官公庁・学校・研究施設,求人なし,山口県宇部市常盤町1-7-1,市長 篠﨑 圭二,,,,,,
2024-08-01,山口県下関市役所,公社・官公庁・学校・研究施設,求人なし,山口県下関市南部町1-1,市長 前田 晋太郎,,,,,,
2024-08-01,山口県萩市役所,公社・官公庁・学校・研究施設,求人なし,山口県萩市大字江向510,市長 田中 文夫,,,,,,
2024-08-01,鳥取県米子市役所,公社・官公庁・学校・研究施設,求人なし,鳥取県米子市加茂町1-1,市長 伊木 隆司,,,,,,
2024-08-01,島根県安来市役所,公社・官公庁・学校・研究施設,求人なし,島根県安来市安来町878-2,市長 田中 武夫,,,,,,
2024-08-01,鳥取県日吉津村役場,公社・官公庁・学校・研究施設,求人なし,鳥取県西伯郡日吉津村大字日吉津872-15,村長 中田 達彦,,,,,,
2024-08-01,香川県丸亀市役所,公社・官公庁・学校・研究施設,求人なし,香川県丸亀市大手町2-4-21,市長 松永 恭二,,,,,,
2024-08-01,香川県高松市役所,公社・官公庁・学校・研究施設,求人なし,香川県高松市番町1-8-15,市長 大西 秀人,,,,,,
2024-08-01,香川県坂出市役所,公社・官公庁・学校・研究施設,求人なし,香川県坂出市室町2-3-5,市長 有福 哲二,,,,,,
2024-08-01,愛媛県今治市役所,公社・官公庁・学校・研究施設,求人なし,愛媛県今治市別宮町1-4-1,市長 徳永 繁樹,,,,,,
2024-08-01,愛媛県西条市役所,公社・官公庁・学校・研究施設,求人なし,愛媛県西条市明屋敷164,市長 玉井 敏久,,,,,,
2024-08-01,愛媛県伊予市役所,公社・官公庁・学校・研究施設,求人なし,愛媛県伊予市米湊820,市長 武智 邦典,,,,,,
2024-08-01,愛媛県宇和島市役所,公社・官公庁・学校・研究施設,求人なし,愛媛県宇和島市曙町1,市長 岡原 文彰,,,,,,
2024-08-01,愛媛県松山市役所,公社・官公庁・学校・研究施設,求人なし,愛媛県松山市二番町4-7-2,市長 野志 克仁,,,,,,
2024-08-01,高知県日高村役場,公社・官公庁・学校・研究施設,求人なし,高知県高岡郡日高村本郷61-1,村長 戸梶 眞幸,,,,,,
2024-08-01,高知県高知市役所,公社・官公庁・学校・研究施設,求人なし,高知県高知市本町5-1-45,市長 桑名 龍吾,,,,,,
2024-08-01,高知県土佐市役所,公社・官公庁・学校・研究施設,求人なし,高知県土佐市高岡町甲2017-1,市長 板原 啓文,,,,,,
2024-08-01,高知県土佐清水市役所,公社・官公庁・学校・研究施設,求人なし,高知県土佐清水市天神町11-2,市長 程岡 庸,,,,,,
2024-08-01,徳島県徳島市役所,公社・官公庁・学校・研究施設,求人なし,徳島県徳島市幸町2-5,市長 遠藤 彰良,,,,,,
2024-08-01,徳島県鳴門市役所,公社・官公庁・学校・研究施設,求人なし,徳島県鳴門市撫養町南浜字東浜170,市長 泉 理彦,,,,,,
2024-08-01,徳島県阿南市役所,公社・官公庁・学校・研究施設,求人なし,徳島県阿南市富岡町トノ町12-3,市長 岩佐 義弘,,,,,,
2024-08-01,福岡県久留米市役所,公社・官公庁・学校・研究施設,無,福岡県久留米市城南町15-3,市長 原口 新五,,,,,,
2024-08-01,福岡県古賀市役所,公社・官公庁・学校・研究施設,求人なし,福岡県古賀市駅東1-1-1,市長 田辺 一城,,,,,,
2024-08-01,福岡県大刀洗町役場,公社・官公庁・学校・研究施設,求人なし,福岡県三井郡大刀洗町大字冨多819,町長 中山 哲志,,,,,,
2024-08-01,福岡県宗像市役所,公社・官公庁・学校・研究施設,求人なし,福岡県宗像市東郷1-1-1,市長 伊豆 美沙子,,,,,,
2024-08-01,福岡県春日市役所,公社・官公庁・学校・研究施設,求人なし,福岡県春日市原町3-1-5,市長 井上 澄和,,,,,,
2024-08-01,福岡県小郡市役所,公社・官公庁・学校・研究施設,求人なし,福岡県小郡市小郡255-1,市長 加地 良光,,,,,,
2024-08-01,福岡県宇美町役場,公社・官公庁・学校・研究施設,求人なし,福岡県糟屋郡宇美町宇美5-1-1,町長 木原 忠,,,,,,
2024-08-01,福岡県志免町役場,公社・官公庁・学校・研究施設,求人なし,福岡県糟屋郡志免町志免中央1-1-1,町長 世利 良末,,,,,,
2024-08-01,福岡県篠栗町役場,公社・官公庁・学校・研究施設,求人なし,福岡県糟屋郡篠栗町中央1-1-1,町長 三浦 正,,,,,,
2024-08-01,福岡県新宮町役場,公社・官公庁・学校・研究施設,求人なし,福岡県糟屋郡新宮町緑ケ浜1-1-1,町長 長崎,,,,,,
2024-08-01,福岡県須恵町役場,公社・官公庁・学校・研究施設,求人なし,福岡県糟屋郡須惠町大字須惠771,町長 平松 秀一,,,,,,
2024-08-01,福岡県粕屋町役場,公社・官公庁・学校・研究施設,求人なし,福岡県糟屋郡粕屋町駕与丁1-1-1,町長 箱田 彰,,,,,,
2024-08-01,福岡県太宰府市役所,公社・官公庁・学校・研究施設,求人なし,福岡県太宰府市観世音寺1-1-1,市長 楠田 大蔵,,,,,,
2024-08-01,福岡県大川市役所,公社・官公庁・学校・研究施設,求人なし,福岡県大川市大字酒見256-1,市長 倉重 良一,,,,,,
2024-08-01,福岡県大牟田市役所,公社・官公庁・学校・研究施設,求人なし,福岡県大牟田市有明町2-3,市長 関 好孝,,,,,,
2024-08-01,福岡県大野城市役所,公社・官公庁・学校・研究施設,求人なし,福岡県大野城市曙町2-2-1,市長 井本 宗司,,,,,,
2024-08-01,福岡県筑後市役所,公社・官公庁・学校・研究施設,求人なし,福岡県筑後市大字山ノ井898,市長 西田 正治,,,,,,
2024-08-01,福岡県筑紫野市役所,公社・官公庁・学校・研究施設,求人なし,福岡県筑紫野市石崎1-1-1,市長 平井 一三,,,,,,
2024-08-01,福岡県広川町役場,公社・官公庁・学校・研究施設,求人なし,福岡県八女郡広川町大字新代1804-1,町長 渡邉 元喜,,,,,,
2024-08-01,福岡県八女市役所,公社・官公庁・学校・研究施設,求人なし,福岡県八女市本町647,市長 三田村 統之,,,,,,
2024-08-01,福岡県福岡市役所,公社・官公庁・学校・研究施設,無,福岡県福岡市中央区天神1-8-1,市長 髙島 宗一郎,1889,,,,,
2024-08-01,福岡県柳川市役所,公社・官公庁・学校・研究施設,求人なし,福岡県柳川市本町87-1,市長 金子 健次,,,,,,
2024-08-01,学校法人柳商学園,公社・官公庁・学校・研究施設,求人なし,福岡県柳川市本城町125,理事長 古賀 賢,1941,,,,"1,394 百万円",
2024-08-01,福岡県芦屋町役場,公社・官公庁・学校・研究施設,求人なし,福岡県遠賀郡芦屋町幸町2-20,町長 波多野 茂丸,,,,,,
2024-08-01,福岡県遠賀町役場,公社・官公庁・学校・研究施設,求人なし,福岡県遠賀郡遠賀町大字今古賀513,町長 古野 修,,,,,,
2024-08-01,福岡県行橋市役所,公社・官公庁・学校・研究施設,求人なし,福岡県行橋市中央1-1-1,市長 工藤 政宏,,,,,,
2024-08-01,福岡県吉富町役場,公社・官公庁・学校・研究施設,求人なし,福岡県築上郡吉富町大字広津226-1,町長 花畑 明,,,,,,
2024-08-01,福岡県直方市役所,公社・官公庁・学校・研究施設,無,福岡県直方市殿町7-1,市長 大塚 進弘,,,,,,
2024-08-01,福岡県赤村役場,公社・官公庁・学校・研究施設,求人なし,福岡県田川郡赤村大字内田1188,村長 道 廣幸,,,,,,
2024-08-01,福岡県川崎町役場,公社・官公庁・学校・研究施設,求人なし,福岡県田川郡川崎町大字田原789-2,町長 原口 正弘,,,,,,
2024-08-01,福岡県添田町役場,公社・官公庁・学校・研究施設,求人なし,福岡県田川郡添田町大字添田2151,町長 寺西 明男,,,,,,
2024-08-01,福岡県田川市役所,公社・官公庁・学校・研究施設,求人なし,福岡県田川市中央町1-1,市長 村上 卓哉,,,,,,
2024-08-01,福岡県中間市役所,公社・官公庁・学校・研究施設,求人なし,福岡県中間市中間1-1-1,市長 福田 健次,,,,,,
2024-08-01,福岡県飯塚市役所,公社・官公庁・学校・研究施設,求人なし,福岡県飯塚市新立岩5-5,市長 武井 政一,,,,,,
2024-08-01,福岡県豊前市役所,公社・官公庁・学校・研究施設,求人なし,福岡県豊前市大字吉木955,市長 後藤 元秀,,,,,,
2024-08-01,福岡県北九州市役所,公社・官公庁・学校・研究施設,無,福岡県北九州市小倉北区城内1-1,市長 武内 和久,,,,,,情報が古い可能性があります。最新の情報を確認する場合はHP等をご覧ください。 北九州への移住や定住をお考えの方へ、就職支援を中心としたサポートをおこなっています。 2023年2月doda掲載求人より引用
2024-08-01,大分県大分市役所,公社・官公庁・学校・研究施設,求人なし,大分県大分市荷揚町2-31,市長 足立 信也,,,,,,
2024-08-01,大分県日田市役所,公社・官公庁・学校・研究施設,求人なし,大分県日田市田島2-6-1,市長 椋野 美智子,,,,,,
2024-08-01,大分県臼杵市役所,公社・官公庁・学校・研究施設,求人なし,大分県臼杵市大字臼杵72-1,市長 中野 五郎,,,,,,
2024-08-01,大分県別府市役所,公社・官公庁・学校・研究施設,求人なし,大分県別府市上野口町1-15,市長 長野 恭紘,,,,,,
2024-08-01,大分県九重町役場,公社・官公庁・学校・研究施設,求人なし,大分県玖珠郡九重町大字後野上8-1,町長 日野 康志,,,,,,
2024-08-01,大分県佐伯市役所,公社・官公庁・学校・研究施設,求人なし,大分県佐伯市中村南町1-1,市長 田中 利明,,,,,,
2024-08-01,大分県中津市役所,公社・官公庁・学校・研究施設,求人なし,大分県中津市豊田町14-3,市長 奥塚 正典,,,,,,
2024-08-01,宮崎県宮崎市役所,公社・官公庁・学校・研究施設,無,宮崎県宮崎市橘通西1-1-1,市長 清山 知憲,,,,,,情報が古い可能性があります。最新の情報を確認する場合はHP等をご覧ください。 ※各企業により異なります。 2021年9月doda掲載求人より引用
2024-08-01,宮崎県延岡市役所,公社・官公庁・学校・研究施設,求人なし,宮崎県延岡市東本小路2-1,市長 読谷山 洋司,,,,,,
2024-08-01,宮崎県串間市役所,公社・官公庁・学校・研究施設,求人なし,宮崎県串間市大字西方5550,市長 島田 俊光,,,,,,
2024-08-01,宮崎県小林市役所,公社・官公庁・学校・研究施設,求人なし,宮崎県小林市細野300,市長 宮原 義久,,,,,,
2024-08-01,宮崎県高千穂町役場,公社・官公庁・学校・研究施設,求人なし,宮崎県西臼杵郡高千穂町大字三田井13,町長 甲斐 宗之,,,,,,
2024-08-01,宮崎県諸塚村役場,公社・官公庁・学校・研究施設,求人なし,宮崎県東臼杵郡諸塚村大字家代2683,村長 西川 健,,,,,,
2024-08-01,宮崎県日向市役所,公社・官公庁・学校・研究施設,求人なし,宮崎県日向市本町10-5,市長 西村 賢,,,,,,
2024-08-01,熊本県熊本市役所,公社・官公庁・学校・研究施設,求人なし,熊本県熊本市中央区手取本町1-1,市長 大西 一史,,,,,,
2024-08-01,熊本県益城町役場,公社・官公庁・学校・研究施設,求人なし,熊本県上益城郡益城町大字宮園702,町長 西村 博則,,,,,,
2024-08-01,熊本県芦北町役場,公社・官公庁・学校・研究施設,求人なし,熊本県葦北郡芦北町大字芦北2015,町長 竹﨑 一成,,,,,,
2024-08-01,熊本県宇土市役所,公社・官公庁・学校・研究施設,求人なし,熊本県宇土市浦田町51,市長 元松 茂樹,,,,,,
2024-08-01,熊本県菊陽町役場,公社・官公庁・学校・研究施設,求人なし,熊本県菊池郡菊陽町大字久保田2800,町長 吉本 孝寿,,,,,,
2024-08-01,熊本県山江村役場,公社・官公庁・学校・研究施設,求人なし,熊本県球磨郡山江村大字山田甲1356-1,村長 内山 慶治,,,,,,
2024-08-01,熊本県長洲町役場,公社・官公庁・学校・研究施設,求人なし,熊本県玉名郡長洲町大字長洲2766,町長 中逸 博光,,,,,,
2024-08-01,熊本県南関町役場,公社・官公庁・学校・研究施設,求人なし,熊本県玉名郡南関町大字関町64,町長 佐藤 安彦,,,,,,
2024-08-01,熊本県玉名市役所,公社・官公庁・学校・研究施設,求人なし,熊本県玉名市岩崎163,市長 藏原 隆浩,,,,,,
2024-08-01,長崎県佐世保市役所,公社・官公庁・学校・研究施設,無,長崎県佐世保市八幡町1-10,市長 宮島 大典,,,,,,情報が古い可能性があります。最新の情報を確認する場合はHP等をご覧ください。 佐世保市への移住や定住をお考えの方へ、移住・暮らし・就職もサポートします。 2021年12月doda掲載求人より引用
2024-08-01,長崎県松浦市役所,公社・官公庁・学校・研究施設,求人なし,長崎県松浦市志佐町里免365,市長 友田 吉泰,,,,,,
2024-08-01,長崎県大村市役所,公社・官公庁・学校・研究施設,無,長崎県大村市玖島1-25,市長 園田 裕史,,,,,,
2024-08-01,長崎県長崎市役所,公社・官公庁・学校・研究施設,求人なし,長崎県長崎市魚の町4-1,市長 鈴木 史朗,,,,,,
2024-08-01,長崎県島原市役所,公社・官公庁・学校・研究施設,求人なし,長崎県島原市上の町537,市長 古川 隆三郎,,,,,,
2024-08-01,長崎県川棚町役場,公社・官公庁・学校・研究施設,求人なし,長崎県東彼杵郡川棚町中組郷1518-1,町長 山口 文夫,,,,,,
2024-08-01,長崎県波佐見町役場,公社・官公庁・学校・研究施設,求人なし,長崎県東彼杵郡波佐見町宿郷660,町長 一瀬 政太,,,,,,
2024-08-01,長崎県平戸市役所,公社・官公庁・学校・研究施設,求人なし,長崎県平戸市岩の上町1508-3,市長 黒田 成彦,,,,,,
2024-08-01,長崎県小値賀町役場,公社・官公庁・学校・研究施設,求人なし,長崎県北松浦郡小値賀町笛吹郷2376-1,町長 西村 久之,,,,,,
2024-08-01,長崎県諫早市役所,公社・官公庁・学校・研究施設,求人なし,長崎県諫早市東小路町7-1,市長 大久保 潔重,,,,,,
2024-08-01,佐賀県大町町役場,公社・官公庁・学校・研究施設,求人なし,佐賀県杵島郡大町町大字大町5017,町長 水川 一哉,,,,,,
2024-08-01,佐賀県白石町役場,公社・官公庁・学校・研究施設,求人なし,佐賀県杵島郡白石町大字福田1247-1,町長 田島 健一,,,,,,
2024-08-01,佐賀県佐賀市役所,公社・官公庁・学校・研究施設,求人なし,佐賀県佐賀市栄町1-1,市長 坂井 英隆,,,,,,
2024-08-01,佐賀県有田町役場,公社・官公庁・学校・研究施設,求人なし,佐賀県西松浦郡有田町立部乙2202,町長 松尾 佳昭,,,,,,
2024-08-01,佐賀県鳥栖市役所,公社・官公庁・学校・研究施設,求人なし,佐賀県鳥栖市宿町1118,市長 向門 慶人,,,,,,
2024-08-01,佐賀県唐津市役所,公社・官公庁・学校・研究施設,求人なし,佐賀県唐津市西城内1-1,市長 峰 達郎,,,,,,
2024-08-01,佐賀県玄海町役場,公社・官公庁・学校・研究施設,求人なし,佐賀県東松浦郡玄海町大字諸浦348,町長 脇山 伸太郎,,,,,,
2024-08-01,佐賀県武雄市役所,公社・官公庁・学校・研究施設,求人なし,佐賀県武雄市武雄町大字昭和12-10,市長 小松 政,,,,,,
2024-08-01,鹿児島県中種子町役場,公社・官公庁・学校・研究施設,求人なし,鹿児島県熊毛郡中種子町野間5186,町長 田渕川 寿広,,,,,,
2024-08-01,鹿児島県指宿市役所,公社・官公庁・学校・研究施設,求人なし,鹿児島県指宿市十町2424,市長 打越 あかし,,,,,,
2024-08-01,鹿児島県鹿児島市役所,公社・官公庁・学校・研究施設,求人なし,鹿児島県鹿児島市山下町11-1,市長 下鶴 隆央,,,,,,
2024-08-01,鹿児島県西之表市役所,公社・官公庁・学校・研究施設,求人なし,鹿児島県西之表市西之表7612,市長 八板 俊輔,,,,,,
2024-08-01,鹿児島県知名町役場,公社・官公庁・学校・研究施設,求人なし,鹿児島県大島郡知名町大字知名307,町長 今井 力夫,,,,,,
2024-08-01,鹿児島県和泊町役場,公社・官公庁・学校・研究施設,求人なし,鹿児島県大島郡和泊町大字和泊10,町長 伊地知 実利,,,,,,
2024-08-01,沖縄県読谷村役場,公社・官公庁・学校・研究施設,求人なし,沖縄県中頭郡読谷村字座喜味2901,村長 石嶺 傳實,,,,,,
2024-08-01,沖縄県那覇市役所,公社・官公庁・学校・研究施設,求人なし,沖縄県那覇市泉崎1-1-1,市長 知念 覚,,,,,,
2024-08-01,沖縄県本部町役場,公社・官公庁・学校・研究施設,求人なし,沖縄県国頭郡本部町字東5,町長 平良 武康,,,,,,
2024-08-01,沖縄県伊平屋村役場,公社・官公庁・学校・研究施設,求人なし,沖縄県島尻郡伊平屋村字我喜屋251,村長 伊礼 幸雄,,,,,,
2024-08-01,沖縄県座間味村役場,公社・官公庁・学校・研究施設,求人なし,沖縄県島尻郡座間味村字座間味109,村長 宮里 哲,,,,,,
2024-08-01,沖縄県庁,公社・官公庁・学校・研究施設,無,沖縄県那覇市泉崎1-2-2,知事 玉城 デニー,,,,,,
2024-08-01,千葉県警察本部,公社・官公庁・学校・研究施設,無,千葉県千葉市中央区長洲1-9-1,,,,,,,情報が古い可能性があります。最新の情報を確認する場合はHP等をご覧ください。 千葉県民の個人の生命、身体及び財産の保護、犯罪の予防、鎮圧及び捜査、被疑者の逮捕、交通の取締、その他公共の安全と秩序を維持する職務に従事します。 2022年8月doda掲載求人より引用
2024-08-01,埼玉県警察本部,公社・官公庁・学校・研究施設,無,埼玉県さいたま市浦和区高砂3-15-1,,,,,,,
2024-08-01,茨城県警察本部,公社・官公庁・学校・研究施設,無,茨城県水戸市笠原町978-6,,,,,,,
2024-08-01,山口県警察本部,公社・官公庁・学校・研究施設,無,山口県山口市滝町1-1,,,,,,,
2024-08-01,学校法人京都精華大学,公社・官公庁・学校・研究施設,求人なし,京都府京都市左京区岩倉木野町137,理事長 石田 涼,1993,,,,"24,185 百万円",
2024-08-01,学校法人ヴィアトール学園,公社・官公庁・学校・研究施設,求人なし,京都府京都市北区小松原南町33,理事長 島田 眞路,1952,,,,,
2024-08-01,学校法人四日市メリノール学院,公社・官公庁・学校・研究施設,求人なし,三重県四日市市平尾町2800,理事長 伊藤 春樹,1963,,,,"2,014 百万円",
2024-08-01,学校法人愛泉学園,公社・官公庁・学校・研究施設,求人なし,大阪府堺市堺区浅香山町1-2-20,理事長 重山 誠央,1939,,,,"2,276 百万円",
2024-08-01,学校法人愛知江南学園,公社・官公庁・学校・研究施設,求人なし,愛知県江南市高屋町大松原172,理事長 伊藤 由香,1967,,,,"6,928 百万円",
2024-08-01,学校法人愛知産業大学,公社・官公庁・学校・研究施設,求人なし,愛知県名古屋市中区橘2-6-15,理事長 小林 英三,1948,,,,"35,705 百万円",
2024-08-01,学校法人愛美学園,公社・官公庁・学校・研究施設,求人なし,愛知県名古屋市西区新道1-23-15,理事長 渡邉 眞帆子,1941,,,,"5,616 百万円",
2024-08-01,学校法人延暦寺學園,公社・官公庁・学校・研究施設,求人なし,滋賀県大津市坂本4-3-1,理事長 水尾 寂芳,1948,,,,"3,355 百万円",
2024-08-01,学校法人鴎友学園,公社・官公庁・学校・研究施設,求人なし,東京都世田谷区宮坂1-5-30,理事長 清水 哲雄,1933,,,,"5,943 百万円",
2024-08-01,学校法人海星学院,公社・官公庁・学校・研究施設,求人なし,北海道室蘭市高砂町3-7-7,理事長 小林 薫,1961,,,,105 百万円,
2024-08-01,学校法人芥田学園,公社・官公庁・学校・研究施設,求人なし,静岡県浜松市中央区向宿2-20-1,理事長 木俣 安弘,1944,,,,"1,991 百万円",
2024-08-01,学校法人開成学園,公社・官公庁・学校・研究施設,求人なし,埼玉県さいたま市大宮区堀の内町1-615,理事長 松﨑 一洋,1953,,,,"6,010 百万円",
2024-08-01,学校法人鎌倉女学院,公社・官公庁・学校・研究施設,求人なし,神奈川県鎌倉市由比ガ浜2-10-4,理事長 杉山 美智子,1926,,,,"2,648 百万円",
2024-08-01,学校法人関西大倉学園,公社・官公庁・学校・研究施設,求人なし,大阪府茨木市室山2-14-1,理事長 倉田 薫,1941,,,,"5,343 百万円",
2024-08-01,学校法人京都文教学園,公社・官公庁・学校・研究施設,求人なし,京都府宇治市槇島町千足80,理事長 仁科 周朗,1951,,,,"20,534 百万円",
2024-08-01,学校法人共栄学園,公社・官公庁・学校・研究施設,求人なし,京都府福知山市字篠尾62-5,理事長 中井 博之,1957,,,,,
2024-08-01,学校法人玉田学園,公社・官公庁・学校・研究施設,求人なし,兵庫県神戸市長田区池田上町92,理事長 中村 忠司,1944,,,,,
2024-08-01,学校法人九州中村高等学園,公社・官公庁・学校・研究施設,求人なし,福岡県福岡市東区香椎駅東2-22-1,理事長 中村 治,1963,,,,138 百万円,
2024-08-01,学校法人九里学園,公社・官公庁・学校・研究施設,求人なし,山形県米沢市門東町1-1-72,理事長 九里 廣志,1935,,,,"1,563 百万円",
2024-08-01,学校法人啓明学院,公社・官公庁・学校・研究施設,求人なし,兵庫県神戸市須磨区横尾9-5-1,理事長 新 尚一,1945,,,,"7,158 百万円",
2024-08-01,学校法人見真学園,公社・官公庁・学校・研究施設,求人なし,広島県広島市西区己斐東1-13-1,理事長 安部 惠証,1951,,,,"1,164 百万円",
2024-08-01,学校法人賢明学院,公社・官公庁・学校・研究施設,求人なし,大阪府堺市堺区霞ヶ丘町4-3-30,理事長 髙畠 政行,1955,,,,"4,519 百万円",
2024-08-01,学校法人向上学園,公社・官公庁・学校・研究施設,求人なし,神奈川県伊勢原市見附島411,理事長 山田 貴久,1941,,,,"5,815 百万円",
2024-08-01,学校法人高橋学園,公社・官公庁・学校・研究施設,求人なし,千葉県東金市田間1999,理事長 髙橋 邦夫,1953,,,,"4,353 百万円",
2024-08-01,学校法人高木学園,公社・官公庁・学校・研究施設,求人なし,神奈川県横浜市港北区菊名7-6-43,理事長 塗木 暁子,1943,,,,"14,009 百万円",
2024-08-01,学校法人今治明徳学園,公社・官公庁・学校・研究施設,求人なし,愛媛県今治市北日吉町1-4-47,理事長 白川 見敬,1951,,,,"3,381 百万円",
2024-08-01,学校法人佐久学園,公社・官公庁・学校・研究施設,求人なし,長野県佐久市岩村田2384,理事長 盛岡 正博,1964,,,,"3,820 百万円",
2024-08-01,学校法人佐保会学園,公社・官公庁・学校・研究施設,求人なし,奈良県奈良市鹿野園町806,理事長 馬越 かよ子,1965,,,,"3,382 百万円",
2024-08-01,学校法人桜丘,公社・官公庁・学校・研究施設,求人なし,東京都北区滝野川1-51-12,理事長 立野 有文,1959,,,,"3,268 百万円",
2024-08-01,学校法人札幌龍谷学園,公社・官公庁・学校・研究施設,求人なし,北海道札幌市中央区北四条西19-1-2,理事長 沙々木 学,1963,,,,"2,138 百万円",
2024-08-01,学校法人三輪田学園,公社・官公庁・学校・研究施設,求人なし,東京都千代田区九段北3-3-15,理事長 塩見 牧雄,1943,,,,"5,695 百万円",
2024-08-01,学校法人山陽女学園,公社・官公庁・学校・研究施設,求人なし,広島県廿日市市佐方本町1-1,理事長 石田 孝樹,1944,,,,"4,608 百万円",
2024-08-01,学校法人淑徳学林,公社・官公庁・学校・研究施設,求人なし,京都府福知山市字正明寺36-10,理事長 山口 剛,1951,,,,595 百万円,
2024-08-01,学校法人駿台甲府学園,公社・官公庁・学校・研究施設,求人なし,山梨県甲府市塩部2-8-1,理事長 田中 雅浩,1956,,,,200 百万円,
2024-08-01,学校法人純美禮学園,公社・官公庁・学校・研究施設,求人なし,滋賀県大津市竜が丘24-4,理事長 秋山 元秀,1953,,,,,
2024-08-01,学校法人小池学園,公社・官公庁・学校・研究施設,求人なし,埼玉県越谷市新越谷2-18-6,理事長 小池 康治,1981,,,,"1,822 百万円",
2024-08-01,学校法人小林学園,公社・官公庁・学校・研究施設,求人なし,埼玉県本庄市日の出1-4-5,理事長 小林 弘斉,1953,,,,"9,377 百万円",
2024-08-01,学校法人昭和学院,公社・官公庁・学校・研究施設,求人なし,千葉県市川市東菅野2-17-1,理事長 山本 徹,1940,,,,"31,883 百万円",
2024-08-01,学校法人湘南白百合学園,公社・官公庁・学校・研究施設,求人なし,神奈川県藤沢市片瀬目白山4-1,理事長 荻原 禮子,1938,,,,,
2024-08-01,学校法人上宮学園,公社・官公庁・学校・研究施設,求人なし,大阪府大阪市天王寺区上之宮町9-36,理事長 田中 裕史,1912,,,,"3,054 百万円",
2024-08-01,学校法人城西学園,公社・官公庁・学校・研究施設,求人なし,東京都豊島区千早1-10-26,理事長 新藤 博明,1927,,,,"2,708 百万円",
2024-08-01,学校法人仁川学院,公社・官公庁・学校・研究施設,求人なし,兵庫県西宮市甲東園2-13-9,理事長 大水 恵一,1956,,,,"3,438 百万円",
2024-08-01,学校法人須磨浦学園,公社・官公庁・学校・研究施設,求人なし,兵庫県神戸市須磨区千守町2-1-13,理事長 角南 忠昭,1913,,,,752 百万円,
2024-08-01,学校法人水城高等学校,公社・官公庁・学校・研究施設,求人なし,茨城県水戸市白梅2-1-45,理事長 山野内 吉明,1964,,,,"5,085 百万円",
2024-08-01,学校法人杉並学院,公社・官公庁・学校・研究施設,求人なし,東京都杉並区阿佐谷南2-30-17,理事長 島村 宜伸,1940,,,,"2,614 百万円",
2024-08-01,学校法人菅生学園,公社・官公庁・学校・研究施設,求人なし,東京都あきる野市菅生1468,理事長 島田 幸成,1972,,,,"3,515 百万円",
2024-08-01,学校法人世田谷学園,公社・官公庁・学校・研究施設,求人なし,東京都世田谷区三宿1-16-31,理事長 須田 孝英,1940,,,,"6,254 百万円",
2024-08-01,学校法人星美学園,公社・官公庁・学校・研究施設,求人なし,東京都北区赤羽台4-2-14,理事長 鈴木 裕子,1951,,,,"18,682 百万円",
2024-08-01,学校法人清水国際学園,公社・官公庁・学校・研究施設,求人なし,静岡県静岡市清水区天神1-4-1,理事長 平等 民雄,1943,,,,"1,761 百万円",
2024-08-01,学校法人清明学園,公社・官公庁・学校・研究施設,求人なし,東京都大田区南雪谷3-12-26,理事長 浅野 輝一,1950,,,,"2,991 百万円",
2024-08-01,学校法人聖ステパノ学園,公社・官公庁・学校・研究施設,求人なし,神奈川県中郡大磯町大磯868,理事長 小川 正夫,1953,,,,,
2024-08-01,学校法人聖マリアの無原罪学園,公社・官公庁・学校・研究施設,求人なし,岐阜県岐阜市福富201,理事長 玉腰 久美子,1963,,,,"2,351 百万円",
2024-08-01,学校法人千葉黎明学園,公社・官公庁・学校・研究施設,求人なし,千葉県八街市八街ほ625,理事長 西村 清,1948,,,,"1,507 百万円",
2024-08-01,学校法人専修大学松戸高等学校,公社・官公庁・学校・研究施設,求人なし,千葉県松戸市上本郷2-3621,理事長 富山 尚徳,1960,,,,,
2024-08-01,学校法人泉州学園,公社・官公庁・学校・研究施設,求人なし,大阪府岸和田市内畑町3558,理事長 佐々木 敏昭,1973,,,,"1,640 百万円",
2024-08-01,学校法人創価学園,公社・官公庁・学校・研究施設,求人なし,東京都小平市小川町1-891-22,理事長 谷川 佳樹,1967,,,,"113,131 百万円",
2024-08-01,学校法人村田学園,公社・官公庁・学校・研究施設,求人なし,東京都文京区本駒込2-29-1,理事長 大橋 節子,1943,,,,"9,770 百万円",
2024-08-01,学校法人大阪ＹＭＣＡ,公社・官公庁・学校・研究施設,無,大阪府大阪市西区土佐堀1-5-6,,1954,,,,"3,531 百万円",
2024-08-01,学校法人浪速学院,公社・官公庁・学校・研究施設,求人なし,大阪府大阪市住吉区山之内2-13-57,理事長 木村 智彦,1951,,,,"8,206 百万円",
2024-08-01,学校法人大阪歯科大学,公社・官公庁・学校・研究施設,求人なし,大阪府大阪市中央区大手前1-5-17,理事長 川添 堯彬,1917,,,,,
2024-08-01,学校法人大商学園,公社・官公庁・学校・研究施設,求人なし,大阪府豊中市利倉東1-2-1,理事長 村田 陽,1920,,,,"5,905 百万円",
2024-08-01,学校法人大西学園,公社・官公庁・学校・研究施設,求人なし,神奈川県川崎市中原区小杉町2-284,理事長 大西 浩,1942,,,,"6,369 百万円",
2024-08-01,学校法人大彦学園,公社・官公庁・学校・研究施設,求人なし,新潟県新潟市中央区南長潟21-1,理事長 池田 祥護,2001,,,,"3,536 百万円",
2024-08-01,学校法人鎮西学園,公社・官公庁・学校・研究施設,求人なし,熊本県熊本市中央区九品寺3-1-1,理事長 上田 祐規,1947,,,,"3,875 百万円",
2024-08-01,学校法人土浦日本大学学園,公社・官公庁・学校・研究施設,求人なし,茨城県土浦市小松ケ丘町4-46,理事長 佐藤 豊,1951,,,,,
2024-08-01,学校法人東海学園,公社・官公庁・学校・研究施設,無,愛知県名古屋市東区筒井1-2-35,理事長 袖山 榮眞,1931,,,,"29,984 百万円",
2024-08-01,学校法人東海大学甲府学園,公社・官公庁・学校・研究施設,求人なし,山梨県甲府市金竹町1-1,理事長 遠藤 武人,1950,,,,,
2024-08-01,学校法人東洋食品工業短期大学,公社・官公庁・学校・研究施設,求人なし,兵庫県川西市南花屋敷4-23-2,学長 千本 克己,1961,,,,"8,880 百万円",
2024-08-01,学校法人藤園学園,公社・官公庁・学校・研究施設,求人なし,富山県富山市赤江町2-10,理事長 熊本 義秀,1939,,,,"3,174 百万円",
2024-08-01,学校法人奈良育英学園,公社・官公庁・学校・研究施設,求人なし,奈良県奈良市法蓮町1000,理事長 藤井 宣夫,1944,,,,,
2024-08-01,学校法人目黒日本大学学園,公社・官公庁・学校・研究施設,求人なし,東京都目黒区目黒1-6-15,理事長 小梛 治宣,1942,,,,"4,774 百万円",
2024-08-01,学校法人日本大学第一学園,公社・官公庁・学校・研究施設,求人なし,東京都墨田区横網1-5-2,理事長 加納 誠,1946,,,,"16,567 百万円",
2024-08-01,学校法人尾関学園,公社・官公庁・学校・研究施設,求人なし,愛知県豊田市美里4-3-2,理事長 尾関 俊長,1976,,,,"3,724 百万円",
2024-08-01,学校法人尾張学園,公社・官公庁・学校・研究施設,求人なし,愛知県豊田市保見町南山1,理事長 藤井 正芳,1944,,,,,
2024-08-01,学校法人尾道学園,公社・官公庁・学校・研究施設,求人なし,広島県尾道市向島町5548-10,理事長 加藤 晴彦,1956,,,,"2,837 百万円",
2024-08-01,学校法人浜松海の星学院,公社・官公庁・学校・研究施設,求人なし,静岡県浜松市中央区蜆塚3-14-1,理事長 北脇 保之,1956,,,,,
2024-08-01,学校法人名工学園,公社・官公庁・学校・研究施設,求人なし,愛知県名古屋市昭和区円上町22-38,理事長 林 文敏,1929,,,,"8,792 百万円",
2024-08-01,学校法人明治薬科大学,公社・官公庁・学校・研究施設,無,東京都清瀬市野塩2-522-1,理事長 佐川 賢一,1920,,,,"47,883 百万円",
2024-08-01,学校法人明星学園,公社・官公庁・学校・研究施設,求人なし,東京都三鷹市井の頭5-7-7,理事長 平田 和孝,1928,,,,"3,688 百万円",
2024-08-01,学校法人横浜清風学園,公社・官公庁・学校・研究施設,求人なし,神奈川県横浜市保土ケ谷区岩井町447,理事長 藤井 義章,1946,,,,"5,919 百万円",
2024-08-01,学校法人柳城学院,公社・官公庁・学校・研究施設,求人なし,愛知県名古屋市昭和区明月町2-54,理事長 菊地 伸二,1953,,,,"3,664 百万円",
2024-08-01,学校法人幼き聖マリア女子学園,公社・官公庁・学校・研究施設,求人なし,愛知県瀬戸市西長根町137,理事長 ザノッティ・フランチェスカ・ワンダ,1962,,,,"1,169 百万円",
2024-08-01,学校法人翔洋学園,公社・官公庁・学校・研究施設,求人なし,茨城県日立市大みか町4-1-3,理事長 佐藤 睦美,2000,,,,364 百万円,
2024-08-01,学校法人頌栄女子学院,公社・官公庁・学校・研究施設,求人なし,東京都港区白金台2-26-5,理事長 岡見 清明,1922,,,,"10,139 百万円",
2024-08-01,学校法人池坊学園,公社・官公庁・学校・研究施設,求人なし,京都府京都市下京区室町通四条下る鶏鉾町491,理事長 池坊 美佳,1952,,,,"7,194 百万円",
2024-08-01,学校法人長戸路学園,公社・官公庁・学校・研究施設,求人なし,千葉県匝瑳市八日市場ロ390,理事長 黒須 健治,1951,,,,"3,157 百万円",
2024-08-01,学校法人ソニー学園,公社・官公庁・学校・研究施設,求人なし,神奈川県厚木市温水428,理事長 髙野瀬 一晃,1964,,,,"9,245 百万円",
2024-08-01,学校法人つくば開成学園,公社・官公庁・学校・研究施設,無,茨城県牛久市柏田町3315-10,理事長 糸賀 修,2003,,,,"2,161 百万円",
2024-08-01,学校法人銀杏学園,公社・官公庁・学校・研究施設,求人なし,熊本県熊本市北区和泉町325,理事長 木下 統晴,1968,,,,"8,366 百万円",
2024-08-01,学校法人高田学苑,公社・官公庁・学校・研究施設,求人なし,三重県津市大里窪田町2865-1,理事長 髙臣 文祥,1922,,,,"7,623 百万円",
2024-08-01,学校法人城西川越学園,公社・官公庁・学校・研究施設,求人なし,埼玉県川越市大字山田1042,理事長 成田 洋子（新藤 洋子）,1972,,,,,
2024-08-01,学校法人明泉学園,公社・官公庁・学校・研究施設,求人なし,東京都町田市三輪町13-1135,理事長 百瀬 義貴,1944,,,,"17,404 百万円",
2024-08-01,学校法人真宗大谷学園,公社・官公庁・学校・研究施設,求人なし,京都府京都市下京区烏丸通七条上る常葉町真宗大谷派宗務所内,理事長 木越 渉,1922,,,,"46,202 百万円",
2024-08-01,学校法人長野日本大学学園,公社・官公庁・学校・研究施設,求人なし,長野県長野市大字東和田253,,1959,,,,"10,047 百万円",
2024-08-01,学校法人古河コア学園,公社・官公庁・学校・研究施設,求人なし,茨城県古河市中央町1-10-10,理事長 小林 聖敬,1987,,,,126 百万円,
2024-08-01,河野新素材開発株式会社,公社・官公庁・学校・研究施設,求人なし,愛媛県松山市祝谷3-5-12,代表取締役 河野 剛,1995,,,,10 百万円,
2024-08-01,株式会社らいむ,公社・官公庁・学校・研究施設,求人なし,神奈川県横浜市港北区新横浜3-6-12日総第12ビル 5Ｆ,代表取締役 若山 祥夫,1998,,,,10 百万円,
2024-08-01,Ｎ－ＭＥネイルアカデミー株式会社,公社・官公庁・学校・研究施設,求人なし,千葉県市川市八幡3-1-18,代表取締役 佐々木 秀司,2003,,,,10 百万円,
2024-08-01,長野県千曲市役所,公社・官公庁・学校・研究施設,求人なし,長野県千曲市杭瀬下2-1,市長 小川 修一,,,,,,
2024-08-01,石川県庁,公社・官公庁・学校・研究施設,無,石川県金沢市鞍月1-1,知事 馳 浩,,,,,,
2024-08-01,一般社団法人中部航空宇宙産業センター,公社・官公庁・学校・研究施設,求人なし,愛知県名古屋市中区栄2-9-26ポーラ名古屋ビル 10Ｆ,代表理事 水野 明久,1993,,,,,
2024-08-01,自衛隊千葉地方協力本部,公社・官公庁・学校・研究施設,無,千葉県千葉市稲毛区轟町1-1-17,,,,,,,
2024-08-01,山梨県南アルプス市役所,公社・官公庁・学校・研究施設,求人なし,山梨県南アルプス市小笠原376,市長 金丸 一元,,,,,,
2024-08-01,長野県庁,公社・官公庁・学校・研究施設,無,長野県長野市大字南長野字幅下692-2,知事 阿部 守一,,,,,,
2024-08-01,学校法人葵学園,公社・官公庁・学校・研究施設,求人なし,埼玉県上尾市井戸木2-2-1,,2000,,,,,
2024-08-01,学校法人城西医療学園,公社・官公庁・学校・研究施設,求人なし,埼玉県入間郡毛呂山町大字下川原1276,理事長 新藤 宣夫,2003,,,,"5,730 百万円",
2024-08-01,学校法人日建千葉学園,公社・官公庁・学校・研究施設,求人なし,千葉県千葉市中央区新千葉2-20-1,理事長 栗田 秀子,1997,,,,192 百万円,
2024-08-01,学校法人豊野学園,公社・官公庁・学校・研究施設,求人なし,長野県長野市豊野町豊野1344,理事長 山岸 建文,1986,,,,65 百万円,
2024-08-01,学校法人四徳学園,公社・官公庁・学校・研究施設,求人なし,長野県長野市川中島町今井原11-1,理事長 北澤 俊美,2001,,,,"1,445 百万円",
2024-08-01,学校法人誠広学園,公社・官公庁・学校・研究施設,求人なし,岐阜県岐阜市黒野182,理事長 平野 智久,1991,,,,"3,038 百万円",
2024-08-01,学校法人シモゾノ学園,公社・官公庁・学校・研究施設,求人なし,東京都世田谷区上馬4-3-2,理事長 下薗 惠子,1997,,,,"4,516 百万円",
2024-08-01,学校法人ＹＳＥ学園,その他・各種スクール,無,神奈川県横浜市旭区東希望が丘128-4,理事長 杉山 勝巳,1992,,,,975 百万円,
2024-08-01,学校法人鴻池学院,公社・官公庁・学校・研究施設,求人なし,大阪府東大阪市西鴻池町1-5-4,理事長 杉木 浩子,1954,,,,"1,076 百万円",
2024-08-01,学校法人辻本学園,公社・官公庁・学校・研究施設,求人なし,大阪府大阪市天王寺区堀越町4-24,,1969,,,,,
2024-08-01,学校法人西口学園,公社・官公庁・学校・研究施設,求人なし,大阪府大阪市福島区吉野4-13-4,理事長 西口 英和,1967,,,,,
2024-08-01,学校法人森島学園,公社・官公庁・学校・研究施設,求人なし,静岡県浜松市浜名区貴布祢232-3,理事長 森島 康之,2001,,,,454 百万円,
2024-08-01,学校法人たちばな学園,公社・官公庁・学校・研究施設,求人なし,愛知県名古屋市中区丸の内2-6-4,理事長 中島 範,1991,,,,"1,620 百万円",
2024-08-01,学校法人敬道学園,公社・官公庁・学校・研究施設,求人なし,愛知県名古屋市中村区黄金通1-16,理事長 牧野 健介,1991,,,,"2,081 百万円",
2024-08-01,学校法人珪山学園,公社・官公庁・学校・研究施設,求人なし,愛知県名古屋市中村区若宮町2-14,理事長 鵜飼 敦子,1996,,,,,
2024-08-01,学校法人グラムール学院,公社・官公庁・学校・研究施設,無,大阪府大阪市浪速区難波中1-4-4,理事長 菊池 笑子,1994,,,,"1,815 百万円",
2024-08-01,学校法人岡村学園,公社・官公庁・学校・研究施設,求人なし,大阪府大阪市平野区喜連西4-7-15,理事長 岡村 雅央,1987,,,,"1,143 百万円",
2024-08-01,学校法人利他学園,公社・官公庁・学校・研究施設,求人なし,香川県仲多度郡多度津町西浜12-44,理事長 今井 真路,1968,,,,,
2024-08-01,学校法人兵庫科学技術学園,公社・官公庁・学校・研究施設,求人なし,兵庫県神戸市長田区林山町27-1,理事長 田畑 利彦,1989,,,,"3,992 百万円",
2024-08-01,学校法人鶏鳴学園,公社・官公庁・学校・研究施設,求人なし,鳥取県鳥取市湖山町西2-228,理事長 横井 司朗,1963,,,,,
2024-08-01,学校法人平成学園,公社・官公庁・学校・研究施設,求人なし,宮崎県宮崎市大塚町地蔵田4678,理事長 常盤 眞知子,1990,,,,,
2024-08-01,学校法人協栄学園,公社・官公庁・学校・研究施設,求人なし,三重県伊勢市一之木4-15-14,理事長 服部 尚,1964,,,,,
2024-08-01,学校法人トヨタ神戸整備学園,公社・官公庁・学校・研究施設,求人なし,兵庫県神戸市西区学園東町4-1,理事長 横山 裕行,1992,,,,"14,678 百万円",
2024-08-01,群馬県庁,公社・官公庁・学校・研究施設,無,群馬県前橋市大手町1-1-1,知事 山本 一太,2001,,,,,
2024-08-01,岩手県庁,公社・官公庁・学校・研究施設,無,岩手県盛岡市内丸10-1,知事 達増 拓也,2001,,,,,
2024-08-01,福井県庁,公社・官公庁・学校・研究施設,無,福井県福井市大手3-17-1,知事 杉本 達治,2001,,,,,
2024-08-01,社会福祉法人栃の子福祉会,公社・官公庁・学校・研究施設,無,栃木県宇都宮市上桑島町1310-14,理事長 阿久津 清美,1979,,,,214 百万円,
2024-08-01,学校法人笠川学園,公社・官公庁・学校・研究施設,求人なし,千葉県千葉市稲毛区園生町956-6,理事長 笠川 正和,1985,,,,949 百万円,
2024-08-01,学校法人鳥海学園,公社・官公庁・学校・研究施設,求人なし,埼玉県さいたま市緑区大間木3-39-8,理事長 鳥海 喜久夫,1993,,,,,
2024-08-01,島根県大田市役所,公社・官公庁・学校・研究施設,求人なし,島根県大田市大田町大田ロ1111,市長 楫野 弘和,2001,,,,,
2024-08-01,一般財団法人北海道農業協同組合学校,公社・官公庁・学校・研究施設,求人なし,北海道江別市文京台東町43-1,代表理事 小野寺 俊幸,1971,,,,,
2024-08-01,一般財団法人青森県警察協会,公社・官公庁・学校・研究施設,求人なし,青森県青森市新町2-3-1,代表理事 村井 紀之,1950,,,,,
2024-08-01,一般財団法人大牟田有明会,公社・官公庁・学校・研究施設,求人なし,福岡県大牟田市有明町2-3,代表理事 小野 晃,1982,,,,,
2024-08-01,一般社団法人日本化学物質安全・情報センター,公社・官公庁・学校・研究施設,求人なし,東京都中央区新川1-4-1住友不動産六甲ビル 2Ｆ,代表理事 中山光二,1980,,,,,
2024-08-01,公益社団法人成年後見センター・リーガルサポート,公社・官公庁・学校・研究施設,求人なし,東京都新宿区四谷本塩町4-37司法書士会館,代表理事 高橋 隆晋,1999,,,,,
2024-08-01,公益社団法人東三河地域研究センター,公社・官公庁・学校・研究施設,求人なし,愛知県豊橋市駅前大通3-53太陽生命豊橋ビル 2Ｆ,代表理事 神野 吾郎,1983,,,,,
2024-08-01,愛知県住宅供給公社,公社・官公庁・学校・研究施設,求人なし,愛知県名古屋市中区丸の内3-19-30県住宅供給公社東桜住宅,理事長 田中 正剛,1965,,,,32 百万円,
2024-08-01,北海道旭川市役所,公社・官公庁・学校・研究施設,無,北海道旭川市六条通9-46,市長 今津 寛介,,,,,,
2024-08-01,新潟県粟島浦村役場,公社・官公庁・学校・研究施設,求人なし,新潟県岩船郡粟島浦村字日ノ見山1513-11,村長 本保 建男,,,,,,
2024-08-01,北海道庁,公社・官公庁・学校・研究施設,無,北海道札幌市中央区北三条西6-1,知事 鈴木 直道,,,,,,
2024-08-01,札幌市中央区役所,公社・官公庁・学校・研究施設,求人なし,北海道札幌市中央区大通西2,,,,,,,
2024-08-01,静岡県長泉町役場,公社・官公庁・学校・研究施設,求人なし,静岡県駿東郡長泉町中土狩828,町長 池田 修,,,,,,
2024-08-01,東京都御蔵島村役場,公社・官公庁・学校・研究施設,求人なし,東京都御蔵島村字入かねが沢,村長 広瀬 久雄,,,,,,
2024-08-01,千葉県四街道市役所,公社・官公庁・学校・研究施設,求人なし,千葉県四街道市鹿渡無番地,市長 鈴木 陽介,,,,,,
2024-08-01,北海道浜頓別町役場,公社・官公庁・学校・研究施設,求人なし,北海道枝幸郡浜頓別町中央南1,町長 菅原 信男,,,,,,
2024-08-01,東京都利島村役場,公社・官公庁・学校・研究施設,求人なし,東京都利島村248,村長 前田 福夫,,,,,,
2024-08-01,北海道深川市役所,公社・官公庁・学校・研究施設,求人なし,北海道深川市二条17-17,市長 田中 昌幸,,,,,,
2024-08-01,新潟県佐渡市役所,公社・官公庁・学校・研究施設,求人なし,新潟県佐渡市千種232,市長 渡辺 竜五,,,,,,
2024-08-01,静岡県御前崎市役所,公社・官公庁・学校・研究施設,求人なし,静岡県御前崎市池新田5585,市長 下村 勝,,,,,,
2024-08-01,社会福祉法人よしみ会,公社・官公庁・学校・研究施設,無,大阪府堺市中区大野芝町66-1,理事長 中辻 祥代,1970,,,,"2,753 百万円",
2024-08-01,国立大学法人北海道大学,公社・官公庁・学校・研究施設,無,北海道札幌市北区北八条西5,総長 寳金 清博,2004,,,,"154,570 百万円",
2024-08-01,国立大学法人北海道教育大学,公社・官公庁・学校・研究施設,求人なし,北海道札幌市北区あいの里五条3-1-3,学長 蛇穴 治夫,2004,,,,"41,257 百万円",
2024-08-01,国立大学法人室蘭工業大学,公社・官公庁・学校・研究施設,求人なし,北海道室蘭市水元町27-1,学長 空閑 良壽,2004,,,,"13,355 百万円",
2024-08-01,国立大学法人北海道国立大学機構,公社・官公庁・学校・研究施設,求人なし,北海道帯広市稲田町西2線11,学長 奥田 潔,2004,,,,"4,432 百万円",
2024-08-01,国立大学法人旭川医科大学,公社・官公庁・学校・研究施設,求人なし,北海道旭川市緑が丘東二条1-1-1,学長 吉田 晃敏,2004,,,,"1,027 百万円",
2024-08-01,国立大学法人弘前大学,公社・官公庁・学校・研究施設,求人なし,青森県弘前市大字文京町1,学長 福田 眞作,2004,,,,"25,532 百万円",
2024-08-01,国立大学法人岩手大学,公社・官公庁・学校・研究施設,求人なし,岩手県盛岡市上田3-18-8,学長 小川 智,2004,,,,"54,266 百万円",
2024-08-01,国立大学法人宮城教育大学,公社・官公庁・学校・研究施設,求人なし,宮城県仙台市青葉区荒巻字青葉149,学長 村松 隆,2004,,,,"22,018 百万円",
2024-08-01,国立大学法人秋田大学,公社・官公庁・学校・研究施設,求人なし,秋田県秋田市手形学園町1-1,学長 山本 文雄,2004,,,,"20,413 百万円",
2024-08-01,国立大学法人山形大学,公社・官公庁・学校・研究施設,求人なし,山形県山形市小白川町1-4-12,学長 玉手 英利,2004,,,,"52,827 百万円",
2024-08-01,国立大学法人福島大学,公社・官公庁・学校・研究施設,求人なし,福島県福島市金谷川1,学長 三浦 浩喜,2004,,,,"26,996 百万円",
2024-08-01,国立大学法人茨城大学,公社・官公庁・学校・研究施設,求人なし,茨城県水戸市文京2-1-1,学長 太田 寛行,2004,,,,"38,800 百万円",
2024-08-01,国立大学法人筑波大学,公社・官公庁・学校・研究施設,無,茨城県つくば市天王台1-1-1,学長 永田 恭介,2004,,,,"230,333 百万円",情報が古い可能性があります。最新の情報を確認する場合はHP等をご覧ください。 「国立大学法人筑波大学」の運営 2023年6月doda掲載求人より引用
2024-08-01,国立大学法人宇都宮大学,公社・官公庁・学校・研究施設,求人なし,栃木県宇都宮市峰町350,学長 池田 宰,2004,,,,"73,540 百万円",
2024-08-01,国立大学法人群馬大学,公社・官公庁・学校・研究施設,求人なし,群馬県前橋市荒牧町4-2,学長 平塚 浩士,2004,,,,"35,617 百万円",
2024-08-01,国立大学法人埼玉大学,公社・官公庁・学校・研究施設,求人なし,埼玉県さいたま市桜区大字下大久保255,学長 坂井 貴文,2004,,,,"66,656 百万円",
2024-08-01,国立大学法人東京医科歯科大学,公社・官公庁・学校・研究施設,求人なし,東京都文京区湯島1-5-45,学長 田中 雄二郎,2004,,,,"75,590 百万円",
2024-08-01,国立大学法人東京外国語大学,公社・官公庁・学校・研究施設,求人なし,東京都府中市朝日町3-11-1,学長 林 佳世子,2004,,,,"40,250 百万円",
2024-08-01,国立大学法人東京学芸大学,公社・官公庁・学校・研究施設,求人なし,東京都小金井市貫井北町4-1-1,学長 國分 充,2004,,,,"164,788 百万円",
2024-08-01,国立大学法人東京農工大学,公社・官公庁・学校・研究施設,無,東京都府中市晴見町3-8-1,学長 千葉 一裕,2004,,,,"84,658 百万円",情報が古い可能性があります。最新の情報を確認する場合はHP等をご覧ください。 高等教育・教育研究機関 2023年3月doda掲載求人より引用
2024-08-01,国立大学法人東京芸術大学,公社・官公庁・学校・研究施設,求人なし,東京都台東区上野公園12-8,学長 日比野 克彦,2004,,,,"56,399 百万円",
2024-08-01,国立大学法人東京工業大学,公社・官公庁・学校・研究施設,求人なし,東京都目黒区大岡山2-12-1,学長 三島 良直,2004,,,,"179,444 百万円",
2024-08-01,国立大学法人お茶の水女子大学,公社・官公庁・学校・研究施設,求人なし,東京都文京区大塚2-1-1,学長 佐々木 泰子,2004,,,,"80,771 百万円",
2024-08-01,国立大学法人電気通信大学,公社・官公庁・学校・研究施設,求人なし,東京都調布市調布ケ丘1-5-1,学長 田野 俊一,2004,,,,"37,968 百万円",
2024-08-01,国立大学法人横浜国立大学,公社・官公庁・学校・研究施設,求人なし,神奈川県横浜市保土ケ谷区常盤台79-1,学長 梅原 出,2004,,,,"97,453 百万円",
2024-08-01,国立大学法人新潟大学,公社・官公庁・学校・研究施設,求人なし,新潟県新潟市西区五十嵐2の町8050,学長 牛木 辰男,2004,,,,"65,290 百万円",
2024-08-01,国立大学法人長岡技術科学大学,公社・官公庁・学校・研究施設,求人なし,新潟県長岡市上富岡町1603-1,学長 鎌土 重晴,2004,,,,"14,207 百万円",
2024-08-01,国立大学法人上越教育大学,公社・官公庁・学校・研究施設,求人なし,新潟県上越市山屋敷町1,学長 林 泰成,2004,,,,"14,510 百万円",
2024-08-01,国立大学法人富山大学,公社・官公庁・学校・研究施設,求人なし,富山県富山市五福3190,学長 齋藤 滋,2005,,,,"39,953 百万円",
2024-08-01,国立大学法人福井大学,公社・官公庁・学校・研究施設,求人なし,福井県福井市文京3-9-1,学長 上田 孝典,2004,,,,"50,665 百万円",
2024-08-01,国立大学法人山梨大学,公社・官公庁・学校・研究施設,求人なし,山梨県甲府市武田4-4-37,学長 島田 眞路,2004,,,,"34,219 百万円",
2024-08-01,国立大学法人信州大学,公社・官公庁・学校・研究施設,求人なし,長野県松本市旭3-1-1,学長 中村 宗一郎,2004,,,,"46,964 百万円",
2024-08-01,国立大学法人静岡大学,公社・官公庁・学校・研究施設,求人なし,静岡県静岡市駿河区大谷836,学長 日詰 一幸,2004,,,,"48,991 百万円",
2024-08-01,国立大学法人浜松医科大学,公社・官公庁・学校・研究施設,求人なし,静岡県浜松市中央区半田山1-20-1,学長 今野 弘之,2004,,,,"5,261 百万円",
2024-08-01,国立大学法人東海国立大学機構,公社・官公庁・学校・研究施設,無,愛知県名古屋市千種区不老町,機構長 松尾 清一,2004,,,,"71,876 百万円",
2024-08-01,国立大学法人愛知教育大学,公社・官公庁・学校・研究施設,求人なし,愛知県刈谷市井ケ谷町広沢1,学長 野田 敦敬,2004,,,,"43,693 百万円",
2024-08-01,国立大学法人豊橋技術科学大学,公社・官公庁・学校・研究施設,求人なし,愛知県豊橋市天伯町字雲雀ケ丘1-1,学長 寺嶋 一彦,2004,,,,"18,443 百万円",
2024-08-01,国立大学法人滋賀大学,公社・官公庁・学校・研究施設,求人なし,滋賀県彦根市馬場1-1-1,学長 竹村 彰通,2004,,,,"20,256 百万円",
2024-08-01,国立大学法人滋賀医科大学,公社・官公庁・学校・研究施設,求人なし,滋賀県大津市瀬田月輪町,学長 上本 伸二,2004,,,,"14,099 百万円",
2024-08-01,国立大学法人京都大学,公社・官公庁・学校・研究施設,無,京都府京都市左京区吉田本町36-1,学長 湊 長博,2004,,,,"268,162 百万円",情報が古い可能性があります。最新の情報を確認する場合はHP等をご覧ください。 ■高等教育・教育研究機関【国立大学法人京都大学の運営】・吉田キャンパス（京都府京都市左京区吉田本町）・宇治キャンパス（京都府宇治市五ヶ庄）・桂キャンパス（京都府京都市西京区京都大学桂）・医学部附属病院（京都府京都市左京区聖護院川原町）その他全国に附属施設等があります。 2022年11月doda掲載求人より引用
2024-08-01,国立大学法人京都教育大学,公社・官公庁・学校・研究施設,求人なし,京都府京都市伏見区深草藤森町1,学長 太田 耕人,2004,,,,"35,509 百万円",
2024-08-01,国立大学法人京都工芸繊維大学,公社・官公庁・学校・研究施設,求人なし,京都府京都市左京区松ケ崎橋上町1,学長 森迫 清貴,2004,,,,"29,640 百万円",
2024-08-01,国立大学法人大阪大学,公社・官公庁・学校・研究施設,無,大阪府吹田市山田丘1-1,学長 西尾 章治郎,2004,,,,"284,409 百万円",情報が古い可能性があります。最新の情報を確認する場合はHP等をご覧ください。 国立大学法人大阪大学は、大学の教育研究に対する国民の要請に応えるとともに、我が国の高等教育及び学術研究の水準の向上と均衡ある発展を図るため、大阪大学を設置して教育研究を行う。 2023年7月doda掲載求人より引用
2024-08-01,国立大学法人兵庫教育大学,公社・官公庁・学校・研究施設,求人なし,兵庫県加東市下久米942-1,学長 加治佐 哲也,2004,,,,"12,418 百万円",
2024-08-01,国立大学法人奈良国立大学機構,公社・官公庁・学校・研究施設,求人なし,奈良県奈良市北魚屋東町,理事長 榊 裕之,2004,,,,"28,793 百万円",
2024-08-01,国立大学法人神戸大学,公社・官公庁・学校・研究施設,無,兵庫県神戸市灘区六甲台町1-1,学長 藤澤 正人,2004,,,,"121,751 百万円",
2024-08-01,国立大学法人和歌山大学,公社・官公庁・学校・研究施設,求人なし,和歌山県和歌山市栄谷930,学長 瀧 寛和,2004,,,,"27,175 百万円",
2024-08-01,国立大学法人鳥取大学,公社・官公庁・学校・研究施設,求人なし,鳥取県鳥取市湖山町南4-101,学長 中島 廣光,2004,,,,"35,168 百万円",
2024-08-01,国立大学法人島根大学,公社・官公庁・学校・研究施設,求人なし,島根県松江市西川津町1060,学長 服部 泰直,2004,,,,"38,738 百万円",
2024-08-01,国立大学法人岡山大学,公社・官公庁・学校・研究施設,求人なし,岡山県岡山市北区津島中1-1-1,学長 那須 保友,2004,,,,"69,621 百万円",
2024-08-01,国立大学法人山口大学,公社・官公庁・学校・研究施設,求人なし,山口県山口市吉田1677-1,学長 谷澤 幸生,2004,,,,"16,222 百万円",
2024-08-01,国立大学法人香川大学,公社・官公庁・学校・研究施設,求人なし,香川県高松市幸町1-1,学長 上田 夏生,2004,,,,"24,852 百万円",
2024-08-01,国立大学法人愛媛大学,公社・官公庁・学校・研究施設,求人なし,愛媛県松山市道後樋又10-13,学長 仁科 弘重,2004,,,,"35,964 百万円",
2024-08-01,国立大学法人高知大学,公社・官公庁・学校・研究施設,求人なし,高知県高知市曙町2-5-1,学長 櫻井 克年,2004,,,,"26,518 百万円",
2024-08-01,国立大学法人福岡教育大学,公社・官公庁・学校・研究施設,求人なし,福岡県宗像市赤間文教町1-1,学長 飯田 慎司,2004,,,,"25,600 百万円",
2024-08-01,国立大学法人九州大学,公社・官公庁・学校・研究施設,求人なし,福岡県福岡市西区大字元岡744,学長 久保 千春,2004,,,,"146,151 百万円",
2024-08-01,国立大学法人九州工業大学,公社・官公庁・学校・研究施設,無,福岡県北九州市戸畑区仙水町1-1,学長 三谷 康範,2004,,,,"41,620 百万円",情報が古い可能性があります。最新の情報を確認する場合はHP等をご覧ください。 国立大学法人九州工業大学の運営■九州工業大学は、わが国の産業発展のため、品格と創造性を有する人材を育成します。 2022年11月doda掲載求人より引用
2024-08-01,国立大学法人佐賀大学,公社・官公庁・学校・研究施設,求人なし,佐賀県佐賀市本庄町1,学長 兒玉 浩明,2004,,,,"47,339 百万円",
2024-08-01,国立大学法人長崎大学,公社・官公庁・学校・研究施設,求人なし,長崎県長崎市文教町1-14,学長 河野 茂,2004,,,,"56,186 百万円",
2024-08-01,国立大学法人熊本大学,公社・官公庁・学校・研究施設,求人なし,熊本県熊本市中央区黒髪2-39-1,学長 原田 信志,2004,,,,"66,912 百万円",
2024-08-01,国立大学法人大分大学,公社・官公庁・学校・研究施設,求人なし,大分県大分市大字旦野原700,学長 北野 正剛,2004,,,,"31,050 百万円",
2024-08-01,国立大学法人宮崎大学,公社・官公庁・学校・研究施設,求人なし,宮崎県宮崎市学園木花台西1-1,学長 鮫島 浩,2004,,,,"41,286 百万円",
2024-08-01,国立大学法人鹿児島大学,公社・官公庁・学校・研究施設,求人なし,鹿児島県鹿児島市郡元1-21-24,学長 佐野 輝,2004,,,,"70,643 百万円",
2024-08-01,国立大学法人琉球大学,公社・官公庁・学校・研究施設,求人なし,沖縄県中頭郡西原町字千原1,学長 西田 睦,2004,,,,"14,872 百万円",
2024-08-01,国立大学法人総合研究大学院大学,公社・官公庁・学校・研究施設,求人なし,神奈川県三浦郡葉山町上山口1560-35,学長 永田 敬,2004,,,,"4,143 百万円",
2024-08-01,国立大学法人筑波技術大学,公社・官公庁・学校・研究施設,求人なし,茨城県つくば市天久保4-3-15,学長 石原 保志,2005,,,,"11,388 百万円",
2024-08-01,国立大学法人金沢大学,公社・官公庁・学校・研究施設,求人なし,石川県金沢市角間町ヌ7,学長 和田 隆志,2004,,,,"56,323 百万円",
2024-08-01,国立大学法人名古屋工業大学,公社・官公庁・学校・研究施設,求人なし,愛知県名古屋市昭和区御器所町字木市29,学長 小畑 誠,2004,,,,"28,576 百万円",
2024-08-01,国立大学法人三重大学,公社・官公庁・学校・研究施設,求人なし,三重県津市栗真町屋町1577,学長 伊藤 正明,2004,,,,"17,485 百万円",
2024-08-01,大学共同利用機関法人情報・システム研究機構,公社・官公庁・学校・研究施設,求人なし,東京都港区虎ノ門4-3-13ヒューリック神谷町ビル 2Ｆ,機構長 藤井 良一,2004,,,,"28,259 百万円",
2024-08-01,石川県加賀市役所,公社・官公庁・学校・研究施設,無,石川県加賀市大聖寺南町ニ41,市長 宮元 陸,,,,,,
2024-08-01,岐阜県山県市役所,公社・官公庁・学校・研究施設,求人なし,岐阜県山県市高木1000-1,市長 林 宏優,,,,,,
2024-08-01,愛媛県西予市役所,公社・官公庁・学校・研究施設,求人なし,愛媛県西予市宇和町卯之町3-434-1,市長 管家 一夫,,,,,,
2024-08-01,広島県安芸高田市役所,公社・官公庁・学校・研究施設,求人なし,広島県安芸高田市吉田町吉田791,市長 藤本 悦志,,,,,,
2024-08-01,学校法人弘徳学園,公社・官公庁・学校・研究施設,求人なし,兵庫県姫路市大塩町2042-2,理事長 岩田 健一郎,2003,,,,"7,998 百万円",
2024-08-01,学校法人長聖,公社・官公庁・学校・研究施設,求人なし,長野県佐久市岩村田951,理事長 イチカワドイル 徳恵,1967,,,,"4,979 百万円",
2024-08-01,学校法人養和学園,公社・官公庁・学校・研究施設,求人なし,北海道札幌市中央区大通西11-4-27,理事長 末澤 正雄,1981,,,,"1,048 百万円",
2024-08-01,学校法人真駒内キリスト教学園,公社・官公庁・学校・研究施設,求人なし,北海道札幌市南区真駒内泉町2-1-6,理事長 杉本 和道,1982,,,,178 百万円,
2024-08-01,学校法人北邦学園,公社・官公庁・学校・研究施設,求人なし,北海道札幌市中央区南三条西1-1,理事長 佐賀 のり子,1981,,,,"1,490 百万円",
2024-08-01,学校法人不リン寺学園,公社・官公庁・学校・研究施設,求人なし,宮城県多賀城市八幡2-8-17,理事長 鎌田 俊昭,1979,,,,557 百万円,
2024-08-01,学校法人丁子学園,公社・官公庁・学校・研究施設,求人なし,宮城県東松島市小野字町120,理事長 丁子 正明,1981,,,,57 百万円,
2024-08-01,学校法人光星学園,公社・官公庁・学校・研究施設,求人なし,滋賀県湖南市岩根499-71,理事長 奥村 展三,1984,,,,,
2024-08-01,学校法人神戸学園,公社・官公庁・学校・研究施設,求人なし,埼玉県さいたま市大宮区土手町3-22,理事長 鈴木 一光,1944,,,,360 百万円,
2024-08-01,学校法人柿沼学園,公社・官公庁・学校・研究施設,求人なし,埼玉県久喜市伊坂46,理事長 柿沼 平太郎,1975,,,,777 百万円,
2024-08-01,学校法人芳村学園,公社・官公庁・学校・研究施設,求人なし,東京都世田谷区新町3-21-3,理事長 芳村 起代子,1997,,,,502 百万円,
2024-08-01,学校法人珉光学園,公社・官公庁・学校・研究施設,求人なし,愛知県名古屋市名東区平和が丘3-78,理事長 日野 慧,1974,,,,,
2024-08-01,学校法人栄孝学園,公社・官公庁・学校・研究施設,求人なし,栃木県下都賀郡野木町大字友沼5883-2,理事長 牧川 成子,1978,,,,324 百万円,
2024-08-01,広島県神石高原町役場,公社・官公庁・学校・研究施設,求人なし,広島県神石郡神石高原町小畠1701,町長 入江 嘉則,,,,,,
2024-08-01,新潟県魚沼市役所,公社・官公庁・学校・研究施設,求人なし,新潟県魚沼市小出島910,市長 内田 幹夫,,,,,,
2024-08-01,新潟県南魚沼市役所,公社・官公庁・学校・研究施設,求人なし,新潟県南魚沼市六日町180-1,市長 林 茂男,,,,,,
2024-08-01,山梨県甲斐市役所,公社・官公庁・学校・研究施設,求人なし,山梨県甲斐市篠原2610,市長 保坂 武,,,,,,
2024-08-01,三重県伊賀市役所,公社・官公庁・学校・研究施設,求人なし,三重県伊賀市四十九町3184,市長 岡本 栄,,,,,,
2024-08-01,島根県雲南市役所,公社・官公庁・学校・研究施設,求人なし,島根県雲南市木次町里方521-1,市長 石飛 厚志,,,,,,
2024-08-01,長崎県新上五島町役場,公社・官公庁・学校・研究施設,求人なし,長崎県南松浦郡新上五島町青方郷1585-1,町長 江上 悦生,,,,,,
2024-08-01,長野県東御市役所,公社・官公庁・学校・研究施設,求人なし,長野県東御市県281-2,市長 花岡 利夫,,,,,,
2024-08-01,京都府京丹後市役所,公社・官公庁・学校・研究施設,求人なし,京都府京丹後市峰山町杉谷889,市長 中山 泰,,,,,,
2024-08-01,愛媛県久万高原町役場,公社・官公庁・学校・研究施設,無,愛媛県上浮穴郡久万高原町久万212,町長 河野 忠康,,,,,,情報が古い可能性があります。最新の情報を確認する場合はHP等をご覧ください。 久万高原町における行政全般■事業内容：地域おこし協力隊として、久万高原町活性化のための活動に従事していただきます。 2021年12月doda掲載求人より引用
2024-08-01,山梨県笛吹市役所,公社・官公庁・学校・研究施設,求人なし,山梨県笛吹市石和町市部777,市長 山下 政樹,,,,,,
2024-08-01,鹿児島県薩摩川内市役所,公社・官公庁・学校・研究施設,求人なし,鹿児島県薩摩川内市神田町3-22,市長 田中 良二,,,,,,
2024-08-01,三重県志摩市役所,公社・官公庁・学校・研究施設,求人なし,三重県志摩市阿児町鵜方3098-22,市長 橋爪 政吉,,,,,,
2024-08-01,滋賀県野洲市役所,公社・官公庁・学校・研究施設,求人なし,滋賀県野洲市小篠原2100-1,市長 栢木 進,,,,,,
2024-08-01,愛媛県四国中央市役所,公社・官公庁・学校・研究施設,求人なし,愛媛県四国中央市三島宮川4-6-55,市長 篠原 実,,,,,,
2024-08-01,滋賀県湖南市役所,公社・官公庁・学校・研究施設,求人なし,滋賀県湖南市中央1-1,市長 生田 邦夫,,,,,,
2024-08-01,滋賀県甲賀市役所,公社・官公庁・学校・研究施設,求人なし,滋賀県甲賀市水口町水口6053,市長 岩永 裕貴,,,,,,
2024-08-01,奈良県葛城市役所,公社・官公庁・学校・研究施設,求人なし,奈良県葛城市柿本166,市長 阿古 和彦,,,,,,
2024-08-01,熊本県上天草市役所,公社・官公庁・学校・研究施設,求人なし,熊本県上天草市大矢野町上1514,市長 堀江 隆臣,,,,,,
2024-08-01,島根県美郷町役場,公社・官公庁・学校・研究施設,求人なし,島根県邑智郡美郷町粕渕168,町長 松田 知己,,,,,,
2024-08-01,福井県あわら市役所,公社・官公庁・学校・研究施設,求人なし,福井県あわら市市姫3-1-1,市長 森 之嗣,,,,,,
2024-08-01,広島県安芸太田町役場,公社・官公庁・学校・研究施設,求人なし,広島県山県郡安芸太田町大字戸河内784-1,町長 小坂 眞治,,,,,,
2024-08-01,岐阜県郡上市役所,公社・官公庁・学校・研究施設,求人なし,岐阜県郡上市八幡町島谷228,市長 山川 弘保,,,,,,
2024-08-01,山口県周防大島町役場,公社・官公庁・学校・研究施設,求人なし,山口県大島郡周防大島町大字小松126-2,町長 椎木 巧,,,,,,
2024-08-01,徳島県吉野川市役所,公社・官公庁・学校・研究施設,求人なし,徳島県吉野川市鴨島町鴨島115-1,市長 原井 敬,,,,,,
2024-08-01,長崎県壱岐市役所,公社・官公庁・学校・研究施設,無,長崎県壱岐市郷ノ浦町本村触562,市長 篠原 一生,,,,,,
2024-08-01,愛媛県上島町役場,公社・官公庁・学校・研究施設,求人なし,愛媛県越智郡上島町弓削下弓削210,町長 宮脇 馨,,,,,,
2024-08-01,愛媛県愛南町役場,公社・官公庁・学校・研究施設,求人なし,愛媛県南宇和郡愛南町城辺甲2420,町長 清水 雅文,,,,,,
2024-08-01,岐阜県本巣市役所,公社・官公庁・学校・研究施設,求人なし,岐阜県本巣市文殊324,市長 藤原 勉,,,,,,
2024-08-01,岐阜県瑞穂市役所,公社・官公庁・学校・研究施設,求人なし,岐阜県瑞穂市別府1288,市長 森 和之,,,,,,
2024-08-01,兵庫県丹波市役所,公社・官公庁・学校・研究施設,求人なし,兵庫県丹波市氷上町成松字甲賀1,市長 林 時彦,,,,,,
2024-08-01,群馬県神流町役場,公社・官公庁・学校・研究施設,求人なし,群馬県多野郡神流町大字万場90-6,町長 田村 利男,,,,,,
2024-08-01,学校法人早坂学園,公社・官公庁・学校・研究施設,求人なし,北海道札幌市白石区本郷通3-北3-11,理事長 井上 耿,1969,,,,471 百万円,
2024-08-01,学校法人幌北学園,公社・官公庁・学校・研究施設,求人なし,北海道札幌市北区新琴似十二条10-3-17,理事長 對木 鉉美,1973,,,,852 百万円,
2024-08-01,学校法人琴似キリスト教学園,公社・官公庁・学校・研究施設,求人なし,北海道札幌市西区八軒二条西1-3-1,理事長 白鳥 正太郎,1982,,,,111 百万円,
2024-08-01,学校法人吉田学園,公社・官公庁・学校・研究施設,求人なし,青森県十和田市穂並町4-55,理事長 竹ケ原 公,1984,,,,114 百万円,
2024-08-01,学校法人二戸学園,公社・官公庁・学校・研究施設,求人なし,岩手県盛岡市盛岡駅西通1-6-30,理事長 石山 哲,1978,,,,46 百万円,
2024-08-01,学校法人七郷学園,公社・官公庁・学校・研究施設,求人なし,宮城県仙台市若林区荒井3-15-9,園長 櫻田 正志,1977,,,,928 百万円,
2024-08-01,学校法人狩野学園,公社・官公庁・学校・研究施設,求人なし,茨城県かすみがうら市稲吉2-18-8,理事長 狩野 良和,1978,,,,354 百万円,
2024-08-01,学校法人報徳会,公社・官公庁・学校・研究施設,求人なし,栃木県宇都宮市上戸祭町3130-5,理事長 石川 秋十,1980,,,,397 百万円,
2024-08-01,学校法人助川学園,公社・官公庁・学校・研究施設,求人なし,茨城県日立市諏訪町1-14-6,理事長 大江 日出雄,1995,,,,,
2024-08-01,学校法人岩本学園,公社・官公庁・学校・研究施設,求人なし,栃木県宇都宮市西原3-2-12,理事長 岩本 眞砂枝,1963,,,,224 百万円,
2024-08-01,学校法人ひまわり学園,公社・官公庁・学校・研究施設,求人なし,栃木県小山市大字横倉新田287-2,理事長 赤井 英子,1970,,,,499 百万円,
2024-08-01,学校法人江東学園,公社・官公庁・学校・研究施設,求人なし,栃木県宇都宮市江曽島町1258-6,理事長 馬場 伊智子,1975,,,,"1,330 百万円",
2024-08-01,学校法人林西寺学園,公社・官公庁・学校・研究施設,求人なし,埼玉県越谷市大字平方299-2,理事長 東 千壽子,1974,,,,189 百万円,
2024-08-01,学校法人並木学園,公社・官公庁・学校・研究施設,求人なし,埼玉県新座市野火止8-2-16,理事長 並木 和子,1974,,,,,
2024-08-01,学校法人東岩槻上里学園,公社・官公庁・学校・研究施設,求人なし,埼玉県さいたま市岩槻区上里2-3-9,理事長 関根 規雄,1974,,,,823 百万円,
2024-08-01,学校法人宝国寺学園,公社・官公庁・学校・研究施設,求人なし,埼玉県さいたま市岩槻区大字鹿室286-1,理事長 大久保 俊雄,1974,,,,610 百万円,
2024-08-01,学校法人五十嵐学園,公社・官公庁・学校・研究施設,求人なし,埼玉県吉川市大字上内川888-2,理事長 五十嵐 修,1974,,,,96 百万円,
2024-08-01,学校法人今井学園,公社・官公庁・学校・研究施設,求人なし,埼玉県戸田市下戸田2-22-11,理事長 今井 輝嗣,1975,,,,"1,231 百万円",
2024-08-01,学校法人岩槻みどり学園,公社・官公庁・学校・研究施設,求人なし,埼玉県さいたま市岩槻区加倉1-25-2,理事長 川端 清光,1969,,,,363 百万円,
2024-08-01,学校法人清新義塾,公社・官公庁・学校・研究施設,求人なし,埼玉県川口市柳根町2-11,理事長 新藤 孝衛,1969,,,,"3,158 百万円",
2024-08-01,学校法人白百合学園,公社・官公庁・学校・研究施設,求人なし,埼玉県幸手市中2-7-32,理事長 青鹿 義和,1967,,,,"1,450 百万円",
2024-08-01,学校法人戸田東幼稚園,公社・官公庁・学校・研究施設,求人なし,埼玉県戸田市中町1-15-10,理事長 金子 秀富,1969,,,,"1,778 百万円",
2024-08-01,学校法人富山学園,公社・官公庁・学校・研究施設,求人なし,埼玉県春日部市大場213,理事長 富山 治,1969,,,,848 百万円,
2024-08-01,学校法人豊田学園,公社・官公庁・学校・研究施設,求人なし,埼玉県三郷市戸ケ崎2-576,理事長 豊田 岩男,1971,,,,91 百万円,
2024-08-01,学校法人ひつじ幼稚園,公社・官公庁・学校・研究施設,求人なし,埼玉県川越市仙波町3-6-1,理事長 星野 時二,1954,,,,"1,610 百万円",
2024-08-01,学校法人藤田学園,公社・官公庁・学校・研究施設,求人なし,埼玉県北葛飾郡杉戸町大字下高野572-5,理事長 藤田 徹,1970,,,,,
2024-08-01,学校法人本木学園,公社・官公庁・学校・研究施設,求人なし,埼玉県狭山市大字北入曽395,理事長 本木 茂,1971,,,,521 百万円,
2024-08-01,学校法人谷塚幼稚園,公社・官公庁・学校・研究施設,求人なし,埼玉県草加市瀬崎2-37-3,理事長 小倉 惠照,1954,,,,607 百万円,
2024-08-01,学校法人山崎学園,公社・官公庁・学校・研究施設,求人なし,埼玉県さいたま市西区大字清河寺1235-1,理事長 山崎 広徳,1970,,,,,
2024-08-01,学校法人熊井学園,公社・官公庁・学校・研究施設,求人なし,埼玉県桶川市大字上日出谷1008,理事長 熊井 隆広,1971,,,,387 百万円,
2024-08-01,学校法人まるさわ学園,公社・官公庁・学校・研究施設,求人なし,埼玉県所沢市狭山ケ丘1-3015,理事長 澤田 一夫,1971,,,,293 百万円,
2024-08-01,学校法人大野学園,公社・官公庁・学校・研究施設,求人なし,埼玉県草加市西町1005-1,理事長 大野 良行,1972,,,,79 百万円,
2024-08-01,学校法人藤塚学園,公社・官公庁・学校・研究施設,求人なし,埼玉県春日部市藤塚1160,理事長 逸見 東太郎,1972,,,,738 百万円,
2024-08-01,学校法人マルハ学園,公社・官公庁・学校・研究施設,求人なし,埼玉県所沢市中新井4-15-7,理事長 原 勉,1972,,,,215 百万円,
2024-08-01,学校法人金子学園,公社・官公庁・学校・研究施設,求人なし,埼玉県さいたま市見沼区染谷2-23,理事長 金子 善英,1973,,,,"1,031 百万円",
2024-08-01,学校法人大道学園,公社・官公庁・学校・研究施設,求人なし,埼玉県さいたま市岩槻区大字表慈恩寺593-1,理事長 大島 道雄,1973,,,,285 百万円,
2024-08-01,学校法人庄和森田学園,公社・官公庁・学校・研究施設,求人なし,埼玉県春日部市米島63,理事長 森田 博,1978,,,,"1,058 百万円",
2024-08-01,学校法人報徳学園,公社・官公庁・学校・研究施設,求人なし,埼玉県本庄市小島395-2,理事長 間庭 進一,1979,,,,137 百万円,
2024-08-01,学校法人花積学園,公社・官公庁・学校・研究施設,求人なし,埼玉県春日部市下蛭田16-1,理事長 池田 彰,1979,,,,591 百万円,
2024-08-01,学校法人川瀬学園,公社・官公庁・学校・研究施設,求人なし,埼玉県久喜市青毛4-11-5,,1980,,,,377 百万円,
2024-08-01,学校法人浦和富士学園,公社・官公庁・学校・研究施設,求人なし,埼玉県さいたま市南区別所7-6-1,理事長 田島 道子,1981,,,,"1,782 百万円",
2024-08-01,学校法人無量寿学園,公社・官公庁・学校・研究施設,求人なし,埼玉県北葛飾郡松伏町大字上赤岩1200-1,理事長 宮本 慶通,1981,,,,418 百万円,
2024-08-01,学校法人中山学園,公社・官公庁・学校・研究施設,求人なし,埼玉県春日部市栄町3-248,理事長 中山 剛,1982,,,,327 百万円,
2024-08-01,学校法人小林学園,公社・官公庁・学校・研究施設,求人なし,埼玉県春日部市粕壁東2-16-65,理事長 小林 秀樹,1982,,,,58 百万円,
2024-08-01,学校法人庄和学園,公社・官公庁・学校・研究施設,求人なし,埼玉県春日部市米島725,理事長 阿久井 正己,1982,,,,84 百万円,
2024-08-01,学校法人桶川学園,公社・官公庁・学校・研究施設,求人なし,埼玉県桶川市寿2-10-4,理事長 細田 秀機,1983,,,,586 百万円,
2024-08-01,学校法人清月学園,公社・官公庁・学校・研究施設,求人なし,埼玉県川口市大字芝5222,理事長 松波 良晃,1983,,,,86 百万円,
2024-08-01,学校法人和田学園,公社・官公庁・学校・研究施設,求人なし,千葉県我孫子市布佐1275,,1974,,,,270 百万円,
2024-08-01,学校法人千成学園,公社・官公庁・学校・研究施設,求人なし,千葉県佐倉市千成3-4-3,理事長 安川 裕樹,1974,,,,,
2024-08-01,学校法人岡田学園,公社・官公庁・学校・研究施設,求人なし,千葉県松戸市高塚新田295-3,理事長 岡田 毅,1975,,,,"1,092 百万円",
2024-08-01,学校法人川上学園,公社・官公庁・学校・研究施設,求人なし,千葉県千葉市美浜区真砂2-17-82,理事長 川上 浩,1975,,,,282 百万円,
2024-08-01,学校法人堀口学園,公社・官公庁・学校・研究施設,求人なし,千葉県印旛郡酒々井町東酒々井1-1-105,理事長 堀口 路加,1975,,,,,
2024-08-01,学校法人霊樹寺学園,公社・官公庁・学校・研究施設,求人なし,埼玉県久喜市鷲宮3-6-2,理事長 岡田 竜一,1984,,,,503 百万円,
2024-08-01,学校法人早蕨学園,公社・官公庁・学校・研究施設,求人なし,埼玉県蕨市錦町3-11-14,理事長 奥田 十善,1985,,,,"1,026 百万円",
2024-08-01,学校法人光和学園,公社・官公庁・学校・研究施設,無,埼玉県川口市八幡木1-16-11,理事長 髙橋 浩司,1985,,,,,
2024-08-01,学校法人サンライズ学園,公社・官公庁・学校・研究施設,求人なし,埼玉県川越市大字笠幡2764-1,理事長 三上 友通,1985,,,,295 百万円,
2024-08-01,学校法人桐葉学園,公社・官公庁・学校・研究施設,求人なし,埼玉県所沢市緑町3-24-3,理事長 仲 智,1985,,,,769 百万円,
2024-08-01,学校法人花ちる里学園,公社・官公庁・学校・研究施設,求人なし,埼玉県加須市大室255-1,理事長 鳥山 喜美代,2001,,,,455 百万円,
2024-08-01,学校法人浦和済美学園,公社・官公庁・学校・研究施設,求人なし,埼玉県さいたま市浦和区仲町2-6-15,,2002,,,,231 百万円,
2024-08-01,学校法人光学園,公社・官公庁・学校・研究施設,求人なし,千葉県我孫子市緑2-3-1,理事長 岡島 昭信,1969,,,,969 百万円,
2024-08-01,学校法人福寿学園,公社・官公庁・学校・研究施設,求人なし,千葉県柏市高柳1364,理事長 関矢 良順,1971,,,,434 百万円,
2024-08-01,学校法人四街道旭学園,公社・官公庁・学校・研究施設,求人なし,千葉県四街道市小名木77-3,理事長 山﨑 勇,1972,,,,405 百万円,
2024-08-01,学校法人芦童学園,公社・官公庁・学校・研究施設,求人なし,千葉県千葉市花見川区さつきが丘2-13,,1972,,,,135 百万円,
2024-08-01,学校法人常盤平学園,公社・官公庁・学校・研究施設,求人なし,千葉県松戸市常盤平2-21,理事長 森口 健,1972,,,,115 百万円,
2024-08-01,学校法人岩浅学園,公社・官公庁・学校・研究施設,求人なし,千葉県船橋市八木が谷2-18-1,理事長 岩浅 康二,1973,,,,,
2024-08-01,学校法人伊集学園,公社・官公庁・学校・研究施設,求人なし,埼玉県所沢市小手指町2-12-1,理事長 石嶺 裕子,1975,,,,674 百万円,
2024-08-01,学校法人三ッ木学園,公社・官公庁・学校・研究施設,求人なし,埼玉県狭山市大字東三ツ木184-1,理事長 三ツ木 伸一,1977,,,,616 百万円,
2024-08-01,学校法人島学園,公社・官公庁・学校・研究施設,求人なし,埼玉県さいたま市見沼区島町448,理事長 吉田 敏雄,1978,,,,542 百万円,
2024-08-01,学校法人子どもの森,公社・官公庁・学校・研究施設,求人なし,東京都稲城市矢野口1753,理事長 角田 享,1999,,,,"1,661 百万円",
2024-08-01,学校法人みずほ学園,公社・官公庁・学校・研究施設,求人なし,東京都練馬区東大泉5-27-8,理事長 本橋 清彦,2003,,,,897 百万円,
2024-08-01,学校法人向良学園,公社・官公庁・学校・研究施設,無,東京都稲城市平尾3-7-5,理事長 石井 篤司,2003,,,,313 百万円,
2024-08-01,学校法人能勢学園,公社・官公庁・学校・研究施設,求人なし,千葉県千葉市美浜区高浜1-8-2,理事長 能勢 正明,1976,,,,254 百万円,
2024-08-01,学校法人エーデル学園,公社・官公庁・学校・研究施設,求人なし,千葉県我孫子市泉24-32,理事長 須藤 英華,1976,,,,138 百万円,
2024-08-01,学校法人武田学園,公社・官公庁・学校・研究施設,求人なし,千葉県柏市しいの木台4-1-2,理事長 武田 富美子,1978,,,,339 百万円,
2024-08-01,学校法人吉岡学園,公社・官公庁・学校・研究施設,求人なし,千葉県白井市清水口3-22-1,理事長 吉岡 茂光,1979,,,,,
2024-08-01,学校法人野田小島学園,公社・官公庁・学校・研究施設,求人なし,千葉県野田市五木341-5,理事長 小島 英介,1981,,,,426 百万円,
2024-08-01,学校法人市藤学園,公社・官公庁・学校・研究施設,求人なし,千葉県八千代市勝田台南1-4-3,理事長 市川 由貴子,1981,,,,,
2024-08-01,学校法人祁山学園,公社・官公庁・学校・研究施設,求人なし,千葉県柏市五條谷423-5,理事長 水野 誠志,1982,,,,576 百万円,
2024-08-01,学校法人誠泉学園,公社・官公庁・学校・研究施設,求人なし,千葉県柏市新富町2-1-11,理事長 小島 誠,1983,,,,614 百万円,
2024-08-01,学校法人江口学園,公社・官公庁・学校・研究施設,求人なし,千葉県野田市新田戸522,理事長 江口 富佐子,1984,,,,180 百万円,
2024-08-01,学校法人梅園学園,公社・官公庁・学校・研究施設,求人なし,千葉県千葉市中央区矢作町939-6,理事長 杉本 建二,1985,,,,302 百万円,
2024-08-01,学校法人柏バプテスト学園,公社・官公庁・学校・研究施設,求人なし,千葉県柏市若葉町7-17,理事長 寺田 一郎,1985,,,,237 百万円,
2024-08-01,学校法人弥生学園,公社・官公庁・学校・研究施設,求人なし,千葉県柏市弥生町4-6,理事長 吉田 武史,1985,,,,263 百万円,
2024-08-01,学校法人聖泉学院,公社・官公庁・学校・研究施設,求人なし,千葉県船橋市薬円台4-6-3,理事長 田中 善之,1985,,,,,
2024-08-01,学校法人賀川学園,公社・官公庁・学校・研究施設,求人なし,千葉県船橋市宮本8-35-12,理事長 山﨑 敬三,1985,,,,854 百万円,
2024-08-01,学校法人大橋学園,公社・官公庁・学校・研究施設,求人なし,千葉県松戸市五香西1-19-2,理事長 大橋 功,2002,,,,744 百万円,
2024-08-01,学校法人明角学園,公社・官公庁・学校・研究施設,求人なし,東京都板橋区常盤台4-12-4,理事長 明角 喜與子,1999,,,,341 百万円,
2024-08-01,学校法人敷島学園,公社・官公庁・学校・研究施設,無,東京都東大和市高木1-87-1,理事長 網干 裕之,1986,,,,,
2024-08-01,学校法人小金井学園,公社・官公庁・学校・研究施設,無,東京都東久留米市前沢2-2-2,理事長 小金井 充,1998,,,,"1,310 百万円",
2024-08-01,学校法人東京第一バプテスト学園,公社・官公庁・学校・研究施設,求人なし,東京都世田谷区瀬田2-11-11,理事長 富田 直美,1999,,,,27 百万円,
2024-08-01,学校法人山崎学園,公社・官公庁・学校・研究施設,無,神奈川県相模原市中央区宮下本町3-4-12,理事長 山崎 正志,1975,,,,,
2024-08-01,学校法人若草学園,公社・官公庁・学校・研究施設,求人なし,神奈川県横浜市栄区元大橋2-32-3,理事長 長瀬 薫,1985,,,,,
2024-08-01,学校法人石渡育英学園,公社・官公庁・学校・研究施設,求人なし,神奈川県川崎市川崎区江川2-5-5,,1985,,,,,
2024-08-01,学校法人平等学園,公社・官公庁・学校・研究施設,求人なし,神奈川県横浜市港北区新羽町2876,理事長 平等 大智,1978,,,,902 百万円,
2024-08-01,学校法人清長学園,公社・官公庁・学校・研究施設,求人なし,神奈川県横浜市港南区日野7-34-7,理事長 小林 精司,1979,,,,"1,257 百万円",
2024-08-01,学校法人比留川学園,公社・官公庁・学校・研究施設,無,神奈川県綾瀬市深谷上6-12-43,,1978,,,,,
2024-08-01,学校法人志村学園,公社・官公庁・学校・研究施設,求人なし,神奈川県川崎市幸区北加瀬2-13-2,理事長 志村 雄治,1981,,,,355 百万円,
2024-08-01,学校法人峰岡学園,公社・官公庁・学校・研究施設,求人なし,神奈川県横浜市保土ケ谷区峰岡町2-195,理事長 西山 俊太郎,1982,,,,,
2024-08-01,学校法人初音丘学園,公社・官公庁・学校・研究施設,求人なし,神奈川県横浜市保土ケ谷区初音ケ丘42-2,理事長 渡邉 啓一,1966,,,,"1,816 百万円",
2024-08-01,学校法人吉原学園,公社・官公庁・学校・研究施設,求人なし,神奈川県横浜市戸塚区下倉田町1468-1,理事長 吉原 繁男,1972,,,,"1,151 百万円",
2024-08-01,学校法人竹田学園,公社・官公庁・学校・研究施設,求人なし,神奈川県横浜市都筑区中川1-3-2,理事長 竹田 ハツ,1972,,,,"3,342 百万円",
2024-08-01,学校法人白山学園,公社・官公庁・学校・研究施設,求人なし,神奈川県厚木市飯山南4-11-1,理事長 森 厚子,1973,,,,,
2024-08-01,学校法人横須賀田中学園,公社・官公庁・学校・研究施設,求人なし,神奈川県横須賀市上町2-10,,1991,,,,,
2024-08-01,学校法人円福学園,公社・官公庁・学校・研究施設,求人なし,長野県長野市篠ノ井横田772,理事長 藤本 光世,1966,,,,532 百万円,
2024-08-01,学校法人葵学園,公社・官公庁・学校・研究施設,求人なし,愛知県名古屋市南区浜田町1-15-4,理事長 水越 省三,1955,,,,681 百万円,
2024-08-01,学校法人中村学園,公社・官公庁・学校・研究施設,求人なし,愛知県東海市富木島町西長口70,理事長 中村 彰良,1966,,,,,
2024-08-01,学校法人長沢学園,公社・官公庁・学校・研究施設,求人なし,愛知県あま市木田南一丁目2-5,理事長 長澤 弘宣,1969,,,,,
2024-08-01,学校法人西岡学園,公社・官公庁・学校・研究施設,求人なし,愛知県名古屋市西区城西3-4-5,理事長 西岡 壽一,1955,,,,,
2024-08-01,学校法人ひばり学園,公社・官公庁・学校・研究施設,求人なし,愛知県名古屋市天白区久方1-147,,1967,,,,400 百万円,
2024-08-01,学校法人前嶋学園,公社・官公庁・学校・研究施設,求人なし,愛知県安城市百石町1-22-12,理事長 前嶋 恭子,1970,,,,"1,274 百万円",
2024-08-01,学校法人水野学園,公社・官公庁・学校・研究施設,求人なし,愛知県名古屋市北区上飯田通2-32,理事長 金子 宏明,1969,,,,365 百万円,
2024-08-01,学校法人弥富学園,公社・官公庁・学校・研究施設,求人なし,愛知県名古屋市瑞穂区丸根町2-54,,1957,,,,127 百万円,
2024-08-01,学校法人星崎学園,公社・官公庁・学校・研究施設,求人なし,愛知県名古屋市南区星崎1-310,理事長 祖父江 信英,1983,,,,289 百万円,
2024-08-01,学校法人聖マリア学園,公社・官公庁・学校・研究施設,求人なし,愛知県名古屋市千種区園山町1-59,理事長 アンヘレス・ガトン,1985,,,,224 百万円,
2024-08-01,学校法人筧学園,公社・官公庁・学校・研究施設,求人なし,愛知県名古屋市中村区深川町1-6,理事長 筧 裕彰,1985,,,,138 百万円,
2024-08-01,学校法人専念寺学園,公社・官公庁・学校・研究施設,求人なし,愛知県名古屋市北区川中町6-11,理事長 三浦 俊彦,1985,,,,376 百万円,
2024-08-01,学校法人聖心学園,公社・官公庁・学校・研究施設,求人なし,愛知県名古屋市北区金城1-1-57,理事長 マルティヌス・プリヨ・スサント,1985,,,,249 百万円,
2024-08-01,学校法人熊澤学園,公社・官公庁・学校・研究施設,求人なし,愛知県名古屋市北区清水5-27-14,理事長 熊澤 美都子,1985,,,,28 百万円,
2024-08-01,学校法人東高学園,公社・官公庁・学校・研究施設,求人なし,愛知県名古屋市北区金城町2-23-2,理事長 神野 眞成,1985,,,,205 百万円,
2024-08-01,学校法人宗圓学園,公社・官公庁・学校・研究施設,求人なし,愛知県名古屋市西区名塚町4-46,理事長 磯野 哲彦,1985,,,,170 百万円,
2024-08-01,学校法人本立寺学園,公社・官公庁・学校・研究施設,求人なし,愛知県名古屋市昭和区白金3-9-15,理事長 祖父江 光生,1985,,,,45 百万円,
2024-08-01,学校法人むらくも学園,公社・官公庁・学校・研究施設,求人なし,愛知県名古屋市昭和区円上町11-14,理事長 愛知 宗麿,1985,,,,242 百万円,
2024-08-01,学校法人宝泉学園,公社・官公庁・学校・研究施設,求人なし,愛知県名古屋市瑞穂区岳見町4-41,理事長 村瀬 和彦,1985,,,,519 百万円,
2024-08-01,学校法人善東学園,公社・官公庁・学校・研究施設,求人なし,愛知県名古屋市南区鳥山町3-40-1,理事長 一栁智真,1985,,,,251 百万円,
2024-08-01,学校法人天道学園,公社・官公庁・学校・研究施設,求人なし,愛知県名古屋市天白区八事天道815,理事長 山田 浩正,1985,,,,524 百万円,
2024-08-01,学校法人愛知石川学園,公社・官公庁・学校・研究施設,求人なし,愛知県あま市西今宿山伏一16,理事長 石川 哲央,1985,,,,417 百万円,
2024-08-01,学校法人猪高学園,公社・官公庁・学校・研究施設,求人なし,愛知県名古屋市名東区小池町65,理事長 佐藤 喜久雄,1971,,,,380 百万円,
2024-08-01,学校法人明星学園,公社・官公庁・学校・研究施設,求人なし,愛知県名古屋市東区代官町22-17,理事長 児玉 剛則,1973,,,,,
2024-08-01,学校法人チルド学園,公社・官公庁・学校・研究施設,求人なし,愛知県名古屋市名東区高針台3-701,理事長 岩井 美稚子,1975,,,,215 百万円,
2024-08-01,学校法人桜井学園,公社・官公庁・学校・研究施設,求人なし,愛知県名古屋市西区中小田井1-353,理事長 桜井 克明,1977,,,,363 百万円,
2024-08-01,学校法人石川学園,公社・官公庁・学校・研究施設,求人なし,愛知県名古屋市緑区池上台2-194,理事長 石川 信広,1978,,,,,
2024-08-01,学校法人牛田学園,公社・官公庁・学校・研究施設,求人なし,愛知県名古屋市緑区桃山3-201,理事長 柳 由紀子,1978,,,,593 百万円,
2024-08-01,学校法人村木学園,公社・官公庁・学校・研究施設,求人なし,愛知県名古屋市名東区よもぎ台1-101,理事長 村木 亮介,1978,,,,717 百万円,
2024-08-01,学校法人上野学園,公社・官公庁・学校・研究施設,求人なし,愛知県名古屋市千種区上野3-2-20,理事長 齋藤 眞司,1978,,,,127 百万円,
2024-08-01,学校法人磯野学園,公社・官公庁・学校・研究施設,求人なし,愛知県名古屋市西区笠取町2-89,理事長 磯野 光伸,1978,,,,342 百万円,
2024-08-01,学校法人ひろき学園,公社・官公庁・学校・研究施設,求人なし,愛知県名古屋市西区城西2-4-16,理事長 伊藤 秀樹,1979,,,,,
2024-08-01,学校法人あいく学園,公社・官公庁・学校・研究施設,求人なし,愛知県名古屋市名東区大針3-344-2,理事長 愛知 宜麿,1979,,,,366 百万円,
2024-08-01,学校法人児玉学園,公社・官公庁・学校・研究施設,求人なし,愛知県名古屋市守山区大屋敷13-73,理事長 児玉 春子,1979,,,,854 百万円,
2024-08-01,学校法人とくのう学園,公社・官公庁・学校・研究施設,求人なし,静岡県富士宮市源道寺町632,理事長 得能 敏正,1978,,,,113 百万円,
2024-08-01,学校法人水元学園,公社・官公庁・学校・研究施設,求人なし,静岡県静岡市駿河区用宗4-18-28,理事長 樺澤 智生,1980,,,,,
2024-08-01,学校法人梅川学園,公社・官公庁・学校・研究施設,求人なし,大阪府堺市中区八田西町2-14-56,理事長 梅川 治美,1976,,,,224 百万円,
2024-08-01,学校法人鴨谷学園,公社・官公庁・学校・研究施設,求人なし,大阪府堺市南区鴨谷台3-5-1,理事長 宮下 正明,1978,,,,"1,088 百万円",
2024-08-01,学校法人阿部野学園,公社・官公庁・学校・研究施設,求人なし,大阪府大阪市阿倍野区北畠3-7-5,理事長 井内 悌子,1979,,,,"1,528 百万円",
2024-08-01,学校法人ひまわり学園,公社・官公庁・学校・研究施設,求人なし,大阪府堺市西区浜寺石津町東5-8-25,理事長 澤田 道雄,1980,,,,,
2024-08-01,学校法人お東学園,公社・官公庁・学校・研究施設,求人なし,愛知県名古屋市中区橘2-8-75,理事長 藤井 正芳,1993,,,,206 百万円,
2024-08-01,学校法人服部学園,公社・官公庁・学校・研究施設,求人なし,愛知県岡崎市羽根東町1-2-1,理事長 服部 良男,1996,,,,"2,037 百万円",
2024-08-01,学校法人内田橋学園,公社・官公庁・学校・研究施設,求人なし,愛知県名古屋市南区内田橋2-30-8,理事長 加藤 博文,2001,,,,125 百万円,
2024-08-01,学校法人光明学園,公社・官公庁・学校・研究施設,求人なし,大阪府堺市北区新金岡町4-6,理事長 堀 源太郎,1969,,,,,
2024-08-01,学校法人鴻池学園,公社・官公庁・学校・研究施設,無,大阪府東大阪市鴻池元町10-38,理事長 松井 和男,1954,,,,"7,374 百万円",
2024-08-01,学校法人冨田学園,公社・官公庁・学校・研究施設,求人なし,大阪府交野市妙見坂7-2-2,理事長 冨田 泰史,1970,,,,832 百万円,
2024-08-01,学校法人ひじり学園,公社・官公庁・学校・研究施設,求人なし,大阪府豊中市新千里北町3-2-1,理事長 安達 譲,1966,,,,843 百万円,
2024-08-01,学校法人文化女子学院,公社・官公庁・学校・研究施設,求人なし,大阪府大阪市港区市岡元町2-1-28,理事長 吉田 昌功,1942,,,,"1,031 百万円",
2024-08-01,学校法人四葉学園,公社・官公庁・学校・研究施設,求人なし,大阪府東大阪市桜町2-17,理事長 廣田 尚美,1968,,,,561 百万円,
2024-08-01,学校法人わかば学園,公社・官公庁・学校・研究施設,求人なし,大阪府高槻市柳川町1-7-14,理事長 仲田 桂子,1967,,,,,
2024-08-01,学校法人泉新学園,公社・官公庁・学校・研究施設,無,大阪府堺市南区晴美台1-31-1,理事長 松井 直輝,1972,,,,"1,260 百万円",
2024-08-01,学校法人トモエ学園,公社・官公庁・学校・研究施設,求人なし,大阪府大阪市都島区東野田町4-2-7,理事長 北山 喜直,1949,,,,,
2024-08-01,学校法人宝珠学園,公社・官公庁・学校・研究施設,求人なし,大阪府堺市堺区宿屋町東3-2-36,理事長 新丸 和也,1982,,,,183 百万円,
2024-08-01,学校法人室町学園,公社・官公庁・学校・研究施設,求人なし,大阪府池田市室町7-4,理事長 大西 康夫,1983,,,,175 百万円,
2024-08-01,学校法人稲垣学園,公社・官公庁・学校・研究施設,求人なし,大阪府大阪市住吉区長居西3-1-14,理事長 白樫 章行,1986,,,,,
2024-08-01,学校法人敷島学園,公社・官公庁・学校・研究施設,求人なし,奈良県桜井市大字粟殿480-1,理事長 堀江 泰文,1981,,,,272 百万円,
2024-08-01,学校法人和歌山中央学園,公社・官公庁・学校・研究施設,求人なし,和歌山県岩出市波分32,理事長 土生川 覚弥,1978,,,,932 百万円,
2024-08-01,学校法人甲陽幼稚園,公社・官公庁・学校・研究施設,求人なし,兵庫県西宮市甲陽園本庄町7-23,理事長 山下 幸夫,1968,,,,"1,113 百万円",
2024-08-01,学校法人多田学園,公社・官公庁・学校・研究施設,求人なし,兵庫県宝塚市口谷東2-3-9,理事長 多田 仁三,1966,,,,406 百万円,
2024-08-01,学校法人茅渟の浦学園,公社・官公庁・学校・研究施設,求人なし,兵庫県神戸市東灘区鴨子ヶ原3-17-27,理事長 畑尾 佳伸,1964,,,,"1,363 百万円",
2024-08-01,学校法人鶴之荘学園,公社・官公庁・学校・研究施設,求人なし,兵庫県川西市小戸1-15-13,理事長 仲田 尚樹,1964,,,,188 百万円,
2024-08-01,学校法人西伊丹学園,公社・官公庁・学校・研究施設,求人なし,兵庫県伊丹市寺本5-373,理事長 佐伯 聰子,1964,,,,981 百万円,
2024-08-01,学校法人みなと学園,公社・官公庁・学校・研究施設,求人なし,兵庫県神戸市兵庫区荒田町3-20-4,理事長 山口 悦章,1964,,,,691 百万円,
2024-08-01,学校法人武庫之荘学園,公社・官公庁・学校・研究施設,求人なし,兵庫県尼崎市武庫之荘西2-44-35,理事長 今泉 信宏,1965,,,,43 百万円,
2024-08-01,学校法人吉田学園,公社・官公庁・学校・研究施設,求人なし,兵庫県西宮市室川町1-4,理事長 吉田 繁,1968,,,,141 百万円,
2024-08-01,学校法人一粒学園,公社・官公庁・学校・研究施設,求人なし,兵庫県川西市湯山台1-38-4,理事長 林 良明,1977,,,,405 百万円,
2024-08-01,学校法人光照学園,公社・官公庁・学校・研究施設,求人なし,兵庫県西宮市高須町1-1-5,理事長 堀 夕佳,1979,,,,"1,848 百万円",
2024-08-01,学校法人光の園学園,公社・官公庁・学校・研究施設,求人なし,兵庫県神戸市東灘区岡本1-14-12,理事長 杉浦 眞喜子,1979,,,,81 百万円,
2024-08-01,学校法人ひかり学園,公社・官公庁・学校・研究施設,求人なし,兵庫県川西市美山台3-5,理事長 岡本 功,1990,,,,861 百万円,
2024-08-01,学校法人神撫山学園,公社・官公庁・学校・研究施設,求人なし,兵庫県神戸市須磨区禅昌寺町2-5-1,理事長 近藤 利弘,1991,,,,455 百万円,
2024-08-01,学校法人みどり学園,公社・官公庁・学校・研究施設,求人なし,兵庫県神戸市須磨区中島町2-5-15,理事長 藤本 文代,2002,,,,185 百万円,
2024-08-01,学校法人大手学園,公社・官公庁・学校・研究施設,求人なし,兵庫県神戸市須磨区大手町7-2,理事長 進藤 彦助,2002,,,,298 百万円,
2024-08-01,学校法人片上学園,公社・官公庁・学校・研究施設,無,大阪府大阪市住吉区万代3-6-15,理事長 片上 星太郎,1981,,,,"1,039 百万円",
2024-08-01,学校法人石橋文化学園,公社・官公庁・学校・研究施設,求人なし,大阪府池田市石橋2-12-12,理事長 髙橋 敏子,1982,,,,341 百万円,
2024-08-01,学校法人寳晃学園,公社・官公庁・学校・研究施設,求人なし,福岡県福津市津屋崎7-12-1,理事長 阿部 良寛,1995,,,,99 百万円,
2024-08-01,学校法人久保学園,公社・官公庁・学校・研究施設,求人なし,福岡県福岡市城南区七隈1-13-62,理事長 吉村 正昭,1971,,,,926 百万円,
2024-08-01,学校法人なぎの学園,公社・官公庁・学校・研究施設,求人なし,福岡県福岡市南区花畑2-48-31,理事長 薙野 洋子,1972,,,,31 百万円,
2024-08-01,学校法人三宅学園,公社・官公庁・学校・研究施設,求人なし,広島県安芸郡海田町日の出町5-28,理事長 三宅 雄次郎,1977,,,,"1,425 百万円",
2024-08-01,学校法人本長寺学園,公社・官公庁・学校・研究施設,求人なし,広島県竹原市本町2-4-29,理事長 鴨宮弘宜,2003,,,,,
2024-08-01,学校法人岩国学園,公社・官公庁・学校・研究施設,求人なし,山口県岩国市尾津町2-7-1,理事長 中邑喜根子,1969,,,,,
2024-08-01,学校法人都築第一学園,公社・官公庁・学校・研究施設,求人なし,神奈川県横浜市戸塚区俣野町601,理事長 都築 仁子,1979,,,,"10,217 百万円",
2024-08-01,学校法人鳥井学園,公社・官公庁・学校・研究施設,求人なし,福岡県北九州市戸畑区西大谷1-9-52,理事長 鳥井 文彰,1984,,,,143 百万円,
2024-08-01,学校法人藤祥山学園,公社・官公庁・学校・研究施設,求人なし,福岡県北九州市戸畑区中原西1-3-23,理事長 天野 幸江,1999,,,,64 百万円,
2024-08-01,学校法人青山学園,公社・官公庁・学校・研究施設,求人なし,福岡県北九州市八幡西区萩原3-7-1,理事長 能美 和則,1975,,,,379 百万円,
2024-08-01,学校法人淡窓学園,公社・官公庁・学校・研究施設,求人なし,福岡県筑紫野市上古賀3-13-1,理事長 橋本 陽一郎,1977,,,,"1,122 百万円",
2024-08-01,学校法人めぐみ学園,公社・官公庁・学校・研究施設,求人なし,鹿児島県阿久根市波留5465-1,理事長 輿水 基,1971,,,,71 百万円,
2024-08-01,学校法人天山ルーテル学園,公社・官公庁・学校・研究施設,求人なし,佐賀県小城市小城町170-2,理事長 白川 道生,1994,,,,251 百万円,
2024-08-01,学校法人福田学園,公社・官公庁・学校・研究施設,求人なし,長崎県長崎市片淵3-11-7,理事長 上野 修,1969,,,,844 百万円,
2024-08-01,学校法人福丸学園,公社・官公庁・学校・研究施設,求人なし,鹿児島県鹿児島市武岡5-26-6,理事長 福丸 敬朗,1981,,,,203 百万円,
2024-08-01,学校法人やしま学園,公社・官公庁・学校・研究施設,求人なし,香川県高松市屋島西町2477-4,理事長 坪井 久也,1976,,,,502 百万円,
2024-08-01,学校法人晴心学園,公社・官公庁・学校・研究施設,求人なし,愛媛県今治市南高下町3-4-46,理事長 岡本 佳久,1967,,,,332 百万円,
2024-08-01,学校法人ヴェリタス学園,公社・官公庁・学校・研究施設,求人なし,鹿児島県鹿児島市武岡1-22-1,理事長 永田 良一,1972,,,,45 百万円,
2024-08-01,学校法人鹿児島竜谷学園,公社・官公庁・学校・研究施設,求人なし,鹿児島県鹿児島市東千石町21-38,理事長 森田 順照,1975,,,,835 百万円,
2024-08-01,学校法人北薩学園,公社・官公庁・学校・研究施設,求人なし,鹿児島県阿久根市塩浜町1-115,理事長 坪久田 洋美,1965,,,,305 百万円,
2024-08-01,学校法人東桜学園,公社・官公庁・学校・研究施設,求人なし,愛知県名古屋市東区東桜2-8-26,理事長 村瀬 忠雄,1956,,,,502 百万円,
2024-08-01,学校法人宝泉学園,公社・官公庁・学校・研究施設,求人なし,山梨県甲府市塩部4-6-5,理事長 畑 はつね,1965,,,,538 百万円,
2024-08-01,学校法人あさひ学園,公社・官公庁・学校・研究施設,求人なし,愛知県名古屋市守山区小幡南2-5-9,理事長 臼井 邦彰,1969,,,,731 百万円,
2024-08-01,学校法人愛和学園,公社・官公庁・学校・研究施設,求人なし,愛知県名古屋市名東区神里2-168,理事長 後藤 泰之,1966,,,,,
2024-08-01,学校法人浅野学園,公社・官公庁・学校・研究施設,求人なし,愛知県名古屋市守山区大字中志段味字吉田洞2911-18,理事長 浅野 裕功,1966,,,,434 百万円,
2024-08-01,学校法人栄光学園,公社・官公庁・学校・研究施設,求人なし,愛知県名古屋市緑区鳴海町字有松裏70-3,理事長 岡田 勝彦,1961,,,,"1,298 百万円",
2024-08-01,学校法人大江学園,公社・官公庁・学校・研究施設,求人なし,愛知県名古屋市南区港東通1-11,理事長 中島 雄道,1957,,,,374 百万円,
2024-08-01,学校法人大島学園,公社・官公庁・学校・研究施設,求人なし,愛知県名古屋市守山区大森1-2711,理事長 大島 茂雄,1970,,,,588 百万円,
2024-08-01,学校法人大谷学園,公社・官公庁・学校・研究施設,求人なし,愛知県名古屋市昭和区北山町3-9-2,理事長 大谷 喜久子,1955,,,,201 百万円,
2024-08-01,学校法人希望学園,公社・官公庁・学校・研究施設,求人なし,愛知県名古屋市昭和区塩付通6-8,理事長 森岡 さつき,1954,,,,677 百万円,
2024-08-01,学校法人広有学園,公社・官公庁・学校・研究施設,求人なし,愛知県名古屋市守山区瀬古東3-119,理事長 水野 郁夫,1966,,,,591 百万円,
2024-08-01,学校法人聖英学園,公社・官公庁・学校・研究施設,求人なし,愛知県江南市大間町南大間11-1,理事長 伊藤 靖祐,1967,,,,"1,717 百万円",
2024-08-01,学校法人安田学園,公社・官公庁・学校・研究施設,求人なし,茨城県つくば市下横場425,,1977,,,,263 百万円,
2024-08-01,学校法人愛友学園,公社・官公庁・学校・研究施設,求人なし,茨城県つくば市吉沼38,理事長 菊山 圭,1980,,,,,
2024-08-01,学校法人緑丘学園,公社・官公庁・学校・研究施設,求人なし,茨城県水戸市見川町2582-15,理事長 田中 久美子,1984,,,,"2,706 百万円",
2024-08-01,学校法人長谷川学園,公社・官公庁・学校・研究施設,求人なし,愛知県春日井市牛山町2082-1,理事長 長谷川 保仁,1974,,,,277 百万円,
2024-08-01,学校法人若木学園,公社・官公庁・学校・研究施設,求人なし,埼玉県さいたま市岩槻区大字金重24-1,理事長 島村 若之,1969,,,,"1,181 百万円",
2024-08-01,自衛隊滋賀地方協力本部,公社・官公庁・学校・研究施設,無,滋賀県大津市京町3-1-1大津びわ湖合同庁舎 5Ｆ,,,,,,,
2024-08-01,自衛隊大阪地方協力本部,公社・官公庁・学校・研究施設,無,大阪府大阪市中央区大手前4-1-67大阪合同庁舎第2号館 3Ｆ,,,,,,,
2024-08-01,自衛隊広島地方協力本部,公社・官公庁・学校・研究施設,無,広島県広島市中区上八丁堀6-30広島合同庁舎,,,,,,,
2024-08-01,自衛隊福岡地方協力本部,公社・官公庁・学校・研究施設,無,福岡県福岡市博多区竹丘町1-12,,,,,,,
2024-08-01,自衛隊東京地方協力本部,公社・官公庁・学校・研究施設,無,東京都新宿区市谷本村町10-1,,,,,,,情報が古い可能性があります。最新の情報を確認する場合はHP等をご覧ください。 自衛隊では、国の平和と独立を守るという使命の下、領土・領海・領空を守る活動や、災害派遣時の捜索・救助・医療などの対応、海外での国際平和協力活動などを行なっています。 2021年8月doda掲載求人より引用
2024-08-01,栃木県那須塩原市役所,公社・官公庁・学校・研究施設,求人なし,栃木県那須塩原市共墾社108-2,市長 渡辺 美知太郎,,,,,,
2024-08-01,静岡県菊川市役所,公社・官公庁・学校・研究施設,求人なし,静岡県菊川市堀之内61,市長 長谷川 寬彦,,,,,,
2024-08-01,鳥取県伯耆町役場,公社・官公庁・学校・研究施設,求人なし,鳥取県西伯郡伯耆町吉長37-3,町長 森安 保,,,,,,
2024-08-01,愛媛県鬼北町役場,公社・官公庁・学校・研究施設,求人なし,愛媛県北宇和郡鬼北町大字近永800-1,町長 兵頭 誠亀,,,,,,
2024-08-01,熊本県宇城市役所,公社・官公庁・学校・研究施設,求人なし,熊本県宇城市松橋町大野85,市長 守田 憲史,,,,,,
2024-08-01,愛知県幸田町役場,公社・官公庁・学校・研究施設,求人なし,愛知県額田郡幸田町大字菱池字元林1-1,町長 成瀬 敦,,,,,,
2024-08-01,兵庫県南あわじ市役所,公社・官公庁・学校・研究施設,求人なし,兵庫県南あわじ市市善光寺22-1,市長 守本 憲弘,,,,,,
2024-08-01,株式会社ルネッサンス・エナジー・リサーチ,公社・官公庁・学校・研究施設,無,大阪府大阪市中央区高麗橋1-7-7ザ・北浜タワー 28Ｆ 2810,代表取締役 岡田 治,2004,,,,10 百万円,情報が古い可能性があります。最新の情報を確認する場合はHP等をご覧ください。 ■炭化水素の水蒸気改質法による水素製造技術をベースとし、燃料電池を含むエネルギー・水素分野を中心とした、触媒・プロセス技術の製造販売・ライセンス、化学プロセス・プラントの設計・エンジニアリング■CO2選択透過膜等各種ガス透過膜及びその応用プロセスの開発■触媒・材料分野の計算化学ソフト開発及び化学プロセス分野のシミュレーションソフト開発 2022年12月doda掲載求人より引用
2024-08-01,学校法人三井学園,公社・官公庁・学校・研究施設,求人なし,埼玉県さいたま市南区鹿手袋4-14-7,理事長 玉田 英子,2003,,,,156 百万円,
2024-08-01,石川県白山市役所,公社・官公庁・学校・研究施設,求人なし,石川県白山市倉光2-1,市長 田村 敏和,,,,,,
2024-08-01,全国市議会議長会,公社・官公庁・学校・研究施設,求人なし,東京都千代田区平河町2-4-2全国都市会館 6Ｆ,,1932,,,,,
2024-08-01,青森県つがる市役所,公社・官公庁・学校・研究施設,求人なし,青森県つがる市木造若緑61-1,市長 倉光 弘昭,2005,,,,,
2024-08-01,茨城県城里町役場,公社・官公庁・学校・研究施設,求人なし,茨城県東茨城郡城里町大字石塚1428-25,町長 上遠野 修,2005,,,,,
2024-08-01,山梨県上野原市役所,公社・官公庁・学校・研究施設,求人なし,山梨県上野原市上野原3832,市長 村上 信行,2005,,,,,
2024-08-01,滋賀県東近江市役所,公社・官公庁・学校・研究施設,求人なし,滋賀県東近江市八日市緑町10-5,市長 小椋 正清,2005,,,,,
2024-08-01,滋賀県米原市役所,公社・官公庁・学校・研究施設,求人なし,滋賀県米原市米原1016,市長 平尾 道雄,2005,,,,,
2024-08-01,徳島県美馬市役所,公社・官公庁・学校・研究施設,求人なし,徳島県美馬市穴吹町穴吹字九反地5,市長 加美 一成,2005,,,,,
2024-08-01,福岡県福津市役所,公社・官公庁・学校・研究施設,求人なし,福岡県福津市中央1-1-1,市長 原﨑 智仁,2005,,,,,
2024-08-01,佐賀県小城市役所,公社・官公庁・学校・研究施設,求人なし,佐賀県小城市三日月町長神田2312-2,市長 江里口 秀次,2005,,,,,
2024-08-01,熊本県南阿蘇村役場,公社・官公庁・学校・研究施設,求人なし,熊本県阿蘇郡南阿蘇村大字河陽1705-1,村長 吉良 清一,2005,,,,,
2024-08-01,福岡県うきは市役所,公社・官公庁・学校・研究施設,求人なし,福岡県うきは市吉井町新治316,市長 権藤 英樹,2005,,,,,
2024-08-01,福岡県筑前町役場,公社・官公庁・学校・研究施設,求人なし,福岡県朝倉郡筑前町篠隈373,町長 田頭 喜久己,2005,,,,,
2024-08-01,山口県山陽小野田市役所,公社・官公庁・学校・研究施設,求人なし,山口県山陽小野田市日の出1-1-1,市長 藤田 剛二,2005,,,,,
2024-08-01,秋田県北秋田市役所,公社・官公庁・学校・研究施設,求人なし,秋田県北秋田市花園町19-1,市長 津谷 永光,2005,,,,,
2024-08-01,秋田県大仙市役所,公社・官公庁・学校・研究施設,求人なし,秋田県大仙市大曲花園町1-1,市長 老松 博行,2005,,,,,
2024-08-01,秋田県潟上市役所,公社・官公庁・学校・研究施設,求人なし,秋田県潟上市天王字棒沼台226-1,市長 鈴木 雄大,2005,,,,,
2024-08-01,秋田県由利本荘市役所,公社・官公庁・学校・研究施設,求人なし,秋田県由利本荘市尾崎17,市長 湊 貴信,2005,,,,,
2024-08-01,茨城県稲敷市役所,公社・官公庁・学校・研究施設,求人なし,茨城県稲敷市犬塚1570-1,市長 筧 信太郎,2005,,,,,
2024-08-01,岐阜県海津市役所,公社・官公庁・学校・研究施設,求人なし,岐阜県海津市海津町高須515,市長 横川 真澄,2005,,,,,
2024-08-01,茨城県かすみがうら市役所,公社・官公庁・学校・研究施設,求人なし,茨城県かすみがうら市上土田461,市長 宮嶋 謙,2005,,,,,
2024-08-01,栃木県さくら市役所,公社・官公庁・学校・研究施設,求人なし,栃木県さくら市氏家2771,市長 花塚 隆志,2005,,,,,
2024-08-01,茨城県筑西市役所,公社・官公庁・学校・研究施設,求人なし,茨城県筑西市丙360,市長 須藤 茂,2005,,,,,
2024-08-01,青森県中泊町役場,公社・官公庁・学校・研究施設,求人なし,青森県北津軽郡中泊町大字中里字紅葉坂209,町長 濱舘 豊光,2005,,,,,
2024-08-01,大分県豊後大野市役所,公社・官公庁・学校・研究施設,求人なし,大分県豊後大野市三重町市場1200,市長 川野 文敏,2005,,,,,
2024-08-01,岡山県真庭市役所,公社・官公庁・学校・研究施設,求人なし,岡山県真庭市久世2927-2,市長 太田 昇,2005,,,,,
2024-08-01,福井県若狭町役場,公社・官公庁・学校・研究施設,求人なし,福井県三方上中郡若狭町中央1-1,町長 森下 裕,2005,,,,,
2024-08-01,宮城県栗原市役所,公社・官公庁・学校・研究施設,求人なし,宮城県栗原市築館薬師1-7-1,市長 佐藤 智,2005,,,,,
2024-08-01,宮城県登米市役所,公社・官公庁・学校・研究施設,求人なし,宮城県登米市迫町佐沼字中江2-6-1,市長 熊谷 盛廣,2005,,,,,
2024-08-01,宮城県東松島市役所,公社・官公庁・学校・研究施設,求人なし,宮城県東松島市矢本字上河戸36-1,市長 渥美 巖,2005,,,,,
2024-08-01,愛知県愛西市役所,公社・官公庁・学校・研究施設,求人なし,愛知県愛西市稲葉町米野308,市長 日永 貴章,2005,,,,,
2024-08-01,兵庫県宍粟市役所,公社・官公庁・学校・研究施設,求人なし,兵庫県宍粟市山崎町中広瀬133-6,市長 福元 晶三,2005,,,,,
2024-08-01,兵庫県朝来市役所,公社・官公庁・学校・研究施設,求人なし,兵庫県朝来市和田山町東谷213-1,市長 藤岡 勇,2005,,,,,
2024-08-01,兵庫県淡路市役所,公社・官公庁・学校・研究施設,求人なし,兵庫県淡路市生穂新島8,市長 門 康彦,2005,,,,,
2024-08-01,兵庫県香美町役場,公社・官公庁・学校・研究施設,求人なし,兵庫県美方郡香美町香住区香住870-1,町長 浜上 勇人,2005,,,,,
2024-08-01,沖縄県うるま市役所,公社・官公庁・学校・研究施設,求人なし,沖縄県うるま市みどり町1-1-1,市長 中村 正人,2005,,,,,
2024-08-01,岡山県美咲町役場,公社・官公庁・学校・研究施設,求人なし,岡山県久米郡美咲町原田1735,町長 青野 高陽,2005,,,,,
2024-08-01,社会福祉法人育慈会,公社・官公庁・学校・研究施設,無,埼玉県熊谷市三ヶ尻6338-2,理事長 髙田 澄枝,1977,,,,545 百万円,情報が古い可能性があります。最新の情報を確認する場合はHP等をご覧ください。 ■保育園 2022年11月doda掲載求人より引用
2024-08-01,鹿児島県日置市役所,公社・官公庁・学校・研究施設,求人なし,鹿児島県日置市伊集院町郡1-100,市長 永山 由高,2005,,,,,
2024-08-01,社会福祉法人慶育会,公社・官公庁・学校・研究施設,求人なし,茨城県筑西市茂田1740,理事長 中山 公実,1960,,,,"2,025 百万円",
2024-08-01,社会福祉法人特別区社会福祉事業団,公社・官公庁・学校・研究施設,無,東京都江東区塩浜2-5-15新塩崎荘 2Ｆ,理事長 松原 忠義,1990,,,,,情報が古い可能性があります。最新の情報を確認する場合はHP等をご覧ください。 生活保護法に基づく福祉施設の運営、路上生活者対策事業の受託運営、母子生活支援施設の受託運営等 2022年8月doda掲載求人より引用
2024-08-01,社会福祉法人東光会,公社・官公庁・学校・研究施設,求人なし,新潟県長岡市四郎丸3-5-11,理事長 長尾 弘,1963,,,,"1,275 百万円",
2024-08-01,社会福祉法人清心会,公社・官公庁・学校・研究施設,求人なし,青森県弘前市大字南大町1-8-2,理事長 吉成 正昭,1979,,,,293 百万円,
2024-08-01,社会福祉法人愛の園福祉会,公社・官公庁・学校・研究施設,求人なし,千葉県八千代市米本1359米本団地4街区39棟,理事長 堀口 路加,1971,,,,773 百万円,
2024-08-01,社会福祉法人日の出福祉会,公社・官公庁・学校・研究施設,求人なし,千葉県船橋市三咲3-6-2,理事長 小山 良磨,1974,,,,"1,335 百万円",
2024-08-01,一般財団法人北上市文化創造,公社・官公庁・学校・研究施設,求人なし,岩手県北上市さくら通り2-1-1,代表理事 新田 満,2003,,,,,
2024-08-01,新潟バイオリサーチパーク株式会社,公社・官公庁・学校・研究施設,求人なし,新潟県新潟市秋葉区東島316-2,代表取締役 後藤 博,2003,,,,196 百万円,
2024-08-01,社会福祉法人広陵福祉会,公社・官公庁・学校・研究施設,求人なし,奈良県北葛城郡広陵町大字百済1779-3,理事長 藤本 太郎,1978,,,,503 百万円,
2024-08-01,社会福祉法人あさい福祉会,公社・官公庁・学校・研究施設,求人なし,愛知県名古屋市中川区東起町1-14-1,理事長 浅井 正仁,1978,,,,277 百万円,
2024-08-01,社会福祉法人熱田福祉会,公社・官公庁・学校・研究施設,求人なし,愛知県名古屋市中村区二ツ橋町3-35,理事長 吉田 雅世,1978,,,,696 百万円,
2024-08-01,社会福祉法人有松幼睦園,公社・官公庁・学校・研究施設,求人なし,愛知県名古屋市緑区鳴海町字有松裏138第1,理事長 兼岩 春臣,1971,,,,115 百万円,
2024-08-01,社会福祉法人池内福祉会,公社・官公庁・学校・研究施設,求人なし,愛知県名古屋市昭和区明月町3-6-2,理事長 丹下 由紀子,1976,,,,934 百万円,
2024-08-01,社会福祉法人栄寿福祉会,公社・官公庁・学校・研究施設,求人なし,愛知県名古屋市中川区下之一色町字中ノ切4,理事長 寿台 順章,1980,,,,512 百万円,
2024-08-01,社会福祉法人叡徳福祉会,公社・官公庁・学校・研究施設,求人なし,愛知県名古屋市西区天塚町1-28,理事長 西村 直美,1988,,,,325 百万円,
2024-08-01,社会福祉法人三祉会,公社・官公庁・学校・研究施設,求人なし,愛知県名古屋市港区宝神3-1401,理事長 後藤 のり子,1979,,,,278 百万円,
2024-08-01,社会福祉法人志の波会,公社・官公庁・学校・研究施設,求人なし,愛知県名古屋市千種区今池南12-3,理事長 中野 雅司,1985,,,,457 百万円,
2024-08-01,社会福祉法人親和会,公社・官公庁・学校・研究施設,求人なし,愛知県名古屋市港区本宮町3-18,理事長 加藤 雅明,1980,,,,,
2024-08-01,社会福祉法人ちくさ学園,公社・官公庁・学校・研究施設,求人なし,愛知県名古屋市千種区下方町3-3,理事長 平岩 恭子,1976,,,,326 百万円,
2024-08-01,社会福祉法人天白福祉会,公社・官公庁・学校・研究施設,求人なし,愛知県名古屋市天白区平針1-1808,,1973,,,,327 百万円,
2024-08-01,社会福祉法人鳴海福祉会,公社・官公庁・学校・研究施設,求人なし,愛知県名古屋市緑区滝ノ水1-301,理事長 近藤 俊光,1981,,,,530 百万円,
2024-08-01,社会福祉法人白山松栄会,公社・官公庁・学校・研究施設,求人なし,愛知県名古屋市昭和区塩付通6-3,理事長 紅村 京子,2000,,,,157 百万円,
2024-08-01,社会福祉法人白山福祉会,公社・官公庁・学校・研究施設,求人なし,愛知県名古屋市守山区小幡中1-13-8,理事長 松本 賢一,1977,,,,593 百万円,
2024-08-01,社会福祉法人白馬福祉会,公社・官公庁・学校・研究施設,求人なし,愛知県名古屋市北区中切町2-64-1,理事長 遠藤 友彦,1979,,,,,
2024-08-01,社会福祉法人昌巳福祉会,公社・官公庁・学校・研究施設,求人なし,愛知県名古屋市緑区尾崎山1-609,理事長 近藤 得男,1980,,,,150 百万円,
2024-08-01,社会福祉法人緑の丘福祉会,公社・官公庁・学校・研究施設,求人なし,愛知県名古屋市千種区仁座町120,理事長 竹谷 裕之,1976,,,,453 百万円,
2024-08-01,社会福祉法人みなみ福祉会,公社・官公庁・学校・研究施設,求人なし,愛知県名古屋市南区笠寺町字大門63,理事長 近藤 敏矢,1978,,,,477 百万円,
2024-08-01,社会福祉法人明星会,公社・官公庁・学校・研究施設,求人なし,愛知県名古屋市熱田区明野町10-11,理事長 三浦 馨,1980,,,,380 百万円,
2024-08-01,社会福祉法人萌木会,公社・官公庁・学校・研究施設,求人なし,埼玉県さいたま市南区太田窪4-17-7,理事長 田村 幸枝,2002,,,,74 百万円,
2024-08-01,社会福祉法人福進福祉会,公社・官公庁・学校・研究施設,求人なし,兵庫県尼崎市武庫之荘本町3-22-22,理事長 西村 隆昭,1981,,,,310 百万円,
2024-08-01,社会福祉法人学が丘福祉会,公社・官公庁・学校・研究施設,求人なし,兵庫県神戸市垂水区学が丘4-9-10,理事長 箕浦 純子,1979,,,,133 百万円,
2024-08-01,社会福祉法人わかば園,公社・官公庁・学校・研究施設,求人なし,京都府京都市上京区東三本木通丸太町上る上之町488,理事長 吉岡 竜良,1973,,,,526 百万円,
2024-08-01,社会福祉法人白ばら学園,公社・官公庁・学校・研究施設,無,大阪府守口市藤田町5-2-5,理事長 浅井 俊樹,1968,,,,140 百万円,
2024-08-01,社会福祉法人松井ケ丘福祉会,公社・官公庁・学校・研究施設,求人なし,京都府京田辺市山手東2-2-7,理事長 岡﨑 英和,1979,,,,974 百万円,
2024-08-01,社会福祉法人和光福祉会,公社・官公庁・学校・研究施設,求人なし,大阪府泉南郡熊取町朝代東4-22-12,理事長 平川 輝子,1984,,,,511 百万円,
2024-08-01,社会福祉法人立青福祉会,公社・官公庁・学校・研究施設,求人なし,大阪府松原市松ケ丘3-845,理事長 浦野 迪子,2005,,,,931 百万円,
2024-08-01,社会福祉法人仁成会,その他・各種スクール,無,神奈川県横浜市港北区綱島西2-15-8,理事長 生稲 精子,1994,,,,"1,163 百万円",
2024-08-01,社会福祉法人小桜会,公社・官公庁・学校・研究施設,無,神奈川県横浜市青葉区あざみ野1-32-6,理事長 工藤 隆司,1964,,,,861 百万円,
2024-08-01,社会福祉法人大野台保育園,公社・官公庁・学校・研究施設,求人なし,神奈川県相模原市南区大野台4-3-20,,1972,,,,444 百万円,
2024-08-01,社会福祉法人相武台福祉会,公社・官公庁・学校・研究施設,無,神奈川県相模原市南区新磯野3-22-15,理事長 川﨑 滋,1972,,,,965 百万円,
2024-08-01,社会福祉法人小野ひまわり保育所,公社・官公庁・学校・研究施設,求人なし,兵庫県小野市広渡町66,理事長 小東 正敏,1973,,,,116 百万円,
2024-08-01,社会福祉法人東光会,公社・官公庁・学校・研究施設,求人なし,愛知県大府市共和町5-183,理事長 中村 佳世子,1980,,,,124 百万円,
2024-08-01,鹿児島県曽於市役所,公社・官公庁・学校・研究施設,求人なし,鹿児島県曽於市末吉町二之方1980,市長 五位塚 剛,2005,,,,,
2024-08-01,愛知県清須市役所,公社・官公庁・学校・研究施設,求人なし,愛知県清須市須ケ口1238,市長 永田 純夫,2005,,,,,
2024-08-01,社会福祉法人惟信福祉会,公社・官公庁・学校・研究施設,求人なし,愛知県名古屋市港区惟信町2-28-1,理事長 宮﨑 尚弘,1977,,,,164 百万円,
2024-08-01,社会福祉法人立正学園,公社・官公庁・学校・研究施設,求人なし,兵庫県加古川市八幡町野村617-4,理事長 藤本 邦憲,1958,,,,468 百万円,
2024-08-01,全国知事会,公社・官公庁・学校・研究施設,求人なし,東京都千代田区平河町2-6-3都道府県会館 6Ｆ,,1947,,,,,
2024-08-01,宗教法人宗福寺,公社・官公庁・学校・研究施設,求人なし,愛知県名古屋市熱田区一番1-19-3,代表役員 山田 碩道,1953,,,,,
2024-08-01,国立研究開発法人日本原子力研究開発機構,公社・官公庁・学校・研究施設,求人なし,茨城県那珂郡東海村大字舟石川765-1,理事長 小口 正範,2005,,,,"819,957 百万円",
2024-08-01,公立大学法人岩手県立大学,公社・官公庁・学校・研究施設,求人なし,岩手県滝沢市巣子152-52,学長 鈴木 厚人,2005,,,,"32,679 百万円",
2024-08-01,公立大学法人国際教養大学,公社・官公庁・学校・研究施設,求人なし,秋田県秋田市雄和椿川字奥椿岱193-2,理事長 鈴木 典比古,2004,,,,"1,897 百万円",
2024-08-01,東京都公立大学法人,公社・官公庁・学校・研究施設,無,東京都新宿区西新宿2-3-1,理事長 山本 良一,2005,,,,"147,930 百万円",
2024-08-01,新潟県胎内市役所,公社・官公庁・学校・研究施設,求人なし,新潟県胎内市新和町2-10,市長 井畑 明彦,,,,,,
2024-08-01,茨城県行方市役所,公社・官公庁・学校・研究施設,求人なし,茨城県行方市麻生1561-9,市長 鈴木 周也,,,,,,
2024-08-01,秋田県仙北市役所,公社・官公庁・学校・研究施設,求人なし,秋田県仙北市田沢湖生保内字宮ノ後30,市長 田口 知明,,,,,,
2024-08-01,宮城県南三陸町役場,公社・官公庁・学校・研究施設,無,宮城県本吉郡南三陸町志津川字沼田101,町長 佐藤 仁,,,,,,
2024-08-01,秋田県にかほ市役所,公社・官公庁・学校・研究施設,求人なし,秋田県にかほ市象潟町字浜ノ田1,市長 市川 雄次,,,,,,
2024-08-01,公立大学法人横浜市立大学,公社・官公庁・学校・研究施設,求人なし,神奈川県横浜市金沢区瀬戸22-2,理事長 小山内 いづ美,2005,,,,"19,047 百万円",
2024-08-01,茨城県桜川市役所,公社・官公庁・学校・研究施設,求人なし,茨城県桜川市羽田1023,市長 大塚 秀喜,,,,,,
2024-08-01,栃木県那須烏山市役所,公社・官公庁・学校・研究施設,求人なし,栃木県那須烏山市中央1-1-1,市長 川俣 純子,,,,,,
2024-08-01,栃木県那珂川町役場,公社・官公庁・学校・研究施設,求人なし,栃木県那須郡那珂川町馬頭555,町長 福島 泰夫,,,,,,
2024-08-01,群馬県みなかみ町役場,公社・官公庁・学校・研究施設,求人なし,群馬県利根郡みなかみ町後閑318,町長 阿部 賢一,,,,,,
2024-08-01,埼玉県ふじみ野市役所,公社・官公庁・学校・研究施設,求人なし,埼玉県ふじみ野市福岡1-1-1,市長 高畑 博,,,,,,
2024-08-01,福井県越前市役所,公社・官公庁・学校・研究施設,求人なし,福井県越前市府中1-13-7,市長 山田 賢一,,,,,,
2024-08-01,山梨県市川三郷町役場,公社・官公庁・学校・研究施設,求人なし,山梨県西八代郡市川三郷町市川大門1790-3,町長 久保 眞一,,,,,,
2024-08-01,長野県安曇野市役所,公社・官公庁・学校・研究施設,求人なし,長野県安曇野市豊科6000,市長 太田 寛,,,,,,
2024-08-01,長野県飯綱町役場,公社・官公庁・学校・研究施設,求人なし,長野県上水内郡飯綱町大字牟礼2795-1,町長 峯村 勝盛,,,,,,
2024-08-01,兵庫県新温泉町役場,公社・官公庁・学校・研究施設,求人なし,兵庫県美方郡新温泉町浜坂2673-1,町長 西村 銀三,,,,,,
2024-08-01,長崎県雲仙市役所,公社・官公庁・学校・研究施設,求人なし,長崎県雲仙市吾妻町牛口名714,市長 金澤 秀三郎,,,,,,
2024-08-01,静岡県牧之原市役所,公社・官公庁・学校・研究施設,求人なし,静岡県牧之原市静波447-1,市長 杉本 基久雄,,,,,,
2024-08-01,茨城県鉾田市役所,公社・官公庁・学校・研究施設,求人なし,茨城県鉾田市鉾田1444-1,市長 岸田 一夫,,,,,,
2024-08-01,沖縄県宮古島市役所,公社・官公庁・学校・研究施設,求人なし,沖縄県宮古島市平良字西里1140,市長 座喜味 一幸,,,,,,
2024-08-01,公立大学法人北九州市立大学,公社・官公庁・学校・研究施設,求人なし,福岡県北九州市小倉南区北方4-2-1,理事長 津田 純嗣,2005,,,,"18,300 百万円",
2024-08-01,富山県射水市役所,公社・官公庁・学校・研究施設,求人なし,富山県射水市新開発410-1,市長 夏野 元志,,,,,,
2024-08-01,山梨県甲州市役所,公社・官公庁・学校・研究施設,求人なし,山梨県甲州市塩山上於曽1085-1,市長 鈴木 幹夫,,,,,,
2024-08-01,長野県木曽町役場,公社・官公庁・学校・研究施設,求人なし,長野県木曽郡木曽町福島2326-6,町長 原 久仁男,,,,,,
2024-08-01,香港経済貿易代表部,公社・官公庁・学校・研究施設,求人なし,東京都千代田区三番町30-1香港経済貿易代表部ビル,,,,,,,
2024-08-01,兵庫県神河町役場,公社・官公庁・学校・研究施設,求人なし,兵庫県神崎郡神河町寺前64,町長 山名 宗悟,,,,,,
2024-08-01,和歌山県紀の川市役所,公社・官公庁・学校・研究施設,求人なし,和歌山県紀の川市西大井338,市長 岸本 健,,,,,,
2024-08-01,鹿児島県霧島市役所,公社・官公庁・学校・研究施設,求人なし,鹿児島県霧島市国分中央3-45-1,市長 中重 真一,,,,,,
2024-08-01,千葉県いすみ市役所,公社・官公庁・学校・研究施設,求人なし,千葉県いすみ市大原7400-1,市長 太田 洋,,,,,,
2024-08-01,公益社団法人北海道森と緑の会,公社・官公庁・学校・研究施設,求人なし,北海道札幌市中央区北三条西7-1北海道水産ビル 6Ｆ,代表理事 山谷 吉宏,1968,,,,,
2024-08-01,福島県伊達市役所,公社・官公庁・学校・研究施設,求人なし,福島県伊達市保原町字舟橋180,市長 須田 博行,,,,,,
2024-08-01,福島県南相馬市役所,公社・官公庁・学校・研究施設,求人なし,福島県南相馬市原町区本町2-27,市長 門馬 和夫,,,,,,
2024-08-01,茨城県常総市役所,公社・官公庁・学校・研究施設,求人なし,茨城県常総市水海道諏訪町3222-3,市長 神達 岳志,,,,,,
2024-08-01,京都府南丹市役所,公社・官公庁・学校・研究施設,求人なし,京都府南丹市園部町小桜町47,市長 西村 良平,,,,,,
2024-08-01,奈良県宇陀市役所,公社・官公庁・学校・研究施設,求人なし,奈良県宇陀市榛原下井足17-3,市長 金剛 一智,,,,,,
2024-08-01,和歌山県紀美野町役場,公社・官公庁・学校・研究施設,求人なし,和歌山県海草郡紀美野町動木287,町長 寺本 光嘉,,,,,,
2024-08-01,和歌山県有田川町役場,公社・官公庁・学校・研究施設,求人なし,和歌山県有田郡有田川町大字下津野2018-4,町長 中山 正隆,,,,,,
2024-08-01,佐賀県嬉野市役所,公社・官公庁・学校・研究施設,求人なし,佐賀県嬉野市塩田町大字馬場下甲1769,市長 村上 大祐,,,,,,
2024-08-01,鹿児島県志布志市役所,公社・官公庁・学校・研究施設,求人なし,鹿児島県志布志市志布志町志布志2-1-1,市長 下平 晴行,,,,,,
2024-08-01,福岡県築上町役場,公社・官公庁・学校・研究施設,求人なし,福岡県築上郡築上町大字椎田891-2,町長 新川 久三,,,,,,
2024-08-01,栃木県下野市役所,公社・官公庁・学校・研究施設,求人なし,栃木県下野市笹原26,市長 坂村 哲也,,,,,,
2024-08-01,千葉県匝瑳市役所,公社・官公庁・学校・研究施設,求人なし,千葉県匝瑳市八日市場ハ793-2,市長 宮内 康幸,,,,,,
2024-08-01,北海道北斗市役所,公社・官公庁・学校・研究施設,求人なし,北海道北斗市中央1-3-10,市長 池田 達雄,,,,,,
2024-08-01,埼玉県ときがわ町役場,公社・官公庁・学校・研究施設,求人なし,埼玉県比企郡ときがわ町大字玉川2490,町長 渡邉 一美,,,,,,
2024-08-01,岩手県奥州市役所,公社・官公庁・学校・研究施設,求人なし,岩手県奥州市水沢大手町1-1,市長 倉成 淳,,,,,,
2024-08-01,山梨県中央市役所,公社・官公庁・学校・研究施設,求人なし,山梨県中央市臼井阿原301-1,市長 望月 智,,,,,,
2024-08-01,京都府与謝野町役場,公社・官公庁・学校・研究施設,求人なし,京都府与謝郡与謝野町字岩滝1798-1,町長 山添 藤真,,,,,,
2024-08-01,秋田県三種町役場,公社・官公庁・学校・研究施設,求人なし,秋田県山本郡三種町鵜川字岩谷子8,町長 田川 政幸,,,,,,
2024-08-01,千葉県南房総市役所,公社・官公庁・学校・研究施設,求人なし,千葉県南房総市富浦町青木28,市長 石井 裕,,,,,,
2024-08-01,福井県坂井市役所,公社・官公庁・学校・研究施設,求人なし,福井県坂井市坂井町下新庄1-1,市長 池田 禎孝,,,,,,
2024-08-01,高知県四万十町役場,公社・官公庁・学校・研究施設,求人なし,高知県高岡郡四万十町琴平町16-17,町長 中尾 博憲,,,,,,
2024-08-01,福岡県朝倉市役所,公社・官公庁・学校・研究施設,求人なし,福岡県朝倉市菩提寺412-2,市長 林 裕二,,,,,,
2024-08-01,愛知県北名古屋市役所,公社・官公庁・学校・研究施設,求人なし,愛知県北名古屋市西之保清水田15,市長 太田 考則,,,,,,
2024-08-01,福岡県みやこ町役場,公社・官公庁・学校・研究施設,求人なし,福岡県京都郡みやこ町勝山上田960,町長 井上 幸春,,,,,,
2024-08-01,北海道むかわ町役場,公社・官公庁・学校・研究施設,求人なし,北海道勇払郡むかわ町美幸2-88,町長 竹中 喜之,,,,,,
2024-08-01,秋田県八峰町役場,公社・官公庁・学校・研究施設,求人なし,秋田県山本郡八峰町峰浜目名潟字目長田118,町長 森田 新一郎,,,,,,
2024-08-01,茨城県つくばみらい市役所,公社・官公庁・学校・研究施設,求人なし,茨城県つくばみらい市福田195,市長 小田川 浩,,,,,,
2024-08-01,茨城県小美玉市役所,公社・官公庁・学校・研究施設,求人なし,茨城県小美玉市堅倉835,市長 島田 幸三,,,,,,
2024-08-01,群馬県東吾妻町役場,公社・官公庁・学校・研究施設,求人なし,群馬県吾妻郡東吾妻町大字原町1046,町長 中澤 恒喜,,,,,,
2024-08-01,群馬県みどり市役所,公社・官公庁・学校・研究施設,求人なし,群馬県みどり市笠懸町鹿2952,市長 須藤 昭男,,,,,,
2024-08-01,千葉県香取市役所,公社・官公庁・学校・研究施設,求人なし,千葉県香取市佐原ロ2127,市長 伊藤 友則,,,,,,
2024-08-01,千葉県山武市役所,公社・官公庁・学校・研究施設,求人なし,千葉県山武市殿台296,市長 松下 浩明,,,,,,
2024-08-01,千葉県横芝光町役場,公社・官公庁・学校・研究施設,求人なし,千葉県山武郡横芝光町宮川11902,町長 佐藤 晴彦,,,,,,
2024-08-01,宮城県大崎市役所,公社・官公庁・学校・研究施設,求人なし,宮城県大崎市古川七日町1-1,市長 伊藤 康志,,,,,,
2024-08-01,福岡県嘉麻市役所,公社・官公庁・学校・研究施設,無,福岡県嘉麻市岩崎1180-1,市長 赤間 幸弘,,,,,,
2024-08-01,長崎県南島原市役所,公社・官公庁・学校・研究施設,求人なし,長崎県南島原市西有家町里坊96-2,市長 松本 政博,,,,,,
2024-08-01,大分県国東市役所,公社・官公庁・学校・研究施設,求人なし,大分県国東市国東町鶴川149,市長 松井 督治,,,,,,
2024-08-01,学校法人東京ＹＭＣＡ学院,公社・官公庁・学校・研究施設,求人なし,東京都江東区石島3-15,理事長 若槻 史郎,1981,,,,"2,142 百万円",
2024-08-01,学校法人光産業創成大学院大学,公社・官公庁・学校・研究施設,求人なし,静岡県浜松市中央区呉松町1955-1,理事長 晝馬 明,2004,,,,"1,905 百万円",
2024-08-01,学校法人研伸学園,公社・官公庁・学校・研究施設,求人なし,愛知県一宮市常願通5-4,理事長 伊藤 伸一,2003,,,,"2,057 百万円",
2024-08-01,海山川里株式会社,公社・官公庁・学校・研究施設,求人なし,兵庫県神戸市灘区日尾町3-2-191号,代表取締役 大塚 正純,2006,,,,3 百万円,
2024-08-01,ソルーション株式会社,公社・官公庁・学校・研究施設,求人なし,東京都小金井市中町2-24-16農工大・多摩小金井ベンチャーポート 104,代表取締役 青木 崇,2006,,,,10 百万円,
2024-08-01,公立大学法人札幌市立大学,公社・官公庁・学校・研究施設,求人なし,北海道札幌市南区芸術の森1,理事長 中島 秀之,2006,,,,"8,210 百万円",
2024-08-01,学校法人ＳＢＣ東京医療大学,公社・官公庁・学校・研究施設,求人なし,千葉県浦安市明海5-8-1,理事長 了德寺健二,2005,,,,"2,422 百万円",
2024-08-01,学校法人関西看護医療大学,公社・官公庁・学校・研究施設,求人なし,兵庫県淡路市志筑1456-4,理事長 栗原 英治,2005,,,,"2,534 百万円",
2024-08-01,ユーロフィンＱＫＥＮ株式会社,公社・官公庁・学校・研究施設,求人なし,福岡県宗像市王丸411-1,代表取締役 近江 拓一郎,2003,,,,10 百万円,
2024-08-01,株式会社バイオシス・テクノロジーズ,公社・官公庁・学校・研究施設,求人なし,東京都目黒区中根2-13-18文保堂ビル 5Ｆ,代表取締役 板東 泰彦,2006,,,,5 百万円,
2024-08-01,インビボサイエンス株式会社,公社・官公庁・学校・研究施設,求人なし,東京都目黒区東山1-2-7,代表取締役 吉村 公志,2006,,,,12 百万円,
2024-08-01,株式会社ビューティアンドヘルスリサーチ,公社・官公庁・学校・研究施設,求人なし,東京都新宿区西新宿4-2-18西新宿浅井ビル 4Ｆ,代表取締役 倉持 正博,2006,,,,10 百万円,
2024-08-01,社会福祉法人中日会,公社・官公庁・学校・研究施設,求人なし,愛知県名古屋市中区丸の内3-8-14,理事長 山田 茂樹,2004,,,,760 百万円,
2024-08-01,社会福祉法人聖光会,公社・官公庁・学校・研究施設,無,東京都武蔵村山市三ツ藤3-36-10,理事長 石川 雅昭,2006,,,,"1,579 百万円",
2024-08-01,社会福祉法人後人社,公社・官公庁・学校・研究施設,求人なし,静岡県静岡市駿河区西脇636,理事長 佐藤 徹郎,1969,,,,746 百万円,
2024-08-01,社会福祉法人みのりの会,公社・官公庁・学校・研究施設,求人なし,愛知県名古屋市千種区山添町1-75-2,理事長 松浦 英壽,2003,,,,292 百万円,
2024-08-01,北上市雇用対策協議会,公社・官公庁・学校・研究施設,求人なし,岩手県北上市芳町1-1,,,,,,,
2024-08-01,学校法人海陽学園,公社・官公庁・学校・研究施設,求人なし,愛知県蒲郡市海陽町3-12-1,理事長 葛西 敬之,2006,,,,,
2024-08-01,福岡県みやま市役所,公社・官公庁・学校・研究施設,求人なし,福岡県みやま市瀬高町小川5,市長 松嶋 盛人,,,,,,
2024-08-01,名古屋港管理組合,公社・官公庁・学校・研究施設,求人なし,愛知県名古屋市港区港町1-11,,,,,,,
2024-08-01,株式会社ツツミプランニング,化粧品メーカー,求人なし,福岡県福岡市中央区白金1-6-4,代表取締役 生田 徹,1998,,,,10 百万円,
2024-08-01,特定非営利活動法人ノエル,公社・官公庁・学校・研究施設,求人なし,神奈川県横浜市港北区大倉山3-41-17,理事 大山 房子,2003,,,,125 百万円,
2024-08-01,特定非営利活動法人柏市インフォメーション協会,公社・官公庁・学校・研究施設,求人なし,千葉県柏市中央2-12-12リキハウス Ａ号,理事 市村 日出夫,2003,,,,,
2024-08-01,特定非営利活動法人保育サービスひまわりママ,公社・官公庁・学校・研究施設,求人なし,東京都武蔵野市西久保2-3-13第三山下ビル 202,理事 秋山 優子,1999,,,,43 百万円,
2024-08-01,特定非営利活動法人ケンパ・ラーニング・コミュニティ協会,公社・官公庁・学校・研究施設,求人なし,東京都三鷹市井の頭2-14-6,理事 和久津 肇,1999,,,,51 百万円,
2024-08-01,特定非営利活動法人昭島ひよこ教室,公社・官公庁・学校・研究施設,求人なし,東京都昭島市田中町4-2-1506,理事 佐藤 直,2003,,,,,
2024-08-01,特定非営利活動法人ＫＯＴＯともそだちネット,公社・官公庁・学校・研究施設,求人なし,東京都江東区亀戸2-6-2亀戸二丁目団地二号棟 1Ｆ,理事 齊藤 伸生,2003,,,,13 百万円,
2024-08-01,特定非営利活動法人三鷹ネットワーク大学推進機構,公社・官公庁・学校・研究施設,求人なし,東京都三鷹市下連雀3-24-3,理事 鈴木 典比古,2005,,,,3 百万円,
2024-08-01,株式会社新日本電波吸収体,公社・官公庁・学校・研究施設,求人なし,東京都台東区浅草橋5-4-5ハシモトビル 8Ｆ 806,代表取締役 荻野 哲,2006,,,,10 百万円,
2024-08-01,公立大学法人会津大学,公社・官公庁・学校・研究施設,求人なし,福島県会津若松市一箕町大字鶴賀字上居合90,理事長 宮崎 敏明,2006,,,,"19,947 百万円",
2024-08-01,株式会社高速道路総合技術研究所,公社・官公庁・学校・研究施設,求人なし,東京都町田市忠生1-4-1,代表取締役 松﨑 薫,2007,,,,45 百万円,
2024-08-01,株式会社京王子育てサポート,公社・官公庁・学校・研究施設,求人なし,東京都多摩市関戸1-9-1,代表取締役 天野 修治,2007,,,,30 百万円,
2024-08-01,公立大学法人秋田県立大学,公社・官公庁・学校・研究施設,求人なし,秋田県秋田市下新城中野字街道端西241-438,理事長 小林 淳一,2006,,,,"31,419 百万円",
2024-08-01,公立大学法人和歌山県立医科大学,公社・官公庁・学校・研究施設,求人なし,和歌山県和歌山市紀三井寺811-1,理事長 宮下 和久,2006,,,,"59,296 百万円",
2024-08-01,公立大学法人大分県立芸術文化短期大学,公社・官公庁・学校・研究施設,求人なし,大分県大分市上野丘東1-11,理事長 小手川 大助,2006,,,,"3,823 百万円",
2024-08-01,公立大学法人福島県立医科大学,公社・官公庁・学校・研究施設,求人なし,福島県福島市光が丘1,理事長 竹之下 誠一,2006,,,,"42,692 百万円",
2024-08-01,公立大学法人名古屋市立大学,公社・官公庁・学校・研究施設,求人なし,愛知県名古屋市瑞穂区瑞穂町字川澄1,理事長 郡 健二郎,2006,,,,"111,387 百万円",
2024-08-01,公立大学法人山口県立大学,公社・官公庁・学校・研究施設,求人なし,山口県山口市桜畠3-2-1,理事長 前川 剛志,2006,,,,"9,542 百万円",
2024-08-01,公立大学法人福岡女子大学,公社・官公庁・学校・研究施設,求人なし,福岡県福岡市東区香住ヶ丘1-1-1,理事長 梶山 千里,2006,,,,"12,606 百万円",
2024-08-01,公立大学法人熊本県立大学,公社・官公庁・学校・研究施設,求人なし,熊本県熊本市東区月出3-1-100,理事長 白石 隆,2006,,,,"12,166 百万円",
2024-08-01,公立大学法人大分県立看護科学大学,公社・官公庁・学校・研究施設,求人なし,大分県大分市大字廻栖野2944-9,理事長 村嶋 幸代,2006,,,,"3,264 百万円",
2024-08-01,北海道公立大学法人札幌医科大学,公社・官公庁・学校・研究施設,求人なし,北海道札幌市中央区南一条西17-291-85,理事長 山下 敏彦,2007,,,,"34,585 百万円",
2024-08-01,静岡県公立大学法人,公社・官公庁・学校・研究施設,求人なし,静岡県静岡市駿河区谷田52-1,理事長 尾池和夫,2007,,,,"22,361 百万円",
2024-08-01,愛知県公立大学法人,公社・官公庁・学校・研究施設,求人なし,愛知県長久手市茨ケ廻間1522-3,理事長 古川 真也,2007,,,,"24,733 百万円",
2024-08-01,神戸市公立大学法人,公社・官公庁・学校・研究施設,求人なし,兵庫県神戸市西区学園東町9-1,理事長 武田 廣,2007,,,,"17,339 百万円",
2024-08-01,公立大学法人奈良県立医科大学,公社・官公庁・学校・研究施設,求人なし,奈良県橿原市四条町840,理事長 細井 裕司,2007,,,,"20,066 百万円",
2024-08-01,公立大学法人岡山県立大学,公社・官公庁・学校・研究施設,求人なし,岡山県総社市窪木111,理事長 沖 陽子,2007,,,,"12,091 百万円",
2024-08-01,広島県公立大学法人,公社・官公庁・学校・研究施設,求人なし,広島県広島市南区宇品東1-1-71,理事長 土屋 定之,2007,,,,"18,649 百万円",
2024-08-01,公立大学法人下関市立大学,公社・官公庁・学校・研究施設,求人なし,山口県下関市大学町2-1-1,理事長 山村 重彰,2007,,,,"5,872 百万円",
2024-08-01,株式会社シーエムディーラボ,公社・官公庁・学校・研究施設,求人なし,東京都渋谷区千駄ヶ谷1-3-2東京エステートビル 4Ｆ,代表取締役 前田 敏幸,2007,,,,71 百万円,
2024-08-01,学校法人聖泉学園,公社・官公庁・学校・研究施設,求人なし,滋賀県彦根市肥田町720,理事長 小山 敦代,1992,,,,"1,445 百万円",
2024-08-01,駐日欧州連合代表部,公社・官公庁・学校・研究施設,求人なし,東京都港区南麻布4-6-28ヨーロッパハウス,,,,,,,
2024-08-01,学校法人文化学園,公社・官公庁・学校・研究施設,求人なし,埼玉県川口市幸町3-5-33,理事長 浅沼 良成,1954,,,,808 百万円,
2024-08-01,学校法人大阪国際学園,公社・官公庁・学校・研究施設,求人なし,大阪府守口市藤田町6-21-57,理事長 奥田 吾朗,1938,,,,"23,377 百万円",
2024-08-01,株式会社水力発電研究開発コンサルタント,公社・官公庁・学校・研究施設,求人なし,神奈川県三浦郡葉山町長柄1394-6,代表取締役 海野 裕二,1990,,,,10 百万円,
2024-08-01,愛媛県市町村職員共済組合,公社・官公庁・学校・研究施設,求人なし,愛媛県松山市三番町5-13-1,理事長 菅 良二,,,,,,
2024-08-01,株式会社ＮＳＳ,公社・官公庁・学校・研究施設,求人なし,新潟県燕市吉田東栄町8-11,代表取締役 勝尾 知恵,2007,,,,20 百万円,
2024-08-01,社会福祉法人ＣＡＩ,公社・官公庁・学校・研究施設,求人なし,愛知県名古屋市名東区上社1-409,理事長 鈴木 雅夫,2005,,,,463 百万円,
2024-08-01,株式会社エンゼルランド,公社・官公庁・学校・研究施設,求人なし,東京都調布市布田6-23-8グランドビル 3Ｆ,代表取締役 後藤 顕治,2007,,,,37 百万円,
2024-08-01,株式会社キンダーキッズインターナショナル,公社・官公庁・学校・研究施設,求人なし,大阪府大阪市北区池田町3-1ぷらら天満ビル 2Ｆ,代表取締役 中山 貴美子,2007,,,,9 百万円,
2024-08-01,学校法人太田国際学園,公社・官公庁・学校・研究施設,求人なし,群馬県太田市内ケ島町1361-4,理事長 清水 聖義,2004,,,,771 百万円,
2024-08-01,株式会社Ｇ＆Ｕ技術研究センター,公社・官公庁・学校・研究施設,求人なし,埼玉県比企郡川島町大字吹塚732-157,代表取締役 尾﨑 正明,2005,,,,10 百万円,
2024-08-01,特別区人事・厚生事務組合,公社・官公庁・学校・研究施設,無,東京都千代田区飯田橋3-5-1東京区政会館,管理者 山﨑 孝明,,,,,,
2024-08-01,加東市商工会,公社・官公庁・学校・研究施設,求人なし,兵庫県加東市社717-1,会長 藤井 信孝,2007,,,,,
2024-08-01,学校法人野上学園,公社・官公庁・学校・研究施設,求人なし,徳島県徳島市佐古一番町5-4,理事長 野上 耕一,2007,,,,202 百万円,
2024-08-01,学校法人船橋学園,公社・官公庁・学校・研究施設,求人なし,千葉県船橋市飯山満町2-665-1,理事長 讃岐谷 眞一,1944,,,,"3,496 百万円",
2024-08-01,観光庁,公社・官公庁・学校・研究施設,求人なし,東京都千代田区霞が関2-1-2,長官 髙橋 一郎,,,,,,
2024-08-01,ＫＧホールディングス株式会社,公社・官公庁・学校・研究施設,求人なし,福岡県福岡市中央区天神3-9-33ＫＧ天神ビル 7Ｆ,代表取締役 中島 洋美,1959,,,,30 百万円,
2024-08-01,ＭＴＩジャパン株式会社,公社・官公庁・学校・研究施設,求人なし,兵庫県神戸市東灘区向洋町中2-10-401六甲アイランドビル 4Ｆ,代表取締役 谷川 哲平,2008,,,,50 百万円,
2024-08-01,株式会社バイオスジャパン,公社・官公庁・学校・研究施設,求人なし,熊本県熊本市西区蓮台寺1-14-133号,代表取締役 山本 勇樹,2008,,,,25 百万円,
2024-08-01,佐久水道企業団,公社・官公庁・学校・研究施設,求人なし,長野県佐久市跡部101,,,,,,,
2024-08-01,学校法人大橋学園,公社・官公庁・学校・研究施設,求人なし,愛知県名古屋市中村区亀島2-6-10,理事長 大橋 正行,1962,,,,"2,441 百万円",
2024-08-01,学校法人滋慶コミュニケーションアート,公社・官公庁・学校・研究施設,無,京都府京都市中京区衣棚町51-2,理事長 近藤 雅臣,2005,,,,"3,847 百万円",
2024-08-01,日本国民食株式会社,公社・官公庁・学校・研究施設,求人なし,東京都江東区新木場1-18-6新木場センタービル 12Ｆ,代表取締役 富塚 晃光,2008,,,,50 百万円,
2024-08-01,株式会社ハサル,公社・官公庁・学校・研究施設,求人なし,東京都杉並区阿佐谷北1-43-13,代表取締役社長 荘司 綾香,2008,,,,10 百万円,
2024-08-01,学校法人東栄国際学園,公社・官公庁・学校・研究施設,求人なし,埼玉県さいたま市大宮区土手町1-58-1,,2007,,,,89 百万円,
2024-08-01,株式会社フレッシュ・ウォーター三池,公社・官公庁・学校・研究施設,求人なし,福岡県大牟田市青葉町74,代表取締役 オリヴィエ・ソメ,2006,,,,47 百万円,
2024-08-01,学校法人札幌青葉学園,公社・官公庁・学校・研究施設,求人なし,北海道札幌市中央区南三条東4-1-24,理事長 岸野 雅方,2004,,,,557 百万円,
2024-08-01,マーシャル・バイオリソーシス・ジャパン株式会社,公社・官公庁・学校・研究施設,求人なし,茨城県つくば市千現2-1-6つくば研究支援センター企業育成支援施設Ｃ棟 Ａ5,代表取締役 アンディ・スミス,2009,,,,9 百万円,
2024-08-01,学校法人幕張インターナショナルスクール,公社・官公庁・学校・研究施設,求人なし,千葉県千葉市美浜区若葉3-2-9,理事長 加茂川 幸夫,2009,,,,"1,083 百万円",
2024-08-01,株式会社ＣＵＣサポート,公社・官公庁・学校・研究施設,求人なし,千葉県市川市国府台1-3-1千葉商科大学瑞穂会館 4Ｆ,代表取締役 白川 昇,2006,,,,10 百万円,
2024-08-01,学校法人名古屋学院大学,公社・官公庁・学校・研究施設,求人なし,愛知県名古屋市熱田区熱田西町1-25,理事長 因田 義男,1973,,,,"23,510 百万円",
2024-08-01,学校法人清徳学園,公社・官公庁・学校・研究施設,求人なし,静岡県浜松市中央区三幸町421,理事長 荻原 利江,1951,,,,"7,109 百万円",
2024-08-01,学校法人ＡＩＣＪ鴎州学園,公社・官公庁・学校・研究施設,求人なし,広島県広島市安佐南区祇園3-1-15,理事長 渡辺 喜宏,1970,,,,628 百万円,
2024-08-01,学校法人茶屋四郎次郎記念学園,公社・官公庁・学校・研究施設,求人なし,東京都豊島区東池袋4-23-1,理事長 中島 恒雄,1999,,,,,
2024-08-01,株式会社応用ナノ粒子研究所,公社・官公庁・学校・研究施設,求人なし,大阪府吹田市江坂町1-16-15,代表取締役 宮田 竜吾,2006,,,,22 百万円,
2024-08-01,学校法人パリ美容国際学園,公社・官公庁・学校・研究施設,求人なし,千葉県千葉市中央区長洲1-15-12,理事長 北島 吉春,2004,,,,"1,273 百万円",
2024-08-01,株式会社関西国際学園,公社・官公庁・学校・研究施設,求人なし,大阪府大阪市阿倍野区阿倍野筋1-5-1あべのルシアス 7Ｆ,代表取締役 中村 久美子,2001,,,,10 百万円,
2024-08-01,セバ・ジャパン株式会社,公社・官公庁・学校・研究施設,求人なし,神奈川県横浜市鶴見区末広町1-6-8横浜バイオ産業センター,代表取締役 永田 正,2009,,,,40 百万円,
2024-08-01,株式会社優人,公社・官公庁・学校・研究施設,求人なし,愛知県岡崎市伊賀新町2-4,代表取締役 小林 修,2009,,,,10 百万円,
2024-08-01,株式会社早稲田情報技術研究所,公社・官公庁・学校・研究施設,求人なし,東京都渋谷区道玄坂1-10-8渋谷道玄坂東急ビル2Ｆ－Ｃ,代表取締役 ＣＥＯ 加藤 浩一,2003,,,,10 百万円,
2024-08-01,消費者庁,公社・官公庁・学校・研究施設,無,東京都千代田区霞が関3-1-1中央合同庁舎第4号館,長官 新井 ゆたか,2009,,,,,情報が古い可能性があります。最新の情報を確認する場合はHP等をご覧ください。 消費者の安全安心に関わる問題を幅広く所管し、情報の一元的収集・分析・発信、企画立案、法執行などを行う 2023年1月doda掲載求人より引用
2024-08-01,学校法人青淵学園,公社・官公庁・学校・研究施設,求人なし,埼玉県深谷市上柴町西4-2-11,理事長 大坪 修,2008,,,,"2,178 百万円",
2024-08-01,公立大学法人宮城大学,公社・官公庁・学校・研究施設,求人なし,宮城県黒川郡大和町学苑1-1,理事長 川上 伸昭,2009,,,,"15,515 百万円",
2024-08-01,学校法人高橋学園,公社・官公庁・学校・研究施設,求人なし,北海道札幌市中央区南十条西20-1-38,理事長 髙橋 淑子,2004,,,,,
2024-08-01,株式会社我喜大笑,公社・官公庁・学校・研究施設,求人なし,東京都千代田区神田駿河台1-7-10ＹＫ駿河台ビル 5Ｆ,代表取締役 織戸 四郎,2009,,,,50 百万円,
2024-08-01,福岡県糸島市役所,公社・官公庁・学校・研究施設,求人なし,福岡県糸島市前原西1-1-1,市長 月形 祐二,,,,,,
2024-08-01,日本年金機構,公社・官公庁・学校・研究施設,無,東京都杉並区高井戸西3-5-24,理事長 水島 藤一郎,2010,,,,"100,065 百万円",厚生労働大臣の監督のもと、公的年金に関する一連の業務(適用・徴収・記録管理・相談・裁定・給付など)を担っています。約6700万人の公的年金加入者や約4000万人の年金受給者、約210万社の事務所に対し、運営業務を行います。 2024年7月doda掲載求人より引用
2024-08-01,山形県公立大学法人,公社・官公庁・学校・研究施設,求人なし,山形県米沢市通町6-15-1,理事長 阿部 宏慈,2009,,,,"2,053 百万円",
2024-08-01,公立大学法人新潟県立大学,公社・官公庁・学校・研究施設,求人なし,新潟県新潟市東区海老ケ瀬471,理事長 若杉 隆平,2009,,,,"3,462 百万円",
2024-08-01,学校法人東京シューレ学園,公社・官公庁・学校・研究施設,求人なし,東京都葛飾区新小岩3-25-1,理事長 奥地 圭子,2006,,,,294 百万円,
2024-08-01,公立大学法人都留文科大学,公社・官公庁・学校・研究施設,求人なし,山梨県都留市田原3-8-1,理事長 山下 誠,2009,,,,"5,659 百万円",
2024-08-01,愛知県あま市役所,公社・官公庁・学校・研究施設,求人なし,愛知県あま市七宝町沖之島深坪1,市長 村上 浩司,,,,,,
2024-08-01,学校法人大隈記念早稲田佐賀学園,公社・官公庁・学校・研究施設,求人なし,佐賀県唐津市東城内7-1,理事長 渡邉 義浩,2009,,,,"1,864 百万円",
2024-08-01,地方公共団体金融機構,公社・官公庁・学校・研究施設,求人なし,東京都千代田区日比谷公園1-3市政會館,理事長 佐藤 文俊,2008,,,,"16,602 百万円",
2024-08-01,株式会社カンガルーズ,公社・官公庁・学校・研究施設,求人なし,東京都町田市原町田4-7-12カーサイコー第二ビル2Ｆ,代表取締役 齋藤 るみ,1996,,,,55 百万円,
2024-08-01,株式会社マイクロフェーズ,公社・官公庁・学校・研究施設,求人なし,茨城県つくば市松代1-29-38,代表取締役 太田 慶新,1999,,,,10 百万円,
2024-08-01,株式会社ＣＤＳ,公社・官公庁・学校・研究施設,求人なし,福岡県筑紫野市大字筑紫120-1,代表取締役 牛嶋 一厳,2009,,,,35 百万円,
2024-08-01,学校法人愛知真和学園,公社・官公庁・学校・研究施設,求人なし,愛知県稲沢市西町1-1-41,理事長 足立 誠,2006,,,,"10,454 百万円",
2024-08-01,公立大学法人山梨県立大学,公社・官公庁・学校・研究施設,求人なし,山梨県甲府市飯田5-11-1,理事長 早川 正幸,2010,,,,"7,152 百万円",
2024-08-01,公立大学法人静岡文化芸術大学,公社・官公庁・学校・研究施設,求人なし,静岡県浜松市中央区中央2-1-1,理事長 横山 俊夫,2010,,,,"16,810 百万円",
2024-08-01,うみの株式会社,公社・官公庁・学校・研究施設,求人なし,徳島県海部郡美波町山河内字外ノ牟井1-6,代表取締役 中村 智治,2010,,,,50 百万円,
2024-08-01,株式会社コンプラス,公社・官公庁・学校・研究施設,求人なし,兵庫県神戸市中央区海岸通5-番地 商船三井ビルディング 7Ｆ,代表取締役社長 関原 光司,2010,,,,40 百万円,
2024-08-01,学校法人東京中華学校,公社・官公庁・学校・研究施設,求人なし,東京都千代田区五番町14,理事長 嵯峨 健民,2008,,,,"3,020 百万円",
2024-08-01,学校法人専修大学附属高等学校,公社・官公庁・学校・研究施設,求人なし,東京都杉並区和泉4-4-1,理事長 日髙 義博,1969,,,,"6,383 百万円",
2024-08-01,株式会社スマイル・ライフ,公社・官公庁・学校・研究施設,無,福岡県福岡市南区清水4-22-20船越（義）ビル 101,代表取締役 浦川 雅代,2010,,,,1 百万円,情報が古い可能性があります。最新の情報を確認する場合はHP等をご覧ください。 企業主導型保育事業＜職員数＞りんりん保育園：12名（保育士/管理栄養士/看護師/保育補助/非常勤を含む）博多りんりん保育園：10名（保育士/管理栄養士/保育補助/非常勤を含む） 2022年10月doda掲載求人より引用
2024-08-01,ふじみ野市商工会,公社・官公庁・学校・研究施設,求人なし,埼玉県ふじみ野市上福岡1-5-14ふじみ野市商工会館,会長 簑輪高一郎,2010,,,,,
2024-08-01,株式会社タイムラプスビジョン,公社・官公庁・学校・研究施設,求人なし,埼玉県志木市本町5-23-11プラザトリヤマ 4Ｆ,代表取締役 富田 勉,2009,,,,5 百万円,
2024-08-01,株式会社エコソリューションネット,公社・官公庁・学校・研究施設,求人なし,大阪府大阪市旭区大宮5-16-1,代表取締役 古崎 康哲,2006,,,,5 百万円,
2024-08-01,株式会社リトル学園,公社・官公庁・学校・研究施設,無,埼玉県さいたま市中央区上落合9-17-1,代表取締役 金子 典代,2011,,,,8 百万円,
2024-08-01,株式会社ヘミセルロース,公社・官公庁・学校・研究施設,求人なし,神奈川県川崎市幸区新川崎7-7ＡＩＲＢＩＣ Ａ14,代表取締役 茄子川 仁,2009,,,,40 百万円,
2024-08-01,学校法人みつ朝日学園,公社・官公庁・学校・研究施設,求人なし,岡山県岡山市北区御津紙工2590,理事長 大森 伸一,2010,,,,373 百万円,
2024-08-01,学校法人倉橋学園,公社・官公庁・学校・研究施設,無,静岡県浜松市中央区田町230-15,理事長 倉橋 義郎,2011,,,,,
2024-08-01,東アジア日本語学校株式会社,公社・官公庁・学校・研究施設,求人なし,福岡県福岡市博多区博多駅東1-1-33はかた近代ビル 5Ｆ,代表取締役 野田 舞,2011,,,,10 百万円,
2024-08-01,株式会社ＳＯＳＨＩ　ＢＵＳＩＮＥＳＳ　ＳＵＰＰＯＲＴ,公社・官公庁・学校・研究施設,求人なし,兵庫県神戸市中央区磯辺通4-1-5,代表取締役 白神 志朗,1987,,,,20 百万円,
2024-08-01,株式会社スタージェン,公社・官公庁・学校・研究施設,求人なし,東京都台東区蔵前4-11-6ＫＵＧＡビル 8Ｆ,代表取締役 加来 淳一,1999,,,,100 百万円,
2024-08-01,高知県公立大学法人,公社・官公庁・学校・研究施設,求人なし,高知県高知市永国寺町2-22,理事長 中澤 卓史,2011,,,,"26,138 百万円",
2024-08-01,学校法人工藤学園,公社・官公庁・学校・研究施設,求人なし,北海道札幌市中央区南九条西7-1-31,理事長 中川 佳代子,2011,,,,77 百万円,
2024-08-01,大阪広域水道企業団,公社・官公庁・学校・研究施設,無,大阪府大阪市中央区谷町2-3-12マルイト谷町ビル 3Ｆ,企業長 竹山 修身,,,,,,
2024-08-01,学校法人シュタイナー学園,公社・官公庁・学校・研究施設,求人なし,神奈川県相模原市緑区名倉2805-1,,2004,,,,,
2024-08-01,株式会社日本ロジスティクスフィールド総合研究所,公社・官公庁・学校・研究施設,求人なし,東京都中央区八重洲1-5-7ＭＢＲ97－6Ｆ,代表取締役 辻 俊昭,2009,,,,10 百万円,
2024-08-01,学校法人ＫＴＣ学園,公社・官公庁・学校・研究施設,求人なし,鹿児島県熊毛郡屋久島町平内34-2,理事長 前田 益見,2005,,,,,
2024-08-01,ＴＡＯヘルスライフファーマ株式会社,公社・官公庁・学校・研究施設,求人なし,京都府京都市左京区吉田下阿達町46-29京都大学医薬系総合研究棟,代表取締役 星 政明,2011,,,,1 百万円,
2024-08-01,一般財団法人日本空調冷凍研究所,公社・官公庁・学校・研究施設,求人なし,神奈川県厚木市上依知3003,代表理事 齋藤 潔,2011,,,,,
2024-08-01,株式会社環境トリニティ,公社・官公庁・学校・研究施設,求人なし,東京都調布市下石原1-14-6,代表取締役 北村 啓,2012,,,,10 百万円,
2024-08-01,株式会社北海道生殖医療研究所,公社・官公庁・学校・研究施設,求人なし,北海道札幌市中央区北三条西2-2-1ＮＸ札幌ビル5Ｆ,代表取締役 栁生 芳枝,2004,,,,3 百万円,
2024-08-01,復興庁,公社・官公庁・学校・研究施設,無,東京都千代田区霞が関3-1-1中央合同庁舎4号館,復興大臣 土屋 品子,,,,,,情報が古い可能性があります。最新の情報を確認する場合はHP等をご覧ください。 ■復興に関する市町村の施策の企画、調整及び実施■地方公共団体への一元的な窓口と支援 2022年1月doda掲載求人より引用
2024-08-01,株式会社田中ナースリー,公社・官公庁・学校・研究施設,無,東京都中野区白鷺1-11-34号,代表取締役 田中 比登美,2012,,,,1 百万円,
2024-08-01,学校法人名古屋カトリック学園,公社・官公庁・学校・研究施設,求人なし,愛知県名古屋市東区主税町3-33,理事長 松浦 悟郎,2005,,,,"1,798 百万円",
2024-08-01,公益財団法人スペシャルオリンピックス日本,公社・官公庁・学校・研究施設,求人なし,東京都港区西新橋2-22-1西新橋2丁目森ビル 7Ｆ,代表理事 有森 裕子,2011,,,,,
2024-08-01,一般社団法人全国漁業就業者確保育成センター,公社・官公庁・学校・研究施設,求人なし,東京都港区赤坂1-9-13三会堂ビル Ｂ1,代表理事 小坂 智規,2012,,,,,
2024-08-01,株式会社ＣｈｉｐＳ,公社・官公庁・学校・研究施設,求人なし,北海道帯広市西四条南15-12,代表取締役 及川 抄織,2008,,,,1 百万円,
2024-08-01,宗教法人最上稲荷山妙教寺,公社・官公庁・学校・研究施設,求人なし,岡山県岡山市北区高松稲荷712,代表役員 稲荷 泰瑛,1953,,,,5 百万円,
2024-08-01,社会福祉法人道心,公社・官公庁・学校・研究施設,無,兵庫県加古川市西神吉町大国675-2,理事長 永井 快俊,2006,,,,"1,178 百万円",
2024-08-01,株式会社ＡＫＩ研究所,公社・官公庁・学校・研究施設,求人なし,山梨県笛吹市石和町市部1125-1,代表取締役 穐山 昭彦,2008,,,,10 百万円,
2024-08-01,学校法人光陵学園,公社・官公庁・学校・研究施設,求人なし,愛知県名古屋市中村区名駅南2-7-64,理事長 山田 光男,2009,,,,207 百万円,
2024-08-01,学校法人神戸ドイツ学院,公社・官公庁・学校・研究施設,求人なし,兵庫県神戸市東灘区向洋町中3-2-8,理事長 ヴィスク・アンドレ,2012,,,,533 百万円,
2024-08-01,学校法人山口松陰学園,公社・官公庁・学校・研究施設,求人なし,山口県岩国市錦町宇佐郷507,理事長 松本 聡,2010,,,,50 百万円,
2024-08-01,株式会社ＳＡＲＡＢｉＯ温泉微生物研究所,公社・官公庁・学校・研究施設,求人なし,大分県別府市大字鶴見1356-6,代表取締役 濱田 拓也,2006,,,,183 百万円,
2024-08-01,学校法人ギャラクシー学園,公社・官公庁・学校・研究施設,求人なし,東京都中央区新川1-15-13,理事長 永井 早希子,2007,,,,,
2024-08-01,学校法人臨研学舎,公社・官公庁・学校・研究施設,求人なし,青森県三戸郡五戸町字苗代沢3-638,理事長 田中 信幸,2003,,,,"1,317 百万円",
2024-08-01,学校法人桜井学園,公社・官公庁・学校・研究施設,求人なし,神奈川県横浜市鶴見区鶴見中央1-9-5,理事長 櫻井 武美,2008,,,,549 百万円,
2024-08-01,学校法人深堀学園,公社・官公庁・学校・研究施設,求人なし,神奈川県川崎市川崎区駅前本町22-1,理事長 深堀 和子,2004,,,,873 百万円,
2024-08-01,学校法人東京芸術学園,公社・官公庁・学校・研究施設,求人なし,東京都港区西新橋3-24-10,理事長 見上 陽一郎,2007,,,,468 百万円,
2024-08-01,学校法人作新学院,公社・官公庁・学校・研究施設,求人なし,栃木県宇都宮市一の沢1-1-41,理事長 船田 恵,1999,,,,"15,643 百万円",
2024-08-01,学校法人山脇学園,公社・官公庁・学校・研究施設,求人なし,大阪府池田市伏尾台2-11,理事長 山脇 成子,2003,,,,106 百万円,
2024-08-01,学校法人花小金井学園,公社・官公庁・学校・研究施設,求人なし,東京都小平市花小金井2-9-11,理事長 髙橋 清,2006,,,,"1,083 百万円",
2024-08-01,学校法人わかば学園,公社・官公庁・学校・研究施設,求人なし,宮城県名取市閖上西2-12,理事長 佐々木 一十郎,2007,,,,,
2024-08-01,学校法人同仁キリスト教けやき学園,公社・官公庁・学校・研究施設,求人なし,東京都文京区目白台3-10-9,理事長 石橋 克己,2010,,,,899 百万円,
2024-08-01,学校法人六所の森学園,公社・官公庁・学校・研究施設,求人なし,東京都世田谷区赤堤2-25-2,理事長 纐纈 りえ,2011,,,,,
2024-08-01,株式会社衛生微生物研究センター,公社・官公庁・学校・研究施設,求人なし,東京都葛飾区青戸7-21-14,代表取締役 李 新一,2004,,,,10 百万円,
2024-08-01,株式会社スマイルファクトリー,公社・官公庁・学校・研究施設,求人なし,大阪府大阪市城東区成育3-3-14,代表取締役 今田 容康,2012,,,,9 百万円,
2024-08-01,ティエムファクトリ株式会社,公社・官公庁・学校・研究施設,求人なし,茨城県東茨城郡茨城町中央工業団地7-11,代表取締役 倉田 真弥,2012,,,,60 百万円,
2024-08-01,株式会社環境創生科学研究所,公社・官公庁・学校・研究施設,求人なし,神奈川県横浜市中区相生町5-80相生ビル 4Ｆ,代表取締役 小松 英司,2012,,,,2 百万円,
2024-08-01,株式会社Ｃ＆Ａ,公社・官公庁・学校・研究施設,求人なし,宮城県仙台市青葉区一番町1-16-23,代表取締役 鎌田 圭,2012,,,,5 百万円,
2024-08-01,Ｃ２Ｃ　Ｔｗｉｎｋｌｅ　Ａｃａｄｅｍｙ株式会社,公社・官公庁・学校・研究施設,求人なし,和歌山県岩出市高瀬84-2岩出Ｎ．Ｄビル 202,代表取締役 山本 佳明,2006,,,,3 百万円,
2024-08-01,エンネット株式会社,公社・官公庁・学校・研究施設,求人なし,東京都武蔵野市吉祥寺東町3-10-7,代表取締役 小山 昇,1997,,,,10 百万円,
2024-08-01,株式会社Ｋ－ＢＡＬＬＥＴ,公社・官公庁・学校・研究施設,無,東京都文京区小石川3-22-6エルアルカサル小石川 104,代表取締役 熊川 哲也,1997,,,,100 百万円,
