更新日,名称,業界(小分類),求人有無,所在地,設立,代表者,平均年齢,従業員数,企業URL,資本金,事業内容,上場市場名
2024-08-01,一般社団法人全国銀行協会,特殊法人・財団法人・その他団体・連合会,求人なし,東京都千代田区丸の内1-3-1銀行会館,1910,会長 三毛 兼承,,,,,,
2024-08-01,一般社団法人科学技術と経済の会,特殊法人・財団法人・その他団体・連合会,求人なし,東京都千代田区飯田橋3-3-1飯田橋三笠ビル 2Ｆ,1967,代表理事 遠藤 信博,,,,,,
2024-08-01,地方公務員災害補償基金,特殊法人・財団法人・その他団体・連合会,求人なし,東京都千代田区平河町2-16-1平河町森タワー 8Ｆ,1967,理事長 佐藤 啓太郎,,,,,,
2024-08-01,メディア株式会社,その他,求人なし,熊本県八代市西松江城町11-27,1977,代表取締役 吉武 卓哉,,,,10 百万円,,
2024-08-01,岡野興業株式会社,その他,求人なし,岡山県倉敷市上富井509-3,1941,代表取締役 岡野 光作,,,,10 百万円,,
2024-08-01,株式会社大成製作所,その他,求人なし,愛知県名古屋市瑞穂区大喜町6-24,1986,代表取締役 坂野 浩章,,,,10 百万円,,
2024-08-01,有限会社シー・エー・アイ,その他,求人なし,京都府京都市伏見区加賀屋町731ノーブル伏見 1Ｆ,1994,代表取締役 内山 英雄,,,,3 百万円,,
2024-08-01,有限会社近藤防災,その他,求人なし,京都府京都市伏見区醍醐和泉町8-5,1995,代表取締役 近藤 佳臣,,,,3 百万円,,
2024-08-01,公益財団法人ひょうご産業活性化センター,特殊法人・財団法人・その他団体・連合会,求人なし,兵庫県神戸市中央区東川崎町1-8-4神戸市産業振興センター 1Ｆ・2Ｆ・7Ｆ,1966,代表理事 谷口 賢行,,,,,,
2024-08-01,兵庫県信用保証協会,特殊法人・財団法人・その他団体・連合会,求人なし,兵庫県神戸市中央区浪花町62-1,1948,理事長 杉本 明文,,,,"80,152 百万円",,
2024-08-01,独立行政法人農林漁業信用基金,特殊法人・財団法人・その他団体・連合会,求人なし,東京都港区愛宕2-5-1愛宕グリーンヒルズＭＯＲＩタワー 28Ｆ,2003,理事長 牧元 幸司,,,,"183,562 百万円",,
2024-08-01,一般社団法人全国地方銀行協会,特殊法人・財団法人・その他団体・連合会,求人なし,東京都千代田区内神田3-1-2地方銀行会館,1950,代表理事 西原 政雄,,,,,,
2024-08-01,公益財団法人東京都中小企業振興公社,その他,求人なし,東京都千代田区神田佐久間町1-9,1966,代表理事 中西 充,,,,,,
2024-08-01,株式会社アール・エイチ・サービス,その他,求人なし,群馬県太田市東長岡町1643-1,1974,代表取締役 佐藤 吉信,,,,20 百万円,,
2024-08-01,一般財団法人日本土壌協会,特殊法人・財団法人・その他団体・連合会,求人なし,東京都千代田区神田神保町1-54,1951,代表理事 松本 聰,,,,,,
2024-08-01,舶用計器サービス株式会社,その他,求人なし,東京都千代田区九段北1-10-1九段勧業ビル 1Ｆ,1970,代表取締役 丸山 光子,,,,10 百万円,,
2024-08-01,有限会社今井商会,その他,求人なし,兵庫県姫路市砥堀876-14,2000,代表取締役 今井 真司,,,,3 百万円,,
2024-08-01,日本小型船舶検査機構,特殊法人・財団法人・その他団体・連合会,求人なし,東京都千代田区九段北4-1-3飛栄九段北ビル 5Ｆ,1974,,,,,,,
2024-08-01,株式会社ふじい百貨,その他,求人なし,兵庫県姫路市網干区新在家1296-1,1950,代表取締役 藤井 夏子,,,,10 百万円,,
2024-08-01,ハマダ株式会社,その他,求人なし,大阪府大阪市住之江区泉1-1-82,1987,代表取締役 濵田修吾,,,,50 百万円,,
2024-08-01,株式会社日幸電設,その他,無,埼玉県戸田市戸田公園5-11,1971,代表取締役 菅原 学,,,,15 百万円,,
2024-08-01,一般社団法人日本海事検定協会,特殊法人・財団法人・その他団体・連合会,求人なし,東京都中央区八丁堀1-9-7,1914,代表理事会長 石田 正明,,,,,,
2024-08-01,中央職業能力開発協会,特殊法人・財団法人・その他団体・連合会,求人なし,東京都新宿区西新宿7-5-25西新宿プライムスクエア 11Ｆ,1979,会長 釡和明,,,,,,
2024-08-01,一般財団法人エンジニアリング協会,特殊法人・財団法人・その他団体・連合会,求人なし,東京都港区麻布台1-11-9ＢＰＲプレイス神谷町,1978,代表理事 山東 理二,,,,,,
2024-08-01,公益財団法人全国中小企業振興機関協会,特殊法人・財団法人・その他団体・連合会,求人なし,東京都中央区新川2-1-9石川ビル 2Ｆ,1979,代表理事 中村 利雄,,,,,,
2024-08-01,株式会社ＵＢＳＪ,その他,求人なし,東京都文京区本郷3-21-2シマダビル 1Ｆ,1982,代表取締役 嶋田 貴一,,,,10 百万円,,
2024-08-01,協同組合東京大井コールドプラザ,特殊法人・財団法人・その他団体・連合会,求人なし,東京都大田区城南島5-1-1,1989,代表理事 古市 隆治,,,,,,
2024-08-01,公益財団法人日本生産性本部,特殊法人・財団法人・その他団体・連合会,無,東京都千代田区平河町2-13-12,1955,代表会長 茂木 友三郎,,,,,,
2024-08-01,国立研究開発法人理化学研究所,特殊法人・財団法人・その他団体・連合会,無,埼玉県和光市広沢2-1,2003,理事長 五神 真,,,,"265,342 百万円",情報が古い可能性があります。最新の情報を確認する場合はHP等をご覧ください。 科学技術の向上を目的に物理学、工学、化学、数理・情報科学、計算科学、生物学、医科学等基礎から応用まで幅広い分野で研究活動に取り組んでいる、日本で唯一の自然科学の総合研究所です。 2022年12月doda掲載求人より引用,
2024-08-01,有限会社共栄環境サービス,その他,求人なし,千葉県野田市瀬戸225-12,1985,代表取締役 佐藤 旭,,,,3 百万円,,
2024-08-01,一般社団法人日本アスファルト合材協会,特殊法人・財団法人・その他団体・連合会,求人なし,東京都中央区八丁堀2-5-1東京建設会館 3Ｆ,1985,代表理事 石津 健光,,,,,,
2024-08-01,一般財団法人草月会,特殊法人・財団法人・その他団体・連合会,求人なし,東京都港区赤坂7-2-21,1955,代表理事 勅使河原 茜,,,,,,
2024-08-01,一般社団法人アルコール協会,特殊法人・財団法人・その他団体・連合会,求人なし,東京都中央区銀座1-18-6井門銀座一丁目ビル 23,1985,代表理事 今井 雅彦,,,,,,
2024-08-01,三和淡水魚株式会社,その他,求人なし,東京都港区西新橋3-19-12,1956,代表取締役 鈴木 治,,,,28 百万円,,
2024-08-01,東邦電子株式会社,その他,求人なし,東京都品川区西五反田7-13-6ＳＤＩ五反田ビル 9Ｆ,1979,代表取締役 崎元 英史郎,,,,30 百万円,,
2024-08-01,株式会社協和技研,その他,求人なし,東京都大田区池上6-30-18,1970,代表取締役 本多 研司,,,,10 百万円,,
2024-08-01,公益社団法人日本食品衛生協会,特殊法人・財団法人・その他団体・連合会,求人なし,東京都台東区寿4-15-7,1963,代表理事 鵜飼 良平,,,,,,
2024-08-01,公益財団法人鉄道総合技術研究所,特殊法人・財団法人・その他団体・連合会,求人なし,東京都国分寺市光町2-8-38,1986,代表理事 久保 俊一,,,,,,
2024-08-01,公益社団法人箕面市シルバー人材センター,特殊法人・財団法人・その他団体・連合会,求人なし,大阪府箕面市稲1-11-2ふれあい就労支援センター,1982,代表理事 田村 忠之,,,,,,
2024-08-01,一般財団法人西宮市都市整備公社,特殊法人・財団法人・その他団体・連合会,求人なし,兵庫県西宮市西宮浜1-31西宮浜産業交流会館 4Ｆ,1970,代表理事 田村 比佐雄,,,,,,
2024-08-01,市中銀行従業員組合連合会,その他,求人なし,東京都中央区日本橋茅場町1-2-14日本ビルディング3号館内,1956,代表者 長谷川 辰明,,,,,,
2024-08-01,公益財団法人三菱ＵＦＪ信託芸術文化財団,特殊法人・財団法人・その他団体・連合会,求人なし,東京都中央区日本橋2-2-4日本橋ビル 2Ｆ,1987,代表理事 上原 治也,,,,,,
2024-08-01,地方公務員共済組合連合会,特殊法人・財団法人・その他団体・連合会,求人なし,東京都千代田区内幸町2-1-1飯野ビルディング 11Ｆ,1984,理事長 岡崎 浩巳,,,,,,
2024-08-01,一般財団法人マルチメディア振興センター,特殊法人・財団法人・その他団体・連合会,求人なし,東京都港区虎ノ門2-4-1,1990,代表理事 北條 仁康,,,,,,
2024-08-01,一般社団法人日本機械工業連合会,特殊法人・財団法人・その他団体・連合会,求人なし,東京都港区芝公園3-5-8機械振興会館 5Ｆ,1958,代表理事 大宮 英明,,,,,,
2024-08-01,一般社団法人日本産業機械工業会,特殊法人・財団法人・その他団体・連合会,求人なし,東京都港区芝公園3-5-8機械振興会館 4Ｆ,1967,代表理事 斎藤 保,,,,,,
2024-08-01,一般社団法人畑地農業振興会,特殊法人・財団法人・その他団体・連合会,求人なし,東京都港区芝大門1-3-11ＹＳＫビル 6Ｆ,1969,代表理事 土居 邦弘,,,,,,
2024-08-01,一般社団法人日本電気計測器工業会,特殊法人・財団法人・その他団体・連合会,求人なし,東京都中央区日本橋蛎殻町2-15-12計測会館,1960,代表理事 曽禰 寛純,,,,,,
2024-08-01,株式会社ベルチェアソシエイツ,その他,求人なし,東京都港区赤坂2-11-15第二堀内ビル 3Ｆ,1987,代表取締役 ベルチェ ドミニク,,,,28 百万円,,
2024-08-01,伊勢三河湾水先区水先人会,特殊法人・財団法人・その他団体・連合会,求人なし,愛知県名古屋市港区入船2-4-6名港ビルディング17Ｆ,2007,会長 髙尾 幸徳,,,,,,
2024-08-01,一般社団法人日本空調衛生工事業協会,特殊法人・財団法人・その他団体・連合会,求人なし,東京都中央区新富2-8-1金鵄ビル 5Ｆ,1948,代表理事 長谷川 勉,,,,,,
2024-08-01,一般財団法人日本穀物検定協会,特殊法人・財団法人・その他団体・連合会,求人なし,東京都中央区日本橋兜町15-6製粉会館 3Ｆ,1955,代表理事 井出 道雄,,,,,,
2024-08-01,一般社団法人東京都計量協会,特殊法人・財団法人・その他団体・連合会,求人なし,東京都江東区新砂3-3-41東京都計量検定所 2Ｆ,1948,代表理事 清宮 貞雄,,,,,,
2024-08-01,公益財団法人日本容器包装リサイクル協会,特殊法人・財団法人・その他団体・連合会,求人なし,東京都港区虎ノ門1-14-1郵政福祉琴平ビル 2Ｆ,1996,代表理事 本多 正憲,,,,,,
2024-08-01,一般財団法人日本水土総合研究所,特殊法人・財団法人・その他団体・連合会,求人なし,東京都港区虎ノ門1-21-17虎ノ門ＮＮビル 9Ｆ,1958,代表理事 小林 祐一,,,,,,
2024-08-01,軽自動車検査協会,特殊法人・財団法人・その他団体・連合会,求人なし,東京都新宿区西新宿3-2-11新宿三井ビルディング2号館 15Ｆ,1972,理事長 清谷 伸吾,,,,,,
2024-08-01,一般社団法人日本計装工業会,特殊法人・財団法人・その他団体・連合会,求人なし,東京都千代田区東神田2-4-5東神田堀商ビル 4Ｆ,1980,代表理事 生駒 昌夫,,,,,,
2024-08-01,公益社団法人全国市街地再開発協会,特殊法人・財団法人・その他団体・連合会,求人なし,東京都港区新橋6-14-5ＳＷ新橋ビル3Ｆ,1969,代表理事 大村 謙二郎,,,,,,
2024-08-01,公益財団法人エイズ予防財団,特殊法人・財団法人・その他団体・連合会,求人なし,東京都千代田区神田猿楽町2-7-1ＴＯＨＹＵビル 3Ｆ,1987,代表理事 白阪 琢磨,,,,,,
2024-08-01,一般社団法人日本教育情報化振興会,特殊法人・財団法人・その他団体・連合会,求人なし,東京都港区虎ノ門2-10-1,1982,代表理事 山西 潤一,,,,,,
2024-08-01,一般財団法人地球産業文化研究所,特殊法人・財団法人・その他団体・連合会,求人なし,東京都中央区日本橋箱崎町41-12ＫＤＸ箱崎ビル 6Ｆ,1988,代表理事 南 直哉,,,,,,
2024-08-01,一般財団法人機械システム振興協会,特殊法人・財団法人・その他団体・連合会,求人なし,東京都港区芝大門1-9-9野村不動産芝大門ビル 9Ｆ,1979,代表理事 堤 富男,,,,,,
2024-08-01,公益社団法人日本インダストリアルデザイン協会,特殊法人・財団法人・その他団体・連合会,求人なし,東京都港区六本木5-17-1ＡＸＩＳビル 4Ｆ,1969,代表理事 太刀川 英輔,,,,,,
2024-08-01,一般社団法人大多摩観光連盟,特殊法人・財団法人・その他団体・連合会,求人なし,東京都青梅市河辺町6-4-1東京都青梅合同庁舎内,1987,代表理事 田村 利光,,,,,,
2024-08-01,一般社団法人日本プロジェクト産業協議会,その他,求人なし,東京都中央区日本橋茅場町3-2-10鉄鋼会館 6Ｆ,1983,代表理事 進藤 孝生,,,,,,
2024-08-01,アステラス健康保険組合,特殊法人・財団法人・その他団体・連合会,求人なし,東京都中央区日本橋本町2-5-1室町古河三井ビルディング,1948,,,,,,,
2024-08-01,一般社団法人大日本水産会,特殊法人・財団法人・その他団体・連合会,求人なし,東京都千代田区内幸町1-2-1日土地内幸町ビル 3Ｆ,1909,代表理事 会長 枝元 真徹,,,,,,
2024-08-01,一般財団法人発電設備技術検査協会,特殊法人・財団法人・その他団体・連合会,求人なし,東京都港区芝大門2-10-12ＫＤＸ芝大門ビル 3Ｆ,1970,代表理事 理事長 濵谷 正忠,,,,,,
2024-08-01,一般社団法人日本書籍出版協会,特殊法人・財団法人・その他団体・連合会,求人なし,東京都千代田区神田神保町1-32ＰｕｂｌｉｓｈｅｒｓＣｌｕｂＢｌｄｇ． 502,1965,代表理事 小野寺 優,,,,,,
2024-08-01,一般財団法人日本口腔保健協会,特殊法人・財団法人・その他団体・連合会,求人なし,東京都文京区本郷2-28-3山越ビル 1Ｆ,1961,代表理事 森本 基,,,,,,
2024-08-01,公益財団法人江東区文化コミュニティ財団,特殊法人・財団法人・その他団体・連合会,求人なし,東京都江東区東陽4-11-3,1982,代表理事 谷口 昭生,,,,,,
2024-08-01,公益財団法人大田区産業振興協会,特殊法人・財団法人・その他団体・連合会,求人なし,東京都大田区南蒲田1-20-20大田区産業プラザピオ 3Ｆ,1995,代表理事 川野 正博,,,,,,
2024-08-01,東京都立大学生活協同組合,特殊法人・財団法人・その他団体・連合会,求人なし,東京都八王子市南大沢1-1,1958,代表理事 丹野 清人,,,,162 百万円,,
2024-08-01,株式会社池永,その他,求人なし,兵庫県伊丹市森本2-120メゾン・ド・ソレイユ 1Ｆ,1974,代表取締役 池永 順一,,,,10 百万円,,
2024-08-01,公益財団法人群馬県産業支援機構,特殊法人・財団法人・その他団体・連合会,求人なし,群馬県前橋市亀里町884-1県立群馬産業技術センター,1972,代表理事 石川 利一,,,,,,
2024-08-01,前橋商工会議所,特殊法人・財団法人・その他団体・連合会,求人なし,群馬県前橋市日吉町1-8-1マックスクエア前橋商工会議所会館 1Ｆ,1955,会頭 曽我 孝之,,,,,,
2024-08-01,一般社団法人照明学会,特殊法人・財団法人・その他団体・連合会,求人なし,東京都千代田区神田司町2-8-4吹田屋ビル 3Ｆ,1923,代表理事 豊島 久則,,,,,,
2024-08-01,公益財団法人いわて産業振興センター,特殊法人・財団法人・その他団体・連合会,求人なし,岩手県盛岡市北飯岡2-4-26岩手県先端科学技術研究センター 2Ｆ,1986,代表理事 立花 良孝,,,,,,
2024-08-01,公益財団法人広島市文化財団,特殊法人・財団法人・その他団体・連合会,求人なし,広島県広島市中区加古町4-17アステールプラザ内,1981,理事長 円奈 勝治,,,,,,
2024-08-01,社会福祉法人奈良市社会福祉協議会,特殊法人・財団法人・その他団体・連合会,求人なし,奈良県奈良市杏町79-4,1967,理事長 福井 重忠,,,,519 百万円,,
2024-08-01,有限会社池田電機工業,その他,求人なし,福島県郡山市字賀庄152-1,1981,代表取締役 池田 武,,,,3 百万円,,
2024-08-01,最高裁判所,その他,求人なし,東京都千代田区隼町4-2,,長官 戸倉 三郎,,,,,,
2024-08-01,一般社団法人広島県年金福祉協会,特殊法人・財団法人・その他団体・連合会,求人なし,広島県広島市中区国泰寺町1-8-20国泰寺信愛ビル,1976,代表理事 岡﨑 正剛,,,,,,
2024-08-01,公益社団法人大阪府柔道整復師会,特殊法人・財団法人・その他団体・連合会,求人なし,大阪府大阪市西区靱本町3-10-3,1960,代表理事 徳山 健司,,,,,,
2024-08-01,一般財団法人関西環境管理技術センター,特殊法人・財団法人・その他団体・連合会,求人なし,大阪府大阪市西区川口2-9-10,1972,代表理事 谷口 靖彦,,,,,,
2024-08-01,千葉県土地改良事業団体連合会,特殊法人・財団法人・その他団体・連合会,求人なし,千葉県千葉市美浜区新港249-5,1958,理事 林 和雄,,,,,,
2024-08-01,一般財団法人食品環境検査協会,特殊法人・財団法人・その他団体・連合会,求人なし,東京都江東区新木場2-10-3,1955,代表理事 伊藤 一夫,,,,,,
2024-08-01,公益財団法人関西交通経済研究センター,特殊法人・財団法人・その他団体・連合会,求人なし,大阪府大阪市西区西本町1-7-2ウエストスクエアビル 9Ｆ,1972,会長 尾崎 裕,,,,,,
2024-08-01,協業組合大阪ねじセンター,その他,求人なし,大阪府大阪市港区市岡元町1-2-9,1972,代表理事 谷川 清石,,,,85 百万円,,
2024-08-01,五十鈴倉庫株式会社,その他,求人なし,栃木県小山市大字横倉新田470-11,1991,代表取締役 黒田 一俊,,,,100 百万円,,
2024-08-01,一般財団法人栃木県環境技術協会,特殊法人・財団法人・その他団体・連合会,求人なし,栃木県宇都宮市下岡本町2145-13栃木県精神保健福祉センター内,1972,代表理事 横倉 正一,,,,,,
2024-08-01,社会福祉法人山口県社会福祉事業団,特殊法人・財団法人・その他団体・連合会,求人なし,山口県山口市大手町9-6ゆーあいプラザ山口県社会福祉会館 1Ｆ,1972,理事長 内畠 義裕,,,,"6,328 百万円",,
2024-08-01,那須町森林組合,特殊法人・財団法人・その他団体・連合会,求人なし,栃木県那須郡那須町大字東岩崎289,1985,代表理事 三森 康雄,,,,,,
2024-08-01,独立行政法人奄美群島振興開発基金,特殊法人・財団法人・その他団体・連合会,求人なし,鹿児島県奄美市名瀬港町1-5,2004,理事長 本田 勝規,,,,"17,773 百万円",,
2024-08-01,富山県商工会連合会,特殊法人・財団法人・その他団体・連合会,求人なし,富山県富山市赤江町1-7富山県中小企業研修センター,1961,会長 宮本 光明,,,,,,
2024-08-01,一般社団法人中央電気倶楽部,特殊法人・財団法人・その他団体・連合会,求人なし,大阪府大阪市北区堂島浜2-1-25,1915,代表理事 疋田 孝純,,,,,,
2024-08-01,公益社団法人大阪府建築士会,特殊法人・財団法人・その他団体・連合会,求人なし,大阪府大阪市中央区谷町3-1-17高田屋大手前ビル 5Ｆ,1957,代表理事 岡本 森廣,,,,,,
2024-08-01,大阪府農業協同組合中央会,その他,求人なし,大阪府大阪市中央区馬場町3-35大阪府農林会館 3Ｆ,1954,代表理事 岸本 隆之,,,,,,
2024-08-01,株式会社魚一,その他,求人なし,広島県広島市西区草津港1-8-1広島市中央卸売市場中央市場水産棟,1980,代表取締役 新谷 欽史,,,,20 百万円,,
2024-08-01,株式会社アイシステム,その他,求人なし,茨城県鹿嶋市大字長栖1879-124メゾン・ド・ラ・ヴェール 1Ｆ,1997,代表取締役 吉川 克郎,,,,42 百万円,,
2024-08-01,堺商工会議所,特殊法人・財団法人・その他団体・連合会,求人なし,大阪府堺市北区長曽根町130-23,1948,会頭 前田 寬司,,,,,,
2024-08-01,株式会社システムサービス,その他,求人なし,新潟県柏崎市剣野町24-179,1995,代表取締役 林 宏一,,,,10 百万円,,
2024-08-01,八尾商工会議所,特殊法人・財団法人・その他団体・連合会,無,大阪府八尾市清水町1-1-6八尾商工会議所市立中小企業サポートセンター,1954,会頭 山口 孝満,,,,,,
2024-08-01,岡山商工会議所,特殊法人・財団法人・その他団体・連合会,求人なし,岡山県岡山市北区厚生町3-1-15,1946,会頭 松田 久,,,,,,
2024-08-01,岡山県商工会連合会,特殊法人・財団法人・その他団体・連合会,求人なし,岡山県岡山市北区弓之町4-19岡山県中小企業会館 4Ｆ,1961,会長 金谷 征正,,,,,,
2024-08-01,公益財団法人神奈川産業振興センター,特殊法人・財団法人・その他団体・連合会,求人なし,神奈川県横浜市中区尾上町5-80神奈川中小企業センタービル,1953,代表理事 茂木 吉晴,,,,,,
2024-08-01,ミドリ安全東横浜株式会社,その他,求人なし,神奈川県横浜市港南区上大岡西3-2-13,1979,代表取締役 江守 隆,,,,10 百万円,,
2024-08-01,株式会社横冷エンジニアリング,その他,求人なし,神奈川県横浜市磯子区中原3-6-18,1980,代表取締役 横山 敦信,,,,5 百万円,,
2024-08-01,神奈川県内広域水道企業団,その他,無,神奈川県横浜市旭区矢指町1194,1969,,,,,,"構成団体（神奈川県・横浜市・川崎市・横須賀市）が経営する、水道局への水道用水の供給企業団は、安全で良質な水道水を作り、卸売りする水道用水供給事業を運営しています。創設事業と相模川水系建設事業（第1期で建設した施設）を利用するとともに、神奈川県、横浜市及び横須賀市の施設の一部を暫定的に使用して、構成団体に合計1日最大2,652,400m3の水道用水を供給することが可能です。 2024年4月doda掲載求人より引用",
2024-08-01,株式会社ユーコム,その他,求人なし,神奈川県横浜市都筑区大丸8-10サンモール中山 202,1993,代表取締役 阿部 博,,,,10 百万円,,
2024-08-01,株式会社ＪＯコスメティックス横浜,その他,求人なし,神奈川県横浜市港北区新羽町334-1,1996,代表取締役 松村 淳,,,,25 百万円,,
2024-08-01,一般財団法人航空宇宙技術振興財団,特殊法人・財団法人・その他団体・連合会,求人なし,宮城県仙台市青葉区一番町1-17-26仙台ＴＭビル 4Ｆ,1996,代表理事 新野 正之,,,,,,
2024-08-01,公益財団法人サントリー生命科学財団,特殊法人・財団法人・その他団体・連合会,求人なし,京都府相楽郡精華町精華台8-1-1,1946,理事長 西本 正三,,,,,,
2024-08-01,日新瀘器工業株式会社,その他,求人なし,神奈川県川崎市高津区東野川1-6-35,1971,代表取締役 森 一弥,,,,10 百万円,,
2024-08-01,公益財団法人大原記念労働科学研究所,特殊法人・財団法人・その他団体・連合会,求人なし,東京都渋谷区千駄ヶ谷1-1-12桜美林大学内 3Ｆ,1945,代表理事 濱野 潤,,,,,,
2024-08-01,株式会社カナサシ,その他,求人なし,静岡県静岡市清水区三保491-1,2015,代表取締役 村上 雅臣,,,,5 百万円,,
2024-08-01,一般社団法人日本アルミニウム協会,特殊法人・財団法人・その他団体・連合会,求人なし,東京都中央区銀座4-2-15塚本素山ビルディング 7Ｆ,1980,代表理事 水口 誠,,,,,,
2024-08-01,独立行政法人勤労者退職金共済機構,特殊法人・財団法人・その他団体・連合会,求人なし,東京都豊島区東池袋1-24-1ニッセイ池袋ビル 20Ｆ,2003,理事長 梅森 徹,,,,1 百万円,,
2024-08-01,熊本県果実農業協同組合連合会,特殊法人・財団法人・その他団体・連合会,求人なし,熊本県熊本市東区小山町1846,1954,代表理事会長 橋本 明利,,,,"1,926 百万円",,
2024-08-01,全国酒販協同組合連合会,特殊法人・財団法人・その他団体・連合会,求人なし,東京都目黒区中目黒2-1-27全国小売酒販会館,1971,代表理事会長 市村 賢治,,,,"1,000 百万円",,
2024-08-01,高山米穀協業組合,特殊法人・財団法人・その他団体・連合会,求人なし,岐阜県高山市初田町2-32,1950,代表理事 桑谷 康弘,,,,88 百万円,,
2024-08-01,株式会社静岡ＡＶセンター,その他,求人なし,静岡県静岡市駿河区小黒2-1-11,1972,代表取締役 黒﨑 太郎,,,,10 百万円,,
2024-08-01,株式会社田宮模型,その他,求人なし,静岡県静岡市駿河区恩田原3-7,1962,代表取締役 田宮 俊作,,,,47 百万円,,
2024-08-01,佐賀県商工会連合会,特殊法人・財団法人・その他団体・連合会,求人なし,佐賀県佐賀市白山2-1-12佐賀商工ビル 6Ｆ,1961,会長 峰 英太郎,,,,,,
2024-08-01,滋賀県商工会連合会,特殊法人・財団法人・その他団体・連合会,無,滋賀県大津市打出浜2-1コラボしが21 5Ｆ,1961,会長 清水 憲,,,,,,
2024-08-01,公益財団法人ベルマーク教育助成財団,特殊法人・財団法人・その他団体・連合会,求人なし,東京都墨田区両国3-25-5ＪＥＩ両国ビル 9Ｆ,1960,代表理事 銭谷 眞美,,,,,,
2024-08-01,一般社団法人日本農林規格協会,特殊法人・財団法人・その他団体・連合会,求人なし,東京都中央区日本橋兜町15-12八重洲カトウビル 4Ｆ,1962,代表理事 戸谷 亨,,,,,,
2024-08-01,テクノミックス株式会社,その他,求人なし,東京都中央区日本橋浜町1-10-2日本橋ＮＳビル 2Ｆ,1997,代表取締役 峯村 光司,,,,10 百万円,,
2024-08-01,一般財団法人ハウジングアンドコミュニティ財団,特殊法人・財団法人・その他団体・連合会,求人なし,東京都港区芝2-31-19バンザイビル 7Ｆ,1992,代表理事 大栗 育夫,,,,,,
2024-08-01,全日本自動車産業労働組合総連合会,特殊法人・財団法人・その他団体・連合会,求人なし,東京都港区高輪4-18-21ＶｉｅｗーｗｅｌｌＳｑｕａｒｅ,1973,代表者 金子 晃浩,,,,,,
2024-08-01,日本国際貿易促進協会,特殊法人・財団法人・その他団体・連合会,求人なし,東京都千代田区内神田2-14-4内神田ビルディング5Ｆ,1954,,,,,,,
2024-08-01,在日米国商工会議所,特殊法人・財団法人・その他団体・連合会,求人なし,東京都港区麻布台2-4-5メソニック39ＭＴビル 10Ｆ,,,,,,,,
2024-08-01,高圧ガス保安協会,特殊法人・財団法人・その他団体・連合会,求人なし,東京都港区虎ノ門4-3-13ヒューリック神谷町ビル,1963,会長 近藤 賢二,,,,"3,539 百万円",,
2024-08-01,一般社団法人日本自動販売システム機械工業会,特殊法人・財団法人・その他団体・連合会,求人なし,東京都新宿区市谷田町2-7-15,2009,代表理事 尾上 広和,,,,,,
2024-08-01,新宿エヌ・エスビル株式会社,その他,求人なし,東京都新宿区西新宿2-4-1新宿ＮＳビル 13Ｆ,1980,代表取締役 土屋 晴路,,,,20 百万円,,
2024-08-01,一般財団法人自衛隊援護協会,特殊法人・財団法人・その他団体・連合会,求人なし,東京都新宿区天神町6村松ビル 5Ｆ,1987,代表理事 上瀧 守,,,,,,
2024-08-01,公益社団法人科学技術国際交流センター,特殊法人・財団法人・その他団体・連合会,求人なし,東京都千代田区神田佐久間町3-38第5東ビル 901,1990,代表理事 相澤 益男,,,,,,
2024-08-01,ＪＲＣマリンフォネット株式会社,その他,求人なし,東京都江東区辰巳1-7-32,2000,代表取締役 矢野 理,,,,30 百万円,,
2024-08-01,株式会社タネムラコーポレーション,その他,求人なし,東京都世田谷区瀬田1-17-18,1981,代表取締役 種村 明美,,,,96 百万円,,
2024-08-01,社会福祉法人日本保育協会,特殊法人・財団法人・その他団体・連合会,求人なし,東京都千代田区麹町1-6-2アーバンネット麹町ビル 6Ｆ,1973,理事長 大谷 泰夫,,,,"1,646 百万円",,
2024-08-01,全国大学生活協同組合連合会,特殊法人・財団法人・その他団体・連合会,求人なし,東京都杉並区和田3-30-22大学生協会館,1959,代表理事 中森 一朗,,,,963 百万円,,
2024-08-01,全国管工事業協同組合連合会,特殊法人・財団法人・その他団体・連合会,求人なし,東京都豊島区北大塚3-30-10全管連会館,1960,代表理事 藤川 幸造,,,,158 百万円,,
2024-08-01,公益財団法人三菱養和会,特殊法人・財団法人・その他団体・連合会,求人なし,東京都豊島区巣鴨2-8-1,1940,代表理事 上原 治也,,,,,,
2024-08-01,株式会社エーホー,その他,求人なし,埼玉県入間郡三芳町大字藤久保539-4,1976,代表取締役 倉方 一男,,,,10 百万円,,
2024-08-01,公益財団法人名古屋産業科学研究所,特殊法人・財団法人・その他団体・連合会,求人なし,愛知県名古屋市中区栄2-10-19名古屋商工会議所ビル 9Ｆ,1943,代表理事 内藤 弘康,,,,,,
2024-08-01,中部経済同友会,特殊法人・財団法人・その他団体・連合会,求人なし,愛知県名古屋市中区栄2-10-19名古屋商工会議所ビル 6Ｆ,,,,,,,,
2024-08-01,社会福祉法人埼玉福祉事業協会,特殊法人・財団法人・その他団体・連合会,求人なし,埼玉県さいたま市西区塚本町1-94-1,1978,理事長 髙橋 清子,,,,"2,673 百万円",,
2024-08-01,埼玉県住宅供給公社,特殊法人・財団法人・その他団体・連合会,求人なし,埼玉県さいたま市浦和区仲町3-12-10,1965,理事長 庄司 健吾,,,,40 百万円,,
2024-08-01,株式会社五十鈴オート整備工場,その他,求人なし,群馬県邑楽郡邑楽町大字篠塚3193-2,1978,代表取締役 黒田 一俊,,,,10 百万円,,
2024-08-01,公益財団法人天野工業技術研究所,特殊法人・財団法人・その他団体・連合会,求人なし,静岡県浜松市浜名区細江町気賀7955-98,1961,代表理事 鏑木 實,,,,,,
2024-08-01,山梨ＣＡＴＶ株式会社,その他,求人なし,山梨県山梨市上神内川1716,1977,代表取締役 中村 昌二,,,,24 百万円,,
2024-08-01,浜名学園組合,その他,求人なし,静岡県湖西市新居町浜名1855-3,,,,,,,,
2024-08-01,山八醤油味噌有限会社,その他,求人なし,長野県松本市大字島立2235,1968,代表取締役 武居 貴史,,,,3 百万円,,
2024-08-01,一般財団法人静岡県生活科学検査センター,特殊法人・財団法人・その他団体・連合会,求人なし,静岡県焼津市塩津1-1,1972,代表理事 石川 幸伸,,,,,,
2024-08-01,一般財団法人企業経営研究所,特殊法人・財団法人・その他団体・連合会,求人なし,静岡県駿東郡長泉町東野500,1982,代表理事 中山 勝,,,,,,
2024-08-01,公益財団法人国際環境技術移転センター,特殊法人・財団法人・その他団体・連合会,求人なし,三重県四日市市桜町3684-11,1990,理事長 一見 勝之,,,,,,
2024-08-01,兵庫県国民健康保険団体連合会,特殊法人・財団法人・その他団体・連合会,求人なし,兵庫県神戸市中央区三宮町1-9-1センタープラザ,,,,,,,,
2024-08-01,一般社団法人兵庫県計量協会,特殊法人・財団法人・その他団体・連合会,求人なし,兵庫県神戸市中央区下山手通6-3-28兵庫県中央労働センター 5Ｆ,1956,会長 川西 勝三,,,,,,
2024-08-01,内海水先区水先人会,特殊法人・財団法人・その他団体・連合会,求人なし,兵庫県神戸市中央区京町72新クレセントビル 3Ｆ,2007,会長 末岡 民行,,,,,,
2024-08-01,有限会社名古屋理化工業,その他,求人なし,愛知県名古屋市南区赤坪町191-1赤坪マンション 1Ｆ,1983,代表取締役 近藤 涼介,,,,3 百万円,,
2024-08-01,愛知中部水道企業団,特殊法人・財団法人・その他団体・連合会,求人なし,愛知県愛知郡東郷町大字和合字北蚊谷212,,経営者 久野 知英,,,,,,
2024-08-01,愛知中部水道企業団指定工事店協同組合,その他,求人なし,愛知県愛知郡東郷町大字諸輪字観音畑1-7,1975,代表理事 竹田 俊雄,,,,74 百万円,,
2024-08-01,海部南部水道企業団,その他,求人なし,愛知県愛西市西條町大池180,1960,経営者 久野 時男,,,,,,
2024-08-01,ミドリ安全小牧株式会社,その他,求人なし,愛知県北名古屋市久地野牧野45,1988,代表取締役 柳原 健悟,,,,10 百万円,,
2024-08-01,公益財団法人名古屋国際センター,特殊法人・財団法人・その他団体・連合会,求人なし,愛知県名古屋市中村区那古野1-47-1,1984,代表理事 岩田 隆,,,,,,
2024-08-01,日本消防検定協会,特殊法人・財団法人・その他団体・連合会,求人なし,東京都調布市深大寺東町4-35-16,1963,理事長 市橋 保彦,,,,,,
2024-08-01,東京都町村会,特殊法人・財団法人・その他団体・連合会,求人なし,東京都府中市新町2-77-1東京自治会館 1Ｆ,2015,,,,,,,
2024-08-01,柳泉園組合,特殊法人・財団法人・その他団体・連合会,求人なし,東京都東久留米市下里4-3-10,1960,,,,,,,
2024-08-01,国立市商工会,特殊法人・財団法人・その他団体・連合会,求人なし,東京都国立市富士見台3-16-4,1963,会長 桂 耕史,,,,,,
2024-08-01,公益社団法人産業安全技術協会,特殊法人・財団法人・その他団体・連合会,求人なし,埼玉県狭山市広瀬台2-16-26,1970,代表理事 榎本 克哉,,,,,,
2024-08-01,公益財団法人静岡県文化財団,特殊法人・財団法人・その他団体・連合会,求人なし,静岡県静岡市駿河区東静岡2-3-1,1984,代表理事 鈴木 壽美子,,,,,,
2024-08-01,有限会社山十メディカル,その他,求人なし,岐阜県岐阜市領下289-1,1998,代表取締役 山下 寿,,,,3 百万円,,
2024-08-01,公益財団法人山梨総合研究所,特殊法人・財団法人・その他団体・連合会,求人なし,山梨県甲府市丸の内1-8-11八光地産ビル,1998,代表理事 今井 久,,,,,,
2024-08-01,公益財団法人ＳＧＨ文化スポーツ振興財団,特殊法人・財団法人・その他団体・連合会,求人なし,滋賀県守山市水保町2891-44,1998,,,,,,,
2024-08-01,公益財団法人福岡アジア都市研究所,特殊法人・財団法人・その他団体・連合会,求人なし,福岡県福岡市博多区博多駅前2-8-1博多区役所 10Ｆ,1988,会長 貫 正義,,,,,,
2024-08-01,西日本介護サービス株式会社,その他,求人なし,福岡県久留米市花畑2-15-5,1999,代表取締役 今泉 尊英,,,,15 百万円,,
2024-08-01,カンノ空調株式会社,その他,求人なし,兵庫県加古川市新神野3-8-12,1997,代表取締役 花房 早苗,,,,10 百万円,,
2024-08-01,公益財団法人神戸医療産業都市推進機構,特殊法人・財団法人・その他団体・連合会,無,兵庫県神戸市中央区港島南町6-3-7クリエイティブラボ神戸 5Ｆ,2000,代表理事 成宮 周,,,,,,
2024-08-01,公益財団法人三重県産業支援センター,特殊法人・財団法人・その他団体・連合会,無,三重県津市栄町1-891三重県合同ビル 5Ｆ,1967,代表理事 岡村 昌和,,,,,,
2024-08-01,公益財団法人やまぐち産業振興財団,特殊法人・財団法人・その他団体・連合会,求人なし,山口県山口市小郡令和1-1-1山口市交流拠点施設,1983,代表理事 楠 正夫,,,,,,
2024-08-01,公益社団法人関西経済連合会,特殊法人・財団法人・その他団体・連合会,求人なし,大阪府大阪市北区中之島6-2-27中之島センタービル 30Ｆ,1972,代表理事 関 総一郎,,,,,,
2024-08-01,山武郡市広域水道企業団,特殊法人・財団法人・その他団体・連合会,求人なし,千葉県東金市家徳361-8,1974,経営者 堀内 慶三,,,,,,
2024-08-01,有限会社樹峰,その他,求人なし,大阪府東大阪市長田西4-1-35,2000,取締役 池田 敏彦,,,,3 百万円,,
2024-08-01,エヌ・ティ・ティ労働組合,特殊法人・財団法人・その他団体・連合会,求人なし,東京都千代田区神田駿河台3-6全電通労働会館,1952,代表者 鈴木 克彦,,,,,,
2024-08-01,四国生産性本部,特殊法人・財団法人・その他団体・連合会,求人なし,香川県高松市丸の内2-5ヨンデンビル別館 3Ｆ,,,,,,,,
2024-08-01,株式会社らくらケア,その他,求人なし,北海道石狩郡当別町太美町2343-39,1990,代表取締役社長 浅沼 静華,,,,70 百万円,,
2024-08-01,公益財団法人長崎県産業振興財団,特殊法人・財団法人・その他団体・連合会,無,長崎県長崎市出島町2-11出島交流会館 6Ｆ、7Ｆ,1966,代表理事 福重 武弘,,,,,,
2024-08-01,公益財団法人北九州産業学術推進機構,特殊法人・財団法人・その他団体・連合会,求人なし,福岡県北九州市若松区ひびき-2-1,1990,代表理事 松永 守央,,,,,,
2024-08-01,公益財団法人東大阪市産業創造勤労者支援機構,特殊法人・財団法人・その他団体・連合会,求人なし,大阪府東大阪市荒本北1-4-17クリエイション・コア東大阪北館 302,1984,理事長 西村 弘毅,,,,,,
2024-08-01,株式会社サイテック,その他,求人なし,埼玉県深谷市小前田1728-1,1973,代表取締役 樋口 裕晃,,,,10 百万円,,
2024-08-01,三井住友トラスト・ホールディングス株式会社,その他,求人なし,東京都千代田区丸の内1-4-1三井住友信託銀行本店ビル,2002,取締役 代表執行役社長 高倉 透,,,,"261,608 百万円",,プライム
2024-08-01,株式会社カツラテック,その他,求人なし,東京都中央区新富1-15-14相互新富ビル 601,1995,代表取締役 塩沢 宗一,,,,12 百万円,,
2024-08-01,社会福祉法人海老名市社会福祉協議会,特殊法人・財団法人・その他団体・連合会,求人なし,神奈川県海老名市勝瀬175-1海老名市役所内,1979,理事長 前田 洋子,,,,71 百万円,,
2024-08-01,独立行政法人経済産業研究所,特殊法人・財団法人・その他団体・連合会,求人なし,東京都千代田区霞が関1-3-1経済産業省別館 11Ｆ,2001,理事長 矢野 誠,,,,21 百万円,,
2024-08-01,アイズ株式会社,その他,求人なし,東京都板橋区常盤台3-5-8,2000,代表取締役 木村 謙一郎,,,,10 百万円,,
2024-08-01,丹羽広域事務組合,特殊法人・財団法人・その他団体・連合会,求人なし,愛知県丹羽郡大口町河北2-23,,経営者 江戸 滿,,,,180 百万円,,
2024-08-01,株式会社アルファテック,その他,求人なし,栃木県佐野市堀米町601,2001,代表取締役 齋川 勝博,,,,10 百万円,,
2024-08-01,国立研究開発法人海上・港湾・航空技術研究所,特殊法人・財団法人・その他団体・連合会,求人なし,東京都三鷹市新川6-38-1,2001,理事長 栗山 善昭,,,,"52,376 百万円",,
2024-08-01,社会福祉法人練馬区社会福祉事業団,特殊法人・財団法人・その他団体・連合会,求人なし,東京都練馬区光が丘6-4-1,1992,理事長 福島 敏彦,,,,"4,137 百万円",,
2024-08-01,社会福祉法人共生会,特殊法人・財団法人・その他団体・連合会,無,東京都葛飾区東四つ木1-12-17,1959,理事長 福島 俊彦,,,,"2,628 百万円",,
2024-08-01,銀行等保有株式取得機構,特殊法人・財団法人・その他団体・連合会,求人なし,東京都中央区新川2-28-1新川スクエア 4Ｆ,2002,理事長 半沢 淳一,,,,,,
2024-08-01,日本ルメンタム株式会社,その他,求人なし,神奈川県相模原市中央区小山4-1-55,2000,代表取締役 戸内 孝治,,,,200 百万円,,
2024-08-01,日本発条健康保険組合,特殊法人・財団法人・その他団体・連合会,求人なし,神奈川県横浜市金沢区福浦3-10,1959,,,,,,,
2024-08-01,公益財団法人九州運輸振興センター,特殊法人・財団法人・その他団体・連合会,求人なし,福岡県福岡市博多区博多駅東3-10-17陸運会館 3Ｆ,1981,代表理事 竹島 和幸,,,,,,
2024-08-01,荏原エリオットエネルギーホールディングス株式会社,その他,求人なし,千葉県袖ケ浦市中袖20-1,2002,代表取締役 宮木 貴延,,,,450 百万円,,
2024-08-01,一般社団法人日本テレワーク協会,特殊法人・財団法人・その他団体・連合会,求人なし,東京都千代田区神田神保町1-103東京パークタワー 2Ｆ,1993,会長 栗原 博,,,,,,
2024-08-01,株式会社ニットー,その他,求人なし,東京都荒川区西日暮里2-22-1ステーションプラザタワー 501,1999,代表取締役 吉成 高志,,,,15 百万円,,
2024-08-01,一般財団法人アジア太平洋研究所,特殊法人・財団法人・その他団体・連合会,求人なし,大阪府大阪市北区大深町3-1グランフロント大阪ナレッジキャピタルタワーＣ 7Ｆ,1964,代表理事 小浪 明,,,,,,
2024-08-01,株式会社栗菱コンピューターズ,その他,求人なし,大阪府大阪市中央区久太郎町2-5-28久太郎町恒和ビル 11Ｆ,1974,代表取締役 二木 伸郎,,,,80 百万円,,
2024-08-01,国立研究開発法人情報通信研究機構,特殊法人・財団法人・その他団体・連合会,無,東京都小金井市貫井北町4-2-1,2001,理事長 徳田 英幸,,,,"145,554 百万円",【国立研究開発法人情報通信研究機構（NICT）とは】情報通信分野を専門とする公的研究機関として、ICTの高度化による社会課題の解決や新たな価値の創造が使命。その実現のために、世界最先端技術の研究開発へチャレンジし、社会展開・実装に努めていきます。 2024年3月doda掲載求人より引用,
2024-08-01,東京管路総研株式会社,その他,求人なし,東京都三鷹市新川5-17-16ＴＫＳＢＩＬ,2003,代表取締役 佐藤 龍弥,,,,40 百万円,,
2024-08-01,警察共済組合,特殊法人・財団法人・その他団体・連合会,求人なし,東京都千代田区三番町6-8,1962,理事長 金髙 雅仁,,,,,,
2024-08-01,公益財団法人パナソニック教育財団,特殊法人・財団法人・その他団体・連合会,求人なし,東京都港区虎ノ門1-1-10第2ローレルビル 6Ｆ,1973,代表理事 小野 元之,,,,,,
2024-08-01,株式会社ジャパンエキスパートシステム,その他,求人なし,東京都港区南青山2-22-14フォンテ青山910,1987,代表取締役 中島 真成,,,,72 百万円,,
2024-08-01,一般財団法人東京都人材支援事業団,特殊法人・財団法人・その他団体・連合会,求人なし,東京都新宿区歌舞伎町2-44-1東京都健康プラザハイジア 12Ｆ,1989,代表理事 榎本 雅人,,,,,,
2024-08-01,株式会社オー・ティー・アイ,その他,求人なし,東京都江東区住吉1-16-13富士工第2ビル 5Ｆ,1979,代表取締役 荻原 勝,,,,63 百万円,,
2024-08-01,大阪府国民健康保険団体連合会,特殊法人・財団法人・その他団体・連合会,求人なし,大阪府大阪市中央区常盤町1-3-8中央大通ＦＮビル,1949,,,,,,,
2024-08-01,独立行政法人国立女性教育会館,特殊法人・財団法人・その他団体・連合会,求人なし,埼玉県比企郡嵐山町大字菅谷728,2001,理事長 内海 房子,,,,"3,615 百万円",,
2024-08-01,独立行政法人教職員支援機構,特殊法人・財団法人・その他団体・連合会,求人なし,茨城県つくば市立原3,2001,理事長 荒瀬 克己,,,,"3,891 百万円",,
2024-08-01,国立研究開発法人国際農林水産業研究センター,特殊法人・財団法人・その他団体・連合会,求人なし,茨城県つくば市大わし1-1,2001,理事長 小山 修,,,,"8,470 百万円",,
2024-08-01,国立研究開発法人農業・食品産業技術総合研究機構,特殊法人・財団法人・その他団体・連合会,求人なし,茨城県つくば市観音台3-1-1,2001,理事長 久間 和生,,,,"338,622 百万円",,
2024-08-01,独立行政法人製品評価技術基盤機構,特殊法人・財団法人・その他団体・連合会,求人なし,東京都渋谷区西原2-49-10,2001,理事長 長谷川 史彦,,,,"19,010 百万円",,
2024-08-01,国立研究開発法人国立環境研究所,特殊法人・財団法人・その他団体・連合会,求人なし,茨城県つくば市小野川16-2,2001,理事長 木本 昌秀,,,,"36,793 百万円",,
2024-08-01,独立行政法人北方領土問題対策協会,特殊法人・財団法人・その他団体・連合会,求人なし,東京都台東区北上野1-9-12住友不動産上野ビル 9Ｆ,2003,理事長 諸星 衛,,,,256 百万円,,
2024-08-01,預金保険機構,特殊法人・財団法人・その他団体・連合会,求人なし,東京都千代田区大手町1-9-2大手町フィナンシャルシティグランキューブ 13Ｆ,1971,理事長 三井 秀範,,,,"31,475 百万円",,
2024-08-01,独立行政法人空港周辺整備機構,特殊法人・財団法人・その他団体・連合会,求人なし,福岡県福岡市博多区博多駅東2-17-5ＡＲＫビル 9Ｆ,2003,理事長 今野 洋美,,,,400 百万円,,
2024-08-01,一般財団法人北海道電気保安協会,特殊法人・財団法人・その他団体・連合会,求人なし,北海道札幌市西区発寒六条12-6-11,1966,代表理事 富樫 泰治,,,,,,
2024-08-01,共和設計株式会社,その他,求人なし,長野県長野市差出南3-7-4,1971,代表取締役 桑村 浩匡,,,,39 百万円,,
2024-08-01,和歌山染工株式会社,その他,求人なし,和歌山県和歌山市納定32,1917,代表取締役 髙垣 博明,,,,50 百万円,,
2024-08-01,赤城酪農業協同組合連合会,その他,求人なし,群馬県前橋市二之宮町1448,1956,代表理事 小林 幹男,,,,77 百万円,,
2024-08-01,株式会社新生,その他,求人なし,長野県長野市大字南長野北石堂町1375,1968,代表取締役 久保田 純朗,,,,10 百万円,,
2024-08-01,赤塚株式会社,その他,求人なし,北海道札幌市中央区南十六条西11-2-20南16条ビル 1Ｆ,1956,代表取締役 赤塚 弘茂,,,,11 百万円,,
2024-08-01,株式会社長野フロー,その他,求人なし,長野県長野市若穂川田3800-3,1972,代表取締役 髙木 真,,,,30 百万円,,
2024-08-01,和歌山県農業協同組合連合会,特殊法人・財団法人・その他団体・連合会,求人なし,和歌山県和歌山市美園町5-1-1和歌山県ＪＡビル 3Ｆ,1948,代表理事 楠本 健次,,,,"4,774 百万円",,
2024-08-01,新設工業株式会社,その他,求人なし,長野県長野市青木島町綱島310,1976,代表取締役 工藤 英貴,,,,25 百万円,,
2024-08-01,東洋コーポレーション株式会社,その他,求人なし,福岡県北九州市門司区東港町6-10,1948,代表取締役 安永 大輔,,,,45 百万円,,
2024-08-01,橋本食品株式会社,その他,求人なし,福岡県北九州市門司区錦町6-21,1961,代表取締役 兒玉 斉,,,,10 百万円,,
2024-08-01,有限会社徳秀自動車商会,その他,求人なし,長野県長野市早苗町37,1964,代表取締役 徳永 洋一,,,,6 百万円,,
2024-08-01,協和自動車有限会社,その他,求人なし,群馬県前橋市三俣町2-1-3,1964,代表取締役 倉賀野 功,,,,8 百万円,,
2024-08-01,春風海運株式会社,その他,求人なし,福岡県北九州市門司区港町9-4Ｓ．ＳＢＬＤＧ 4Ｆ,1996,代表取締役 空 真一郎,,,,50 百万円,,
2024-08-01,群馬県酒造協同組合,特殊法人・財団法人・その他団体・連合会,求人なし,群馬県前橋市上長磯町300-1,1950,代表理事 吉田 幸雄,,,,21 百万円,,
2024-08-01,株式会社マスメン,その他,求人なし,和歌山県和歌山市新中通2-8,1951,代表取締役 増田 和則,,,,20 百万円,,
2024-08-01,医療法人福慈会,その他,求人なし,和歌山県和歌山市和歌浦東3-5-31,1976,理事長 福 昭人,,,,464 百万円,,
2024-08-01,群馬友好貿易株式会社,その他,求人なし,群馬県前橋市大友町1-2-15群馬友好貿易ビル,1967,代表取締役 布施 智博,,,,100 百万円,,
2024-08-01,株式会社大田商会,その他,求人なし,福岡県北九州市門司区浜町12-12大田ビル,1973,代表取締役社長 大田 圭彦,,,,15 百万円,,
2024-08-01,株式会社大室洗染所,その他,求人なし,北海道札幌市中央区大通西6-8,1958,代表取締役 大室 昭洋,,,,15 百万円,,
2024-08-01,株式会社中長商店,その他,求人なし,和歌山県和歌山市堀止東1-1-27,1934,代表取締役 中谷 友紀,,,,24 百万円,,
2024-08-01,株式会社建販,その他,求人なし,長野県長野市川中島町御厨652,1978,代表取締役 中村 周一,,,,49 百万円,,
2024-08-01,株式会社カワネン,その他,求人なし,長野県長野市稲里町下氷鉋499-3,1964,代表取締役 北澤 雅博,,,,11 百万円,,
2024-08-01,株式会社三協,その他,求人なし,福岡県北九州市門司区西海岸3-1-28,1965,代表取締役 小栁 繁正,,,,10 百万円,,
2024-08-01,ぎょれん販売株式会社,その他,求人なし,北海道札幌市中央区北十三条西19-37-6ぎょれんビル 5Ｆ,1967,代表取締役 平野 康隆,,,,50 百万円,,
2024-08-01,株式会社均善堂,その他,求人なし,和歌山県和歌山市紀三井寺854-16,1974,代表取締役 栗原 登,,,,10 百万円,,
2024-08-01,一鱗共同水産株式会社,その他,求人なし,北海道札幌市中央区北八条西20-1-20,1959,代表取締役 本間 隆,,,,48 百万円,,
2024-08-01,株式会社バンズ,その他,求人なし,群馬県前橋市小神明町741-2,1969,代表取締役 松田 大輔,,,,36 百万円,,
2024-08-01,第一建設株式会社,その他,求人なし,群馬県前橋市昭和町2-2-2第一ビル 1Ｆ,1968,代表取締役 中村 康行,,,,25 百万円,,
2024-08-01,株式会社工研機製作所,その他,求人なし,北海道札幌市中央区北一条東11-22石塚ビル,1967,代表取締役 石塚 泰生,,,,10 百万円,,
2024-08-01,和歌山県漁業協同組合連合会,特殊法人・財団法人・その他団体・連合会,求人なし,和歌山県和歌山市雑賀屋町東ノ丁30,1951,代表理事会長 木下 吉雄,,,,209 百万円,,
2024-08-01,中山運送株式会社,その他,求人なし,群馬県前橋市天川大島町1330,1956,代表取締役 中山 宏,,,,10 百万円,,
2024-08-01,株式会社公商,その他,求人なし,北海道札幌市中央区北四条西4-1加森ビル3－2Ｆ,1975,代表取締役 加森 久丈,,,,10 百万円,,
2024-08-01,村上機工株式会社,その他,求人なし,福岡県北九州市門司区丸山1-11-18,1961,代表取締役 前田 慶太,,,,10 百万円,,
2024-08-01,株式会社畑山製衡所,その他,求人なし,和歌山県和歌山市禰宜1361-1,1944,代表取締役 畑山 忠德,,,,50 百万円,,
2024-08-01,有限会社萩原製作所,その他,求人なし,群馬県前橋市上大島町115-15,1974,代表取締役 石川 樹理,,,,3 百万円,,
2024-08-01,久松商事株式会社,その他,求人なし,群馬県前橋市北代田町691,1957,代表取締役 久松 一夫,,,,20 百万円,,
2024-08-01,株式会社藤生製作所,その他,求人なし,群馬県前橋市鳥羽町126,1957,代表取締役 藤生 雅彦,,,,50 百万円,,
2024-08-01,株式会社まるいち,その他,求人なし,北海道札幌市中央区南一条西3-1丸一ビルヂングラ・ガレリア 5Ｆ,1950,代表取締役 斎藤 友子,,,,10 百万円,,
2024-08-01,札証物産株式会社,その他,求人なし,北海道札幌市中央区南七条西8-1-16,1965,代表取締役 秋田 雅幸,,,,70 百万円,,
2024-08-01,片桐石油株式会社,その他,求人なし,和歌山県和歌山市雑賀崎2017-5,1979,代表取締役 片桐 敬晃,,,,10 百万円,,
2024-08-01,根岸運送株式会社,その他,求人なし,和歌山県和歌山市土佐町1-20,1960,代表取締役 根岸 洋充,,,,10 百万円,,
2024-08-01,札幌交通機械株式会社,その他,求人なし,北海道札幌市東区北七条東17-16,1952,代表取締役社長 佐々木 康行,,,,66 百万円,,
2024-08-01,札幌市農業協同組合,特殊法人・財団法人・その他団体・連合会,求人なし,北海道札幌市中央区北十条西24-1-10,1968,代表理事 藤田 範彦,,,,"4,683 百万円",,
2024-08-01,三木理研工業株式会社,その他,求人なし,和歌山県和歌山市栄谷13-1,1967,代表取締役 三木 保典,,,,15 百万円,,
2024-08-01,アクアパイプテック株式会社,その他,求人なし,北海道札幌市白石区菊水七条2-7-1札幌流通倉庫東ビル 7Ｆ,1986,代表取締役 髙橋 敏之,,,,95 百万円,,
2024-08-01,昭和食品株式会社,その他,求人なし,福岡県北九州市門司区黄金町6-28,1974,代表取締役 黒田 裕一,,,,10 百万円,,
2024-08-01,株式会社イマナガ,その他,求人なし,福岡県北九州市門司区新門司3-38-2,1982,代表取締役 今永 良二,,,,50 百万円,,
2024-08-01,九州惣菜株式会社,その他,求人なし,福岡県北九州市門司区黄金町6-28,1969,代表取締役 吉田 英次,,,,10 百万円,,
2024-08-01,札幌臨床検査センター株式会社,その他,求人なし,北海道札幌市中央区北三条西18-2-2,1965,代表取締役社長 伊達 忠應,,,,983 百万円,,スタンダード
2024-08-01,ツバメ運送株式会社,その他,求人なし,福岡県北九州市戸畑区牧山海岸4-48,1958,代表取締役 福井 將大,,,,10 百万円,,
2024-08-01,三栄電機販売株式会社,その他,求人なし,北海道札幌市白石区菊水五条3-2-11,2002,代表取締役 木村 誠吾,,,,10 百万円,,
2024-08-01,エスエム鉄工有限会社,その他,求人なし,福岡県北九州市門司区白野江3-31-16,1979,代表取締役 藤本 健典,,,,10 百万円,,
2024-08-01,株式会社島屋,その他,求人なし,北海道札幌市中央区南三条西8-11島屋ビル 1Ｆ,1962,代表取締役 島崎 孝夫,,,,10 百万円,,
2024-08-01,新進冷凍株式会社,その他,求人なし,群馬県前橋市飯土井町1246,1916,代表取締役 籠島 紳介,,,,10 百万円,,
2024-08-01,伊藤建材工業有限会社,その他,求人なし,和歌山県和歌山市小倉494,1953,代表取締役 伊藤 文寿,,,,20 百万円,,
2024-08-01,ダンクセキ株式会社,その他,求人なし,長野県長野市大字柳原2550,1957,代表取締役 関 武士,,,,15 百万円,,
2024-08-01,一般財団法人雑賀技術研究所,特殊法人・財団法人・その他団体・連合会,求人なし,和歌山県和歌山市黒田2-1-20,1963,代表理事 雜賀 慶二,,,,,,
2024-08-01,株式会社ホクエイ,その他,求人なし,福岡県北九州市門司区奥田4-7-1,1954,代表取締役 守田 修志,,,,20 百万円,,
2024-08-01,カントウ農材株式会社,その他,求人なし,群馬県前橋市荒口町561-9,1975,代表取締役 鈴木 康徳,,,,20 百万円,,
2024-08-01,株式会社美整社,その他,求人なし,長野県長野市中御所3-9-14,1980,代表取締役 浦野 康子,,,,20 百万円,,
2024-08-01,第一電気工業株式会社,その他,無,北海道札幌市中央区南五条西14-2-2マーキュリー5 1Ｆ,1957,代表取締役 内海 みどり,,,,20 百万円,情報が古い可能性があります。最新の情報を確認する場合はHP等をご覧ください。 ■各種電気設備の設計、施工、品質管理 2021年12月doda掲載求人より引用,
2024-08-01,都食品株式会社,その他,求人なし,群馬県前橋市古市町228,1954,代表取締役 永崎 雅信,,,,20 百万円,,
2024-08-01,株式会社ワーナテック,その他,求人なし,群馬県前橋市大渡町2-1-9,1960,代表取締役 渡辺 孝,,,,20 百万円,,
2024-08-01,株式会社マインドシンセイ,家電 （商社）,求人なし,福岡県北九州市門司区鳴竹1-14-14,1989,代表取締役 宮田 親志,,,,10 百万円,,
2024-08-01,ヂーゼル精器工業株式会社,自動車部品メーカー,求人なし,北海道札幌市中央区北一条東7-1,1957,代表取締役 木村 一丸,,,,10 百万円,,
2024-08-01,株式会社有石,石油・資源,求人なし,和歌山県和歌山市北島394-2有石ビル 1Ｆ,1961,代表取締役 有田 真隆,,,,11 百万円,,
2024-08-01,司株式会社,その他,求人なし,北海道札幌市中央区南九条西10-1783-11,1959,代表取締役 塚本 恵美,,,,10 百万円,,
2024-08-01,株式会社ミヤガワ,その他,求人なし,長野県長野市大字栗田1196,1973,代表取締役 宮﨑 敦史,,,,30 百万円,,
2024-08-01,株式会社土肥商店,その他,無,北海道札幌市中央区南一条西4-4丁目プラザ 8Ｆ,1931,代表取締役 土肥 聡一,,,,10 百万円,,
2024-08-01,長野ピーエス株式会社,その他,求人なし,長野県長野市若里1-23-11,1979,代表取締役 平山 武久,,,,10 百万円,,
2024-08-01,道央青果協同組合,特殊法人・財団法人・その他団体・連合会,求人なし,北海道札幌市中央区北十二条西20-2-2,1962,代表理事 堀崎 幸博,,,,23 百万円,,
2024-08-01,菊川工業株式会社,その他,求人なし,群馬県前橋市表町2-22-20,1952,代表取締役 菊川 善明,,,,22 百万円,,
2024-08-01,群馬県信用保証協会,特殊法人・財団法人・その他団体・連合会,求人なし,群馬県前橋市大手町3-3-1群馬県中小企業会館 5Ｆ,1954,経営者 池田 秀廣,,,,"280,099 百万円",,
2024-08-01,和歌山大同青果株式会社,その他,求人なし,和歌山県和歌山市西浜1660-401,1973,代表取締役 中村 達,,,,90 百万円,,
2024-08-01,ワタビキミート株式会社,その他,求人なし,群馬県北群馬郡吉岡町大字大久保257-1,1962,代表取締役 綿引 貴,,,,20 百万円,,
2024-08-01,群馬中央酪農業協同組合,その他,求人なし,群馬県前橋市荻窪町354-5,1962,代表理事 品川 文隆,,,,44 百万円,,
2024-08-01,株式会社シマモト繊維,その他,求人なし,和歌山県和歌山市西浜1411,1969,代表取締役 嶋本 圭志,,,,10 百万円,,
2024-08-01,株式会社ケーアイ,その他,求人なし,長野県長野市稲田3-48-35,1984,代表取締役 森井 功,,,,3 百万円,,
2024-08-01,若井糧穀株式会社,その他,求人なし,群馬県前橋市上大島町182-54東工業団地内,1952,代表取締役 金子 泰彦,,,,75 百万円,,
2024-08-01,群馬県建設事業協同組合,特殊法人・財団法人・その他団体・連合会,求人なし,群馬県前橋市富田町587-1,1973,代表理事 青柳 剛,,,,226 百万円,,
2024-08-01,株式会社古川製作所,その他,求人なし,和歌山県和歌山市西653,1967,代表取締役 古川 晃秀,,,,10 百万円,,
2024-08-01,和歌山電工株式会社,その他,求人なし,和歌山県和歌山市本町9-23,1967,代表取締役 土橋 加代子,,,,10 百万円,,
2024-08-01,田鍋水産加工株式会社,その他,求人なし,福岡県北九州市門司区黄金町4-14,1983,代表取締役 田鍋 幸司,,,,10 百万円,,
2024-08-01,株式会社日商印刷,その他,求人なし,長野県長野市大橋南2-5-1,1985,代表取締役 基井 照明,,,,24 百万円,,
2024-08-01,ぐんま共済協同組合,特殊法人・財団法人・その他団体・連合会,求人なし,群馬県前橋市石倉町4-9-10ぐんま共済ビル,1969,代表理事 田部井 俊勝,,,,987 百万円,,
2024-08-01,一般財団法人同愛会,特殊法人・財団法人・その他団体・連合会,求人なし,群馬県前橋市昭和町3-39-15群馬大学付属病院,1945,代表理事 白倉 賢二,,,,,,
2024-08-01,有限会社前橋奈良フアニチヤー,その他,求人なし,群馬県前橋市飯土井町692-2,1972,代表取締役 奈良 利夫,,,,4 百万円,,
2024-08-01,株式会社寳龍,その他,求人なし,北海道札幌市中央区南六条西3,1968,代表取締役 伊藤 信幸,,,,10 百万円,,
2024-08-01,株式会社野原商会,その他,無,福岡県北九州市門司区新門司3-25,1979,代表取締役 野原 和彦,,,,33 百万円,産業廃棄物処理業（収集運搬・処分）特別管理産業廃棄物処理業（収集運搬・処分）一般廃棄物処理業（収集運搬・処分）一般貨物自動車運送事業 プラ・非鉄金属買付・販売 2023年12月doda掲載求人より引用,
2024-08-01,北土設備株式会社,その他,求人なし,北海道札幌市中央区南十条西14-1-18,1973,代表取締役 砂田 美喜雄,,,,15 百万円,,
2024-08-01,星野水産株式会社,その他,求人なし,北海道札幌市中央区北七条西17-3,1968,代表取締役 星野 哲也,,,,45 百万円,,
2024-08-01,有限会社新栄無線,その他,求人なし,福岡県北九州市門司区原町別院17-1,1979,代表取締役 稲垣 美恵子,,,,3 百万円,,
2024-08-01,昭和金属株式会社,その他,求人なし,群馬県前橋市上大島町505-6,1983,代表取締役 江原 謙治,,,,30 百万円,,
2024-08-01,北海道学校生活協同組合,特殊法人・財団法人・その他団体・連合会,求人なし,北海道札幌市中央区南三条西12-1293（財）北海道教育会館 1Ｆ,1957,代表理事 木下 真一,,,,75 百万円,,
2024-08-01,北海道勤労者住宅生活協同組合,特殊法人・財団法人・その他団体・連合会,求人なし,北海道札幌市中央区北四条東2-7-6,1961,代表理事 小関 顕太郎,,,,163 百万円,,
2024-08-01,綜建産業株式会社,その他,無,群馬県前橋市清野町160-3,1979,代表取締役 萩原 洋平,,,,10 百万円,建築、土木用仮設資材の設計・製作・販売・レンタル□国内に本社含め4拠点、関連会社1拠点□海外に関連会社3拠点 2023年9月doda掲載求人より引用,
2024-08-01,一般財団法人北海道住宅協会,特殊法人・財団法人・その他団体・連合会,求人なし,北海道札幌市中央区北三条西7-1緑苑ビル 2Ｆ,1966,代表理事 貝田 保史,,,,,,
2024-08-01,株式会社興和製作所,その他,求人なし,和歌山県和歌山市福島618-6,1961,代表取締役 松場 崇晃,,,,10 百万円,,
2024-08-01,北海道チクレン農業協同組合連合会,特殊法人・財団法人・その他団体・連合会,求人なし,北海道札幌市厚別区厚別東五条1-2-29,1974,代表理事 貞廣 修,,,,490 百万円,,
2024-08-01,太平フーズ株式会社,その他,求人なし,群馬県前橋市朝倉町542-1,1975,代表取締役 井田 純一郎,,,,20 百万円,,
2024-08-01,北海道農産物集荷協同組合,特殊法人・財団法人・その他団体・連合会,求人なし,北海道札幌市中央区北四条西4-1札幌国際ビルディング 7Ｆ,1954,代表理事 髙井 博美,,,,84 百万円,,
2024-08-01,北海道ロードメンテナンス株式会社,その他,無,北海道札幌市中央区北一条東12-22,1970,代表取締役 大野 末治,,,,30 百万円,情報が古い可能性があります。最新の情報を確認する場合はHP等をご覧ください。 ■一般土木工事一式■道路の維持管理■道路排水施設清掃工■下水道施設の維持管理(清掃、TVカメラ調査、管更生、部分補修)■産業廃棄物処理業・収集運搬 2023年3月doda掲載求人より引用,
2024-08-01,株式会社丸誠本田誠一商店,その他,求人なし,北海道札幌市中央区北十二条西20-2-2,1965,代表取締役 本田 仁,,,,10 百万円,,
2024-08-01,群馬県中央生コンクリート協同組合,その他,求人なし,群馬県前橋市西片貝町5-15-1,1970,代表理事 髙木 康夫,,,,231 百万円,,
2024-08-01,株式会社信州青果流通,その他,求人なし,長野県長野市市場3-22青果仲卸売棟 12,1988,代表取締役 米望 忠雄,,,,15 百万円,,
2024-08-01,有限会社丸三商店,その他,求人なし,和歌山県和歌山市美園町4-30-4,1954,代表取締役 赤井 康造,,,,3 百万円,,
2024-08-01,株式会社和歌山一誠工作所,その他,求人なし,和歌山県和歌山市松島243-3,1969,代表取締役 大久保 利三郎,,,,10 百万円,,
2024-08-01,医療法人愛和会,その他,求人なし,長野県長野市大字鶴賀1042,1989,理事長 山田 祐司,,,,"1,305 百万円",,
2024-08-01,医療法人中沢会,特殊法人・財団法人・その他団体・連合会,求人なし,群馬県前橋市下大島町596-1,1984,理事長 服部 真弓,,,,"3,066 百万円",,
2024-08-01,美松企業株式会社,その他,求人なし,北海道札幌市中央区南三条西5-15,1964,代表取締役 中村 英喜,,,,10 百万円,,
2024-08-01,新和通信建設株式会社,その他,求人なし,長野県長野市川中島町原156-4,1982,代表取締役 牧 秀人,,,,10 百万円,,
2024-08-01,セイカ株式会社,その他,求人なし,和歌山県和歌山市南汀丁8,1973,代表取締役 竹田 純久,,,,80 百万円,,
2024-08-01,長野医療生活協同組合,特殊法人・財団法人・その他団体・連合会,求人なし,長野県長野市大字鶴賀西鶴賀町1570,1966,代表理事 菅田 敏夫,,,,"1,530 百万円",,
2024-08-01,株式会社平田商会,その他,求人なし,群馬県前橋市小相木町552-1,1980,代表取締役 平田 典之,,,,25 百万円,,
2024-08-01,池田鉄工株式会社,その他,求人なし,和歌山県和歌山市北牛町11,1960,代表取締役 池田 慶憲,,,,21 百万円,,
2024-08-01,日扇運輸機工株式会社,その他,求人なし,福岡県北九州市若松区南二島2-17-28,1971,代表取締役 中川 憲治,,,,24 百万円,,
2024-08-01,株式会社横山造園,その他,求人なし,北海道札幌市西区発寒六条5-5-3,1960,代表取締役 小華和 坦,,,,30 百万円,,
2024-08-01,株式会社峯,その他,求人なし,和歌山県和歌山市粟24-7,1962,代表取締役 田中 久美,,,,10 百万円,,
2024-08-01,花田工業株式会社,その他,求人なし,福岡県北九州市若松区北浜1-6-2,1956,代表取締役 大池 芳幸,,,,60 百万円,,
2024-08-01,有限会社栄峰,その他,求人なし,長野県長野市大字高田397丸泉ビル,1993,取締役 中澤 利昭,,,,3 百万円,,
2024-08-01,株式会社コヤマ,その他,求人なし,長野県長野市真島町真島202,1986,代表取締役 小山 和代,,,,10 百万円,,
2024-08-01,株式会社白新,その他,求人なし,東京都江東区千田9-10小林ビル4Ｆ,1981,代表取締役 佐藤 一男,,,,10 百万円,,
2024-08-01,株式会社吉田精工所,その他,求人なし,福岡県北九州市若松区南二島2-25-15,1958,代表取締役 吉田 麻子,,,,10 百万円,,
2024-08-01,大東工業株式会社,その他,求人なし,北海道札幌市中央区北四条西27-1-5,1961,代表取締役 飯島 裕幸,,,,50 百万円,,
2024-08-01,中野電話工業株式会社,その他,求人なし,福岡県北九州市若松区波打町6-23,1962,代表取締役 中野 浩一,,,,10 百万円,,
2024-08-01,有限会社みかづき店舗設計事務所,その他,求人なし,群馬県前橋市上小出町2-3-8,1978,代表取締役 宮﨑 哲也,,,,3 百万円,,
2024-08-01,ＮＸ蔦井倉庫株式会社,その他,求人なし,北海道札幌市西区二十四軒三条1-2-54,1957,代表取締役 坂野 奨,,,,100 百万円,,
2024-08-01,株式会社サンニード,その他,求人なし,和歌山県和歌山市岩橋167-1,1978,代表取締役 橋詰 博規,,,,20 百万円,,
2024-08-01,平川工業株式会社,その他,求人なし,福岡県北九州市若松区藤ノ木3-4-22,1962,代表取締役 大和 一郎,,,,16 百万円,,
2024-08-01,株式会社ワカヤマアスレティックス,スポーツ・ヘルス関連施設,求人なし,和歌山県和歌山市太田4-3-5川端ビル22号,1978,代表取締役 下林 正大,,,,40 百万円,,
2024-08-01,吉田興産株式会社,石油・資源,求人なし,長野県長野市若里5-16-8,1955,代表取締役 北川 正一,,,,15 百万円,,
2024-08-01,長野県味噌工業協同組合連合会,特殊法人・財団法人・その他団体・連合会,求人なし,長野県長野市若里1-1-2,1950,代表理事 青木 時男,,,,79 百万円,,
2024-08-01,一般社団法人長野県観光機構,特殊法人・財団法人・その他団体・連合会,求人なし,長野県長野市大字中御所岡田町131-4ホテル信濃路 3Ｆ,1960,代表理事 野原 莞爾,,,,,,
2024-08-01,株式会社コウサカ,その他,求人なし,長野県長野市アークス2-8,1950,代表取締役 髙坂 昌子,,,,30 百万円,,
2024-08-01,みすずホールディングス株式会社,その他,求人なし,長野県長野市若宮1-2-1,1947,代表取締役 塚田 裕一,,,,10 百万円,,
2024-08-01,村田自動車株式会社,その他,求人なし,長野県長野市中御所4-10-3,1954,代表取締役 村田 秀雄,,,,38 百万円,,
2024-08-01,北商株式会社,その他,求人なし,福岡県北九州市若松区南二島2-17-5,1961,代表取締役 掛田 哲寛,,,,16 百万円,,
2024-08-01,医療法人仁友会,その他,求人なし,北海道札幌市中央区南一条西4-13日之出ビル,1964,理事長 森 憲弥,,,,"2,668 百万円",,
2024-08-01,三元社印刷株式会社,その他,求人なし,北海道札幌市中央区北一条東12-22,1965,代表取締役 中山 正市,,,,20 百万円,,
2024-08-01,北海道信用漁業協同組合連合会,その他,求人なし,北海道札幌市中央区北三条西7-1,1949,代表理事 深山 和彦,,,,"8,839 百万円",,
2024-08-01,武産業株式会社,その他,求人なし,長野県長野市川中島町原414,1960,代表取締役 武 邦彦,,,,30 百万円,,
2024-08-01,株式会社山本建設,その他,求人なし,福岡県北九州市若松区南二島2-17-1,1970,代表取締役 山本 啓之,,,,50 百万円,,
2024-08-01,株式会社茨良商店,その他,求人なし,和歌山県和歌山市西浜1660-401,1965,代表取締役 田邊 久人,,,,10 百万円,,
2024-08-01,株式会社キューセキ,その他,求人なし,福岡県北九州市若松区南二島2-6-12,1970,代表取締役 山下 拓郎,,,,10 百万円,,
2024-08-01,紀伊興業株式会社,その他,求人なし,和歌山県和歌山市西庄774-18,1964,代表取締役 伊藤 智子,,,,24 百万円,,
2024-08-01,株式会社小林製作所,その他,求人なし,長野県長野市大字石渡110,1960,代表取締役 小林 久数,,,,40 百万円,,
2024-08-01,矢木コーポレーション株式会社,その他,無,長野県長野市真島町川合2036,1966,代表取締役 矢木 健一,,,,50 百万円,■景観ブランド（景観製品・景観資材）の開発・販売■交通安全施設用品や関連製品の設置工事を主に、土木工事／鋼構造物工事／舗装工事／塗装工事／造園工事／電気工事／電気通信工事など様々な工事の施工及び施工管理■交通安全施設用品や電気・電気通信製品・建設資材等の営業及び販売■標識の製造及び販売 2023年9月doda掲載求人より引用,
2024-08-01,株式会社電弘,その他,求人なし,長野県長野市大字高田431-1,1963,代表取締役社長 小坂 禎二,,,,50 百万円,,
2024-08-01,日金産業株式会社,その他,求人なし,福岡県北九州市八幡西区築地町9-24,1975,代表取締役 西島 智和,,,,10 百万円,,
2024-08-01,有限会社タツオホラヤ,その他,求人なし,福岡県北九州市若松区本町2-7-19,1977,代表取締役 洞 圭祐,,,,15 百万円,,
2024-08-01,上高井土建株式会社,その他,求人なし,群馬県前橋市上新田町586-1,1967,代表取締役 佐藤 昌利,,,,20 百万円,,
2024-08-01,医療法人公生会,特殊法人・財団法人・その他団体・連合会,求人なし,長野県長野市大字鶴賀田町2099,1960,理事長 竹重 王仁,,,,14 百万円,,
2024-08-01,株式会社シモダ設備工業,その他,求人なし,群馬県前橋市天川大島町3-57-13,1991,代表取締役 下田 雅史,,,,10 百万円,,
2024-08-01,株式会社インテリアゴトウ,その他,求人なし,群馬県前橋市西片貝町3-31,1973,代表取締役 後藤 寛之,,,,20 百万円,,
2024-08-01,株式会社アドバンティク・レヒュース,その他,求人なし,群馬県前橋市泉沢町1250-16泉沢工業団地内,1984,代表取締役 松本 清,,,,13 百万円,,
2024-08-01,株式会社和伸,その他,求人なし,和歌山県和歌山市加納町10遊技会館 2Ｆ,1983,代表取締役 安藤 雄司,,,,45 百万円,,
2024-08-01,平山スチール工業株式会社,その他,求人なし,長野県長野市篠ノ井岡田490,1970,代表取締役 平山 和成,,,,10 百万円,,
2024-08-01,エスアイ技研株式会社,その他,求人なし,福岡県北九州市若松区南二島2-3-23,1976,代表取締役 石津 朗,,,,10 百万円,,
2024-08-01,丸正鋼材株式会社,その他,求人なし,福岡県北九州市若松区南二島2-2-22,1981,代表取締役 樫本 遵人,,,,30 百万円,,
2024-08-01,岡澤建設株式会社,その他,求人なし,長野県長野市中御所4-7-2,1956,代表取締役 岡澤 元夫,,,,25 百万円,,
2024-08-01,協立工業株式会社,その他,求人なし,長野県長野市川中島町御厨1069,1962,代表取締役 菊嶋 秀生,,,,10 百万円,,
2024-08-01,株式会社ＦＫＢ,その他,求人なし,福岡県遠賀郡岡垣町公園通り1-1-21,1985,代表取締役 林 宗一,,,,20 百万円,,
2024-08-01,社会医療法人鳩仁会,その他,求人なし,北海道札幌市中央区南九条西10-1-50,1979,理事長 荒木 英司,,,,352 百万円,,
2024-08-01,株式会社ロイヤルホームズ,その他,求人なし,和歌山県和歌山市中之島356-21,1990,代表取締役社長 深海 利彦,,,,60 百万円,,
2024-08-01,北海道火災共済協同組合,特殊法人・財団法人・その他団体・連合会,求人なし,北海道札幌市中央区北一条西7-1-1プレスト1・7北海道中小企業会館 5Ｆ,1952,代表理事 小林 一清,,,,53 百万円,,
2024-08-01,株式会社西日本メタル,その他,求人なし,福岡県北九州市若松区南二島2-15-25,1981,代表取締役 井上 政治,,,,50 百万円,,
2024-08-01,株式会社長野土建,その他,求人なし,長野県長野市南千歳1-15-8正和ビル 5Ｆ,1919,代表取締役 浜田 雅子,,,,10 百万円,,
2024-08-01,医療法人前橋北病院,特殊法人・財団法人・その他団体・連合会,求人なし,群馬県前橋市下細井町692,2001,理事長 德島 眞彦,,,,115 百万円,,
2024-08-01,ミドリ安全群馬株式会社,その他,求人なし,群馬県前橋市西片貝町4-16-17,1988,代表取締役 大竹 寛,,,,10 百万円,,
2024-08-01,長野県信用農業協同組合連合会,特殊法人・財団法人・その他団体・連合会,求人なし,長野県長野市大字南長野北石堂町1177-3,1948,会長 伊藤 茂,,,,"42,809 百万円",,
2024-08-01,株式会社岡田鋼材,その他,求人なし,福岡県北九州市若松区響町1-87-7,1991,代表取締役 岡田 憲昌,,,,20 百万円,,
2024-08-01,三和金属株式会社,その他,無,福岡県北九州市若松区南二島2-13-3,1994,代表取締役 大和 千春,,,,20 百万円,■鋼板販売（板厚：0.27～6.0、熱延鋼板、酸洗鋼板、冷延鋼板、表面処理鋼板 ほか）■鋼板および型鋼の加工（切断、プレス、曲げ、溶接・組立） 2023年12月doda掲載求人より引用,
2024-08-01,大晶建設株式会社,その他,求人なし,和歌山県和歌山市加太839-5,1984,代表取締役 亀山 理男,,,,20 百万円,,
2024-08-01,空調機器管理株式会社,その他,求人なし,北海道札幌市中央区南十四条西15-2-2,1974,代表取締役 枡澤 英生,,,,10 百万円,,
2024-08-01,九州物流株式会社,その他,求人なし,福岡県北九州市若松区響町1-44-3,1982,代表取締役 平山 敏史,,,,20 百万円,,
2024-08-01,長野自動車部品株式会社,その他,求人なし,長野県長野市大字東和田898-2,1953,代表取締役 久保田 大輔,,,,10 百万円,,
2024-08-01,株式会社九清,その他,求人なし,福岡県北九州市若松区響町1-90-3,1984,代表取締役 城間 秀男,,,,10 百万円,,
2024-08-01,前橋市農業協同組合,特殊法人・財団法人・その他団体・連合会,求人なし,群馬県前橋市富田町2400-1,1993,代表理事 大塚 隆夫,,,,"4,096 百万円",,
2024-08-01,株式会社レンタコム北海道,その他,求人なし,北海道札幌市中央区南一条東7-2-4カタギリ・コーポレーションビル,1980,代表取締役 片桐 大,,,,30 百万円,,
2024-08-01,伸高設備工業株式会社,その他,求人なし,群馬県前橋市西片貝町5-13-10,1968,代表取締役 品川 諭,,,,20 百万円,,
2024-08-01,株式会社道新アクセス,その他,求人なし,北海道札幌市中央区大通西3-6道新ビル北1条館 9Ｆ,1978,代表取締役 南部 謙治,,,,20 百万円,,
2024-08-01,長野県厚生農業協同組合連合会,特殊法人・財団法人・その他団体・連合会,求人なし,長野県長野市大字南長野北石堂町1177-3ＪＡ長野県ビル 10Ｆ,1950,代表理事 理事長 洞 和彦,,,,"9,412 百万円",,
2024-08-01,長野リネンサプライ株式会社,その他,求人なし,長野県長野市若里6-6-32,1963,代表取締役 德武好春,,,,48 百万円,,
2024-08-01,空環システム株式会社,その他,求人なし,群馬県前橋市五代町1305-1,1982,代表取締役 川口 武志,,,,10 百万円,,
2024-08-01,三葉機械リース株式会社,その他,求人なし,長野県長野市青木島町大塚225-6,1971,代表取締役 竹内 公一,,,,36 百万円,,
2024-08-01,株式会社サツキャリ,その他,求人なし,北海道札幌市中央区南一条西1-8-2高桑ビル 8Ｆ,1979,代表取締役社長 重松 雄太,,,,10 百万円,,
2024-08-01,有限会社浅野自動車,その他,求人なし,群馬県前橋市上泉町2881-14,1964,代表取締役 浅野 健,,,,5 百万円,,
2024-08-01,株式会社長野中央園芸市場,その他,求人なし,長野県長野市西和田1-29-40,1962,代表取締役 高地 敏子,,,,96 百万円,,
2024-08-01,有限会社若松自動車,その他,求人なし,福岡県北九州市若松区童子丸1-4-8,1986,代表取締役 堀井 愛彦,,,,5 百万円,,
2024-08-01,株式会社ミノスケ,その他,求人なし,和歌山県和歌山市小雑賀614,1991,代表取締役 西村 昌記,,,,10 百万円,,
2024-08-01,株式会社拓研,その他,求人なし,北海道札幌市中央区北七条西18-2-2,1972,代表取締役 斉藤 康介,,,,20 百万円,,
2024-08-01,株式会社北海道車屋,その他,求人なし,北海道札幌市中央区北四条東2-8-6,1973,代表取締役 伊藤 親厚,,,,50 百万円,,
2024-08-01,株式会社八木原住建,その他,求人なし,群馬県高崎市浜尻町456-5,1992,代表取締役 八木原 広一,,,,10 百万円,,
2024-08-01,医療法人積心会,その他,求人なし,群馬県前橋市朝日町4-17-1,1987,理事長 富澤 政信,,,,"1,322 百万円",,
2024-08-01,わかやま農業協同組合,その他,求人なし,和歌山県和歌山市栗栖642,1993,代表理事組合長 坂東 紀好,,,,"3,723 百万円",,
2024-08-01,株式会社三建興産,その他,求人なし,和歌山県和歌山市湊4-2-31,1973,代表取締役 外濵隆司,,,,10 百万円,,
2024-08-01,長野陸送株式会社,その他,求人なし,長野県長野市大字稲葉日詰1401,1952,代表取締役 鷲澤 幸一,,,,18 百万円,,
2024-08-01,株式会社リサイクルテック,その他,求人なし,福岡県北九州市八幡西区黒崎3-9-22,1998,代表取締役 橋口 正,,,,30 百万円,,
2024-08-01,有限会社駒阪工作所,その他,求人なし,和歌山県和歌山市北島47-1,1962,代表取締役 駒阪 文寿,,,,3 百万円,,
2024-08-01,株式会社篠田工務店,その他,求人なし,群馬県前橋市六供町5-1-2,1990,代表取締役 飯村 真樹,,,,24 百万円,,
2024-08-01,株式会社柏与ビジネスセンター,その他,求人なし,長野県長野市大字長野大門町532,1952,代表取締役 清水 光朗,,,,10 百万円,,
2024-08-01,株式会社アジャスト,その他,求人なし,東京都中央区銀座1-22-11銀座大竹ビジデンス 2Ｆ,1986,代表取締役社長 鳴島 修造,,,,24 百万円,,
2024-08-01,株式会社エスビジョングループ,その他,無,和歌山県和歌山市黒田1-2-21,1983,代表取締役 山下 幸男,,,,10 百万円,,
2024-08-01,株式会社長野自動車センター,その他,求人なし,長野県長野市中御所4-4-13,1960,代表取締役 毛涯 克洋,,,,21 百万円,,
2024-08-01,株式会社エフテックス,その他,求人なし,福岡県北九州市若松区響町1-85-5,1976,代表取締役 茂刈 圭一郎,,,,21 百万円,,
2024-08-01,ロイヤルフード協業組合,その他,求人なし,和歌山県和歌山市鳴神344-1,1993,代表理事 前田 秀樹,,,,20 百万円,,
2024-08-01,アマダ建設株式会社,その他,求人なし,群馬県前橋市天川大島町86-1,1978,代表取締役 天田 毅,,,,15 百万円,,
2024-08-01,大浦建設株式会社,その他,求人なし,和歌山県和歌山市宇田森296-1,1990,代表取締役 大浦 正嗣,,,,40 百万円,,
2024-08-01,北九州グリーン清掃株式会社,その他,求人なし,福岡県北九州市若松区響町1-50,1971,代表取締役 吉村 有希,,,,10 百万円,,
2024-08-01,西日本家電リサイクル株式会社,その他,求人なし,福岡県北九州市若松区響町1-62北九州市エコタウン総合環境コンビナート内,1998,代表取締役 二見 賢一,,,,400 百万円,,
2024-08-01,株式会社ジェイ・リライツ,その他,求人なし,福岡県北九州市若松区響町1-62-17,2000,代表取締役 中西 智彦,,,,100 百万円,,
2024-08-01,永井総業株式会社,その他,求人なし,群馬県前橋市川原町1-47-17,1993,代表取締役 永井 悦晴,,,,21 百万円,,
2024-08-01,北州産業株式会社,その他,求人なし,福岡県北九州市戸畑区浅生2-11-3,1972,代表取締役 堀口 司,,,,10 百万円,,
2024-08-01,柏水工技研株式会社,その他,求人なし,群馬県前橋市下沖町292,1977,代表取締役 千木良 一郎,,,,10 百万円,,
2024-08-01,グリーン長野農業協同組合,特殊法人・財団法人・その他団体・連合会,求人なし,長野県長野市篠ノ井布施高田961-2,1994,代表理事 神農 佳人,,,,"3,627 百万円",,
2024-08-01,札幌ばんけい株式会社,その他,求人なし,北海道札幌市中央区盤渓410,1981,代表取締役 井上 浩勝,,,,68 百万円,,
2024-08-01,戸畑タクシー株式会社,その他,求人なし,福岡県北九州市戸畑区新池3-2-21,1950,代表取締役 末松 祥典,,,,10 百万円,,
2024-08-01,株式会社タウンエクステリア,その他,求人なし,長野県長野市稲里町中央3-18-3,1995,代表取締役 松本 正,,,,10 百万円,,
2024-08-01,大和電気株式会社,その他,求人なし,福岡県北九州市戸畑区沖台2-8-11,1954,代表取締役 上野 隆一,,,,10 百万円,,
2024-08-01,株式会社沿海調査エンジニアリング,その他,求人なし,北海道札幌市中央区北九条西18-35-89,1978,代表取締役 大塚 英治,,,,10 百万円,,
2024-08-01,有限会社アール・イー・ビー,その他,求人なし,群馬県前橋市表町2-25-15,1990,代表取締役社長 加藤 春枝,,,,10 百万円,,
2024-08-01,有限会社青柳管工土木,その他,求人なし,群馬県前橋市東片貝町209-1,1982,,,,,3 百万円,,
2024-08-01,ＪＲＣロジスティクスサービス株式会社,その他,求人なし,長野県長野市稲里町下氷鉋1163,1968,代表取締役 北島 芳朋,,,,40 百万円,,
2024-08-01,株式会社タモン,その他,無,長野県長野市篠ノ井二ツ柳2183,1991,代表取締役 藤井 泰志,,,,10 百万円,情報が古い可能性があります。最新の情報を確認する場合はHP等をご覧ください。 ■健康食品などの製造、販売、卸売■公式ネットショップの運営公式ネットショップ（http://tamons.jp/）では、サプリやお茶、青汁などの健康を気遣う方向けの各種商品や、お肌に優しい安全・安心のスキンケア用品など、多彩な商品ラインナップをご覧いただけます。 2023年5月doda掲載求人より引用,
2024-08-01,株式会社安全モータース,その他,求人なし,福岡県北九州市戸畑区福柳木1-11-27,1959,代表取締役 奈賀 幾次郎,,,,10 百万円,,
2024-08-01,株式会社イーストン,その他,無,北海道札幌市北区北十二条西3-2-13,1971,代表取締役 大山 泰正,,,,48 百万円,,
2024-08-01,菊水ペイント有限会社,その他,求人なし,群馬県前橋市天川大島町1-33-8,1968,代表取締役 関口 修央,,,,3 百万円,,
2024-08-01,株式会社コスモ電設,その他,求人なし,長野県長野市大字南長池792-16,1989,代表取締役 伊藤 善宣,,,,20 百万円,,
2024-08-01,北海道メデイカルサービス株式会社,その他,求人なし,北海道札幌市中央区南一条西4-20,1986,代表取締役 堂守 貴志,,,,10 百万円,,
2024-08-01,豊内産業株式会社,その他,求人なし,福岡県北九州市戸畑区牧山海岸4-33,1973,代表取締役 上園 清治,,,,20 百万円,,
2024-08-01,公益財団法人群馬県農業公社,特殊法人・財団法人・その他団体・連合会,求人なし,群馬県前橋市総社町総社2326-2群馬県蚕糸技術センター,1970,代表理事 武藤 敏行,,,,,,
2024-08-01,株式会社不動商会,その他,求人なし,福岡県北九州市戸畑区東大谷2-9-25,1967,代表取締役 井内 秀夫,,,,20 百万円,,
2024-08-01,株式会社おらが園,その他,求人なし,長野県長野市上松2-25-5,1958,代表取締役 岩井 勇樹,,,,28 百万円,,
2024-08-01,株式会社大興設備工業,その他,求人なし,福岡県北九州市戸畑区夜宮3-4-22,1971,代表取締役 大江 修,,,,25 百万円,,
2024-08-01,芝入印刷株式会社,その他,求人なし,群馬県前橋市光が丘町4-20,1991,代表取締役 芝入 富士夫,,,,10 百万円,,
2024-08-01,有限会社長崎築炉,その他,求人なし,福岡県北九州市八幡西区竹末1-22-13,1971,代表取締役 髙田 雅彦,,,,8 百万円,,
2024-08-01,旭技販株式会社,その他,求人なし,長野県長野市若穂綿内8114-2,1995,代表取締役 坂田 秀一,,,,25 百万円,,
2024-08-01,株式会社すいらん,その他,求人なし,群馬県前橋市文京町1-47-1,1978,代表取締役 梅津 宏規,,,,10 百万円,,
2024-08-01,株式会社伊藤油化工業所,その他,求人なし,福岡県北九州市戸畑区沢見1-8-26,1979,代表取締役 伊藤 知子,,,,10 百万円,,
2024-08-01,有限会社久留主溶接工業所,その他,求人なし,福岡県北九州市若松区浜町2-4-21,1988,代表取締役 久留 主孝,,,,5 百万円,,
2024-08-01,株式会社シノダ建工,その他,求人なし,福岡県北九州市戸畑区西大谷2-9-20,1982,代表取締役 篠田 孝一,,,,20 百万円,,
2024-08-01,互協産業株式会社,その他,求人なし,福岡県北九州市戸畑区牧山新町5-40,1971,代表取締役 山田 敬,,,,10 百万円,,
2024-08-01,株式会社エム・エス・ピー,その他,求人なし,長野県長野市吉田3-22-1ながの東急ライフ 3Ｆ,1954,代表取締役 高野 裕也,,,,10 百万円,,
2024-08-01,株式会社北九州ニッスイ,その他,求人なし,福岡県北九州市戸畑区銀座2-9-9,1991,代表取締役 山本 宏樹,,,,98 百万円,,
2024-08-01,株式会社長野協同サービス,その他,求人なし,長野県長野市大字南長野北石堂町1198-15長野県信連山王ビル 1Ｆ,1991,代表取締役 寺島 孝幸,,,,30 百万円,,
2024-08-01,株式会社カンディハウス札幌,その他,求人なし,北海道札幌市中央区双子山4-1-10,1988,代表取締役 山木 さとみ,,,,33 百万円,,
2024-08-01,一般社団法人札幌観光協会,特殊法人・財団法人・その他団体・連合会,求人なし,北海道札幌市中央区北一条西2-2,1973,代表理事 長野 実,,,,,,
2024-08-01,南機工有限会社,その他,求人なし,和歌山県和歌山市野崎75,1973,代表取締役 南 紀人,,,,3 百万円,,
2024-08-01,前橋トラック事業協同組合,その他,求人なし,群馬県前橋市力丸町470-1,1967,代表理事 渡邉 忠司,,,,90 百万円,,
2024-08-01,株式会社ベン,その他,求人なし,北海道札幌市中央区北五条西26-1-5,1989,代表取締役 高橋 博子,,,,20 百万円,,
2024-08-01,有限会社荒古運送店,その他,求人なし,和歌山県和歌山市松江北7-11-14,1960,代表取締役 札谷 進,,,,3 百万円,,
2024-08-01,中村建設株式会社,その他,求人なし,福岡県北九州市戸畑区天神1-6-12,1986,代表取締役 中村 健児,,,,15 百万円,,
2024-08-01,有限会社ディック商会,その他,求人なし,長野県長野市小島田町1-8,1992,,,,,5 百万円,,
2024-08-01,株式会社ケンビ,その他,求人なし,福岡県北九州市戸畑区沖台1-3-8,1969,代表取締役 木山 宏志,,,,10 百万円,,
2024-08-01,株式会社海洋化研,その他,求人なし,北海道札幌市中央区南一条西12,1976,代表取締役 山﨑 昭,,,,10 百万円,,
2024-08-01,有限会社拓進工業,その他,求人なし,福岡県北九州市戸畑区中原西3-12-24,1972,代表取締役 志波 孝彦,,,,5 百万円,,
2024-08-01,丸共農産商事株式会社,その他,求人なし,北海道札幌市中央区北十二条西20-2-2,1962,代表取締役 乾 俊史,,,,10 百万円,,
2024-08-01,ニッスイマリン工業株式会社,その他,求人なし,福岡県北九州市戸畑区銀座2-6-27日本水産（株）戸畑ビル,1996,代表取締役 福田 智,,,,50 百万円,,
2024-08-01,株式会社ワタナベガラス,その他,求人なし,北海道札幌市白石区中央三条3-1-39,1967,代表取締役 小林 善人,,,,10 百万円,,
2024-08-01,ナカジマ住総株式会社,その他,求人なし,群馬県前橋市下細井町245-4,1990,代表取締役 中嶋 富昭,,,,10 百万円,,
2024-08-01,有限会社砂山エキスプレス,その他,求人なし,福岡県北九州市小倉北区西港町94-4,1997,代表取締役 砂山 守,,,,3 百万円,,
2024-08-01,株式会社エム・ピー,その他,求人なし,北海道札幌市白石区本通4-南2-6,1985,代表取締役 不破 直継,,,,10 百万円,,
2024-08-01,株式会社ピーエムシー,その他,求人なし,群馬県前橋市二之宮町622-12,1982,代表取締役 塩澤 精一,,,,20 百万円,,
2024-08-01,コンチネンタルシルマー株式会社,その他,求人なし,北海道札幌市中央区南一条西11-1コンチネンタルビル 4Ｆ,1990,代表取締役 本間 良二,,,,54 百万円,,
2024-08-01,株式会社シグナル,その他,求人なし,北海道札幌市南区藻岩下4-8-1,1984,代表取締役 佐々木 仁美,,,,10 百万円,,
2024-08-01,八蔵産業株式会社,その他,求人なし,福岡県北九州市若松区大字小敷658,1951,代表取締役 島名 規男,,,,10 百万円,,
2024-08-01,医療法人社団善美会,その他,求人なし,北海道札幌市中央区北四条西2-1-1カメイ札幌駅前ビル 3Ｆ,1998,理事長 橋本 成司,,,,14 百万円,,
2024-08-01,株式会社徳永電機,その他,求人なし,長野県長野市安茂里小市4-3-14,1976,代表取締役 徳永 雄一郎,,,,10 百万円,,
2024-08-01,有限会社巴商会,その他,求人なし,長野県長野市大字大豆島5060-5,1969,代表取締役 柳沢 賢司,,,,10 百万円,,
2024-08-01,カタギリ・コーポレーション株式会社,その他,求人なし,北海道札幌市中央区南一条東7-2-4カタギリ・コーポレーションビル,1985,代表取締役 片桐 大,,,,50 百万円,,
2024-08-01,株式会社アイミック,その他,求人なし,北海道札幌市厚別区厚別東二条3-6-17,1991,代表取締役 山口 毅紀,,,,10 百万円,,
2024-08-01,株式会社平沢商店,その他,求人なし,福岡県北九州市小倉北区馬借2-5-23,1951,代表取締役 平澤 昌樹,,,,25 百万円,,
2024-08-01,三起工業株式会社,その他,求人なし,和歌山県和歌山市西庄292-1,1961,代表取締役 栗原 正彦,,,,20 百万円,,
2024-08-01,株式会社ふなきストア,その他,求人なし,北海道札幌市中央区双子山1-7-4,1963,代表取締役 船木 裕介,,,,10 百万円,,
2024-08-01,有限会社北信電器商会,その他,求人なし,長野県長野市大字鶴賀東鶴賀町1906北信ビル 1Ｆ,1967,代表取締役 小林 力,,,,3 百万円,,
2024-08-01,有限会社穴原工務店,その他,求人なし,群馬県前橋市勝沢町136,1989,代表取締役 伊藤 直樹,,,,5 百万円,,
2024-08-01,株式会社古川商店,その他,求人なし,福岡県北九州市小倉北区浅野2-6-16マルサンビル 4Ｆ,1968,代表取締役 古川 裕宣,,,,10 百万円,,
2024-08-01,有限会社丸四フラワーサービス,その他,求人なし,長野県長野市大字川合新田2889-7,1984,代表取締役 堀口 充洋,,,,10 百万円,,
2024-08-01,北九州駅弁当株式会社,その他,求人なし,福岡県北九州市小倉北区浅野3-1-26,1950,代表取締役 阿部 勇,,,,45 百万円,,
2024-08-01,堀江船舶株式会社,その他,求人なし,福岡県北九州市小倉北区竪町1-5-1ＡＣＥビル 2Ｆ,1955,代表取締役 堀江 宏朗,,,,50 百万円,,
2024-08-01,株式会社萬佳亭,その他,求人なし,長野県長野市大字長野東之門町2502,1953,,,,,25 百万円,,
2024-08-01,勝山建設工業株式会社,その他,求人なし,福岡県北九州市小倉北区西港町15-7,1951,代表取締役 廣兼 新一,,,,30 百万円,,
2024-08-01,株式会社ペトロソーマ,その他,求人なし,長野県長野市大字鶴賀緑町1629相馬商事ビル 2Ｆ,1997,代表取締役 相馬 栄治郎,,,,20 百万円,,
2024-08-01,株式会社ホクザイ,その他,求人なし,福岡県北九州市小倉北区西港町72-24,1962,代表取締役 中屋敷 善太郎,,,,40 百万円,,
2024-08-01,株式会社西日本サニタリーセンター,その他,求人なし,福岡県北九州市小倉北区下到津2-7-6,1956,代表取締役 立川 雄一,,,,10 百万円,,
2024-08-01,大豊産業株式会社,その他,求人なし,福岡県北九州市小倉北区浅野1-2-39小倉興産14号館,1953,代表取締役 川原 洋,,,,31 百万円,,
2024-08-01,株式会社ヤマカワ装飾,その他,求人なし,福岡県福岡市博多区中洲中島町4-20,1971,代表取締役 山川 登久,,,,10 百万円,,
2024-08-01,株式会社フレンズ,その他,求人なし,東京都板橋区東山町1-4,1991,代表取締役 今 英之,,,,10 百万円,,
2024-08-01,株式会社是永商会,その他,無,福岡県北九州市小倉北区西港町89-1是永ビル 1Ｆ,1980,代表取締役 是永 美惠,,,,10 百万円,,
2024-08-01,株式会社ティーズ・エス・イー社,その他,無,北海道札幌市中央区南七条西1-21-1第3弘安ビル 6Ｆ,1995,代表取締役 渋谷 篤,,,,30 百万円,,
2024-08-01,北海道民共済生活協同組合,特殊法人・財団法人・その他団体・連合会,求人なし,北海道札幌市中央区大通西20-1-2,1987,代表理事 齋藤 昌大,,,,"3,836 百万円",,
2024-08-01,株式会社坂本インテックス,その他,求人なし,福岡県北九州市小倉北区緑ケ丘2-5-6,1963,代表取締役 坂本 秀樹,,,,20 百万円,,
2024-08-01,株式会社ホクレン通商,その他,求人なし,北海道札幌市中央区北四条西1-1北農ビル 14Ｆ,1992,代表取締役 本田 千晴,,,,100 百万円,,
2024-08-01,アカギヘリコプター株式会社,その他,求人なし,東京都江東区新木場4-7-15東京ヘリポート,1988,代表取締役 松岡 隆二,,,,90 百万円,,
2024-08-01,葵産業株式会社,その他,求人なし,福岡県北九州市小倉北区中島2-1-1,1961,代表取締役 伊藤 雅生,,,,10 百万円,,
2024-08-01,朝日建設株式会社,その他,求人なし,福岡県北九州市小倉北区熊本4-5-21,1965,代表取締役 川本 宗,,,,60 百万円,,
2024-08-01,株式会社大黒ヘルスケアサービス,その他,求人なし,和歌山県和歌山市手平3-8-43,1999,代表取締役 堀井 啓,,,,30 百万円,,
2024-08-01,学校法人金澤学園,その他,求人なし,福岡県北九州市八幡東区春の町3-10-13,1980,理事長 金澤 洋児,,,,90 百万円,,
2024-08-01,有限会社辻垣内鉄工所,その他,求人なし,和歌山県和歌山市栄谷54-3,1989,代表取締役 辻垣内 忠之,,,,10 百万円,,
2024-08-01,株式会社湯佐部品,その他,求人なし,福岡県北九州市小倉北区木町1-7-35,1973,代表取締役 湯佐 卓也,,,,20 百万円,,
2024-08-01,公益財団法人群馬県勤労福祉センター,特殊法人・財団法人・その他団体・連合会,求人なし,群馬県前橋市野中町361-2,1984,代表理事 石田 弘義,,,,,,
2024-08-01,公益社団法人群馬県畜産協会,その他,求人なし,群馬県前橋市亀里町1310群馬県ＪＡビル・農協ビル 6Ｆ,1956,代表理事 唐澤 透,,,,,,
2024-08-01,有限会社彩光,その他,求人なし,長野県長野市大字川合新田1008-3,1985,代表取締役 英比 郁美,,,,3 百万円,,
2024-08-01,中和エフ・エル株式会社,その他,求人なし,北海道札幌市中央区南四条西9-1008中和石油（株）本社 2Ｆ,1987,代表取締役 杉澤 謙次郎,,,,10 百万円,,
2024-08-01,東京土地建物株式会社,その他,求人なし,群馬県前橋市三俣町3-31-15,1990,代表取締役 福元 一成,,,,3 百万円,,
2024-08-01,株式会社長野イズミ,その他,求人なし,長野県長野市真島町川合1511-1,1998,代表取締役 原山 和也,,,,10 百万円,,
2024-08-01,株式会社ダイツウ,その他,求人なし,北海道札幌市中央区北五条西19-26ハイム浅野 1Ｆ,1987,代表取締役 中山 純一,,,,10 百万円,,
2024-08-01,株式会社麻生島工務店,その他,求人なし,福岡県北九州市小倉北区原町1-8-1,1968,代表取締役 麻生嶋 繁,,,,20 百万円,,
2024-08-01,株式会社サンテック,その他,求人なし,長野県長野市大字鶴賀南千歳町862-5臼井ビル 3Ｆ,1999,代表取締役 北澤 智賢,,,,10 百万円,,
2024-08-01,安全基材株式会社,その他,求人なし,群馬県高崎市剣崎町94-5,1962,代表取締役 川浦 誠,,,,30 百万円,,
2024-08-01,株式会社ソフトフロントホールディングス,その他,無,東京都千代田区九段南1-4-5泉九段ビル 6Ｆ,1997,代表取締役社長 二通 宏久,,,,10 百万円,,グロース
2024-08-01,道央情報サービス協同組合,特殊法人・財団法人・その他団体・連合会,求人なし,北海道札幌市中央区南三条東4-3-6,1992,代表理事 小野 徹,,,,20 百万円,,
2024-08-01,株式会社群馬管材センター,その他,求人なし,群馬県高崎市飯塚町483,1961,代表取締役 新井 一朝,,,,10 百万円,,
2024-08-01,社会福祉法人河西福祉会,特殊法人・財団法人・その他団体・連合会,求人なし,和歌山県和歌山市松江東1-7-25,1992,理事長 松尾 直章,,,,"1,396 百万円",,
2024-08-01,糸井商事株式会社,その他,求人なし,群馬県高崎市上大類町399,1955,代表取締役 糸井 丈之,,,,96 百万円,,
2024-08-01,株式会社アンクル,その他,求人なし,北海道札幌市中央区南十一条西17-2-34パワーハウス 3Ｆ,1986,代表取締役 大塚 信一,,,,10 百万円,,
2024-08-01,公益財団法人北野美術館,特殊法人・財団法人・その他団体・連合会,求人なし,長野県長野市若穂綿内7963-2,1967,代表理事 北野 貴裕,,,,,,
2024-08-01,一般社団法人長野県建設業協会,その他,求人なし,長野県長野市大字南長野南石堂町1230-6長建ビル内,1953,会長 木下 修,,,,,,
2024-08-01,株式会社クリーンオート,その他,求人なし,群馬県高崎市大八木町3000-13,1964,代表取締役 宮前 明弘,,,,48 百万円,,
2024-08-01,公益財団法人わかやま産業振興財団,特殊法人・財団法人・その他団体・連合会,求人なし,和歌山県和歌山市本町2-1フォルテ・ワジマ 6Ｆ,1991,代表理事 島 正博,,,,,,
2024-08-01,公益財団法人和歌山県農業公社,特殊法人・財団法人・その他団体・連合会,求人なし,和歌山県和歌山市茶屋ノ丁2-1和歌山県自治会館 6Ｆ,1989,代表理事 下 宏,,,,,,
2024-08-01,公益財団法人和歌山市文化スポーツ振興財団,特殊法人・財団法人・その他団体・連合会,求人なし,和歌山県和歌山市西汀丁36和歌山商工会議所,1971,代表理事 辻 正義,,,,,,
2024-08-01,豊津観光開発株式会社,その他,求人なし,福岡県京都郡みやこ町光冨95-1,1972,代表取締役 天野 啓子,,,,88 百万円,,
2024-08-01,株式会社大一物流,その他,求人なし,長野県長野市川中島町今里1588,1995,代表取締役 小山 忠房,,,,16 百万円,,
2024-08-01,有限会社矢野綜合食品,その他,求人なし,福岡県北九州市小倉北区下富野4-1-4,1970,代表取締役 矢野 隆一,,,,6 百万円,,
2024-08-01,岡部産業株式会社,その他,求人なし,福岡県北九州市小倉北区片野5-3-10第10岡部ビル 2Ｆ,1966,代表取締役 岡部 安三,,,,90 百万円,,
2024-08-01,株式会社小林材木店,その他,求人なし,群馬県高崎市上佐野町657-1,1946,代表取締役 小林 貞信,,,,13 百万円,,
2024-08-01,明石石油株式会社,その他,求人なし,福岡県北九州市小倉北区井堀1-18-25,1971,代表取締役 明石 潤馬,,,,10 百万円,,
2024-08-01,上州貨物自動車株式会社,その他,求人なし,群馬県高崎市大八木町573,1954,代表取締役 狩野 昭一,,,,10 百万円,,
2024-08-01,株式会社関口フレーム,その他,求人なし,群馬県高崎市倉賀野町2642,1955,代表取締役 小林 文一,,,,20 百万円,,
2024-08-01,一般財団法人西日本産業衛生会,特殊法人・財団法人・その他団体・連合会,求人なし,福岡県北九州市小倉北区室町3-1-2,1970,代表理事 野田 誠吾,,,,,,
2024-08-01,長野森林組合,特殊法人・財団法人・その他団体・連合会,求人なし,長野県長野市大字稲葉字上千田沖134-2,2001,代表理事 村石 正郎,,,,336 百万円,,
2024-08-01,高崎弁当株式会社,その他,求人なし,群馬県高崎市倉賀野町41,1963,代表取締役 末村 歓也,,,,10 百万円,,
2024-08-01,大伸化学工業株式会社,その他,求人なし,和歌山県海南市且来263,1977,代表取締役 笠野 禎則,,,,10 百万円,,
2024-08-01,高崎倉庫株式会社,その他,求人なし,群馬県高崎市下佐野町71,1897,代表取締役 宮澤 伸,,,,50 百万円,,
2024-08-01,株式会社オザワ,その他,求人なし,長野県松本市美須々7-8,1985,代表取締役 小澤 弘幸,,,,20 百万円,,
2024-08-01,セントラルフーズ株式会社,その他,求人なし,長野県安曇野市豊科高家2287-23,1989,代表取締役 塩沢 敬,,,,10 百万円,,
2024-08-01,ネットアストーヨー住器株式会社,その他,求人なし,長野県松本市大字島立3051-7,1966,代表取締役 祢津 正喜,,,,10 百万円,,
2024-08-01,綜合部品株式会社,その他,求人なし,福岡県北九州市小倉北区西港町89-15,1967,代表取締役 石飛 勝信,,,,38 百万円,,
2024-08-01,株式会社都心ビル,その他,求人なし,北海道札幌市中央区大通西2-5,1973,代表取締役 笹岡 正之,,,,10 百万円,,
2024-08-01,株式会社保坂商店,その他,求人なし,群馬県高崎市問屋町3-9-9,1956,代表取締役 保坂 正孝,,,,10 百万円,,
2024-08-01,大洋装備株式会社,その他,求人なし,福岡県北九州市小倉北区西港町72-3,1978,代表取締役 瀧上 里恵,,,,15 百万円,,
2024-08-01,ミヤケ工業株式会社,その他,求人なし,群馬県高崎市下豊岡町1267,1969,代表取締役 湯浅 均,,,,20 百万円,,
2024-08-01,丸山電業株式会社,その他,求人なし,長野県松本市梓川倭3708-1,1989,代表取締役 丸山 隆子,,,,30 百万円,,
2024-08-01,株式会社損害保険サービス,その他,求人なし,長野県松本市蟻ケ崎4-4-16,1980,代表取締役 中谷 恒行,,,,20 百万円,,
2024-08-01,事業協同組合札都個人タクシー協会,その他,求人なし,北海道札幌市中央区南二十八条西13-1-7,1967,代表理事 石川 信男,,,,2 百万円,,
2024-08-01,昭和プラント株式会社,その他,求人なし,福岡県北九州市小倉北区菜園場1-11-15,1980,代表取締役 長水 鉄彦,,,,20 百万円,,
2024-08-01,株式会社興洋商会,その他,求人なし,福岡県北九州市小倉北区原町2-2-14,1989,代表取締役 丸林 茂樹,,,,10 百万円,,
2024-08-01,札幌市管工事業協同組合,特殊法人・財団法人・その他団体・連合会,求人なし,北海道札幌市中央区北二条東8-86-10,1973,代表理事 佐藤 安幸,,,,52 百万円,,
2024-08-01,ムラカタ流通株式会社,その他,求人なし,福岡県北九州市小倉北区西港町94-9,1983,代表取締役 村方 浩司,,,,20 百万円,,
2024-08-01,株式会社ヨシケイ信州,その他,求人なし,長野県松本市大字神林6021-1,1983,代表取締役 百瀬 修太郎,,,,10 百万円,,
2024-08-01,株式会社ホームエネルギー九州,その他,求人なし,福岡県糟屋郡志免町別府東3-1-7,1978,代表取締役 堤 昌敏,,,,30 百万円,,
2024-08-01,有限会社たか電設,その他,求人なし,和歌山県海南市大野中966,1991,代表取締役 橋本隆典,,,,3 百万円,,
2024-08-01,三鵬商事株式会社,その他,求人なし,北海道札幌市中央区南一条西5-5,1972,代表取締役 芝崎 良雄,,,,30 百万円,,
2024-08-01,丸晋実業株式会社,その他,求人なし,福岡県北九州市小倉北区米町1-3-1明治安田生命北九州ビル 2Ｆ,1981,代表取締役社長 小野 則夫,,,,30 百万円,,
2024-08-01,有限会社なにわ,その他,求人なし,福岡県北九州市小倉北区赤坂5-4-61,1969,取締役 竹森 広樹,,,,10 百万円,,
2024-08-01,株式会社竹中組,その他,求人なし,群馬県高崎市八千代町2-1-6,1961,代表取締役 竹中 隆,,,,30 百万円,,
2024-08-01,株式会社ルネ,その他,無,東京都渋谷区渋谷2-11-89Ｆ,1979,代表取締役 飯野 城,,,,30 百万円,■ブランド商品の企画、製造、販売婦人服、小物（バッグ、アクセサリー、靴他）の企画、製造、販売（小売・卸売・ECサイト）を一貫して行う総合アパレルメーカーです。銀座本店を旗艦店として、全国主要都市（東京・名古屋・京都・大阪・広島・福岡・札幌）の大手百貨店を中心に店舗を展開。海外への卸売、ECサイト（オンラインショップ）も手掛けています。 2023年12月doda掲載求人より引用,
2024-08-01,淡島工業株式会社,その他,求人なし,群馬県高崎市三ツ寺町696,1960,代表取締役 淡島 信二,,,,10 百万円,,
2024-08-01,株式会社ヨシカネ,その他,求人なし,福岡県北九州市小倉北区大門1-4-1,1979,代表取締役 林 義謙,,,,10 百万円,,
2024-08-01,有限会社古恵良質店,その他,求人なし,福岡県北九州市小倉北区宇佐町1-12-5,1969,代表取締役 古惠良 隆,,,,10 百万円,,
2024-08-01,株式会社双葉屋,その他,求人なし,北海道札幌市中央区北十二条西20-2-2,1960,,,,,20 百万円,,
2024-08-01,トヨタエルアンドエフ群馬株式会社,その他,求人なし,群馬県高崎市緑町3-1-9,1969,代表取締役 横田 衛,,,,10 百万円,,
2024-08-01,株式会社三京広告社,その他,求人なし,福岡県北九州市小倉北区熊谷3-13-8,1964,代表取締役 縄田 剛之,,,,10 百万円,,
2024-08-01,大谷電気株式会社,その他,求人なし,和歌山県橋本市城山台2-11-8,1981,代表取締役 西 隆好,,,,10 百万円,,
2024-08-01,株式会社木暮産業,その他,求人なし,群馬県高崎市若田町146-1,1977,,,,,13 百万円,,
2024-08-01,上武印刷株式会社,その他,求人なし,群馬県高崎市島野町890-25,1969,代表取締役 横堀 孝,,,,10 百万円,,
2024-08-01,医療法人社団日高会,その他,求人なし,群馬県高崎市中尾町886,1978,理事長 安藤 義孝,,,,"1,437 百万円",,
2024-08-01,有限会社エムエー電機,その他,求人なし,長野県松本市大字和田3852-2,1997,取締役 小林 武宏,,,,9 百万円,,
2024-08-01,株式会社環境システム,その他,求人なし,福岡県北九州市小倉北区東港1-6-1,1978,代表取締役 平原 勝行,,,,20 百万円,,
2024-08-01,関工業株式会社,その他,求人なし,群馬県高崎市倉賀野町2453-17,1970,代表取締役 関 芳邦,,,,12 百万円,,
2024-08-01,株式会社公世社花平,その他,求人なし,和歌山県橋本市市脇4-8-10,1985,代表取締役 平野 聖太郎,,,,20 百万円,,
2024-08-01,株式会社ヨシカワ,その他,求人なし,群馬県高崎市中大類町465-1,1970,代表取締役 吉川 美帆,,,,12 百万円,,
2024-08-01,太陽建設株式会社,その他,求人なし,福岡県北九州市小倉北区下富野4-20-15,1976,代表取締役 松井 祐也,,,,20 百万円,,
2024-08-01,北海道千代田株式会社,その他,求人なし,北海道札幌市中央区北四条西4-1伊藤・加藤ビルディング伊藤ビルディング 7Ｆ,1982,代表取締役 池上 啓八,,,,20 百万円,,
2024-08-01,オズ株式会社,その他,求人なし,和歌山県有田市新堂386,1918,代表取締役 上山 治,,,,20 百万円,,
2024-08-01,株式会社丸高高瀬商店,その他,求人なし,北海道札幌市中央区南五条西4-2-2,1955,代表取締役 高瀬 一嘉,,,,10 百万円,,
2024-08-01,有限会社タカノ三和,その他,求人なし,群馬県高崎市島野町1018-3,1984,代表取締役 髙野 雅樹,,,,10 百万円,,
2024-08-01,株式会社オートクリニック,その他,求人なし,群馬県高崎市矢中町49-10,1977,代表取締役 深澤 聡明,,,,10 百万円,,
2024-08-01,有限会社タカハシ電設,その他,求人なし,長野県松本市大字笹賀3553-1,1991,代表取締役 髙橋 昭彦,,,,3 百万円,,
2024-08-01,株式会社三和製作所,その他,求人なし,群馬県高崎市下滝町433,1981,代表取締役 市川 富造,,,,20 百万円,,
2024-08-01,株式会社太陽電気,その他,求人なし,群馬県高崎市下豊岡町519-2,1963,代表取締役 富沢 和弘,,,,10 百万円,,
2024-08-01,モノエクリーニング有限会社,その他,求人なし,北海道札幌市中央区北一条西23-2-28,1958,代表取締役 物江 新太郎,,,,5 百万円,,
2024-08-01,株式会社南舗道,その他,求人なし,群馬県高崎市筑縄町69-18,1978,代表取締役 荻原 陽一郎,,,,10 百万円,,
2024-08-01,株式会社ダイコウ技建,その他,求人なし,福岡県北九州市小倉北区原町2-15-24,1986,代表取締役 光山 永寿,,,,40 百万円,,
2024-08-01,株式会社ふみこ農園,その他,求人なし,和歌山県有田郡有田川町大字野田594-1,1996,代表取締役 成戸 文子,,,,10 百万円,,
2024-08-01,株式会社ラパンフーヅ,ファーストフード関連,求人なし,北海道札幌市中央区宮ケ丘2-1-1ラフアイエツト宮ケ丘 1Ｆ,1984,代表取締役 今 智行,,,,20 百万円,,
2024-08-01,株式会社ミニボックス,その他,求人なし,群馬県高崎市島野町988-1,1980,代表取締役 松本 秀樹,,,,10 百万円,,
2024-08-01,有限会社ル・モード,その他,求人なし,福岡県北九州市小倉北区上到津4-3-10,1991,代表取締役 冨安 育夫,,,,3 百万円,,
2024-08-01,大和建設株式会社,その他,求人なし,群馬県高崎市寺尾町1777,1973,代表取締役 萩原 正弘,,,,20 百万円,,
2024-08-01,株式会社エクスバーム,その他,求人なし,福岡県北九州市小倉北区船場町12-3紫江’ＳＩＩ 2Ｆ,1985,代表取締役 大野 憲治,,,,10 百万円,,
2024-08-01,株式会社親熱電工,その他,求人なし,北海道札幌市北区麻生町3-10-1キタコー麻生ビル2Ｆ,1991,代表取締役 若木 正,,,,10 百万円,,
2024-08-01,株式会社開青通商,その他,求人なし,群馬県高崎市倉賀野町5565-3,1963,代表取締役 北形 慶昭,,,,10 百万円,,
2024-08-01,ベストカー有限会社,その他,求人なし,福岡県北九州市小倉北区馬借3-7-27,1976,代表取締役 牧山 春徳,,,,5 百万円,,
2024-08-01,紀伊商事株式会社,その他,求人なし,和歌山県御坊市名屋町3-9-6,1940,代表取締役 田端 静代,,,,10 百万円,,
2024-08-01,小倉武田産業株式会社,その他,求人なし,福岡県北九州市小倉北区井堀4-3-11,1975,代表取締役 渡邉 康弘,,,,10 百万円,,
2024-08-01,株式会社旭商会,その他,求人なし,和歌山県御坊市名屋町3-6-11,1965,代表取締役 森本 弘之,,,,10 百万円,,
2024-08-01,学校法人愛和学園,その他,無,福岡県福岡市博多区博多駅前2-13-23,1967,理事長 阿部 浩二,,,,,情報が古い可能性があります。最新の情報を確認する場合はHP等をご覧ください。 ■愛和外語学院外国人向け日本語学校■国際アニメーション専門学校（1）アニメーション総合科（2）ＣＧ科■愛和システムエンジニア専門学校（1）ＩＴエンジニア学科■グローバルクリエイター専門学校（1）グローバルクリエーター科■九州ビジネス専門学校（1）ＩＴ科（2）総合日本語科 2022年10月doda掲載求人より引用,
2024-08-01,株式会社内外美装,その他,求人なし,福岡県北九州市小倉北区青葉2-1-15,1977,代表取締役 河村隆一,,,,20 百万円,,
2024-08-01,研榮工業株式会社,その他,求人なし,群馬県高崎市上豊岡町569-13,1979,代表取締役 宮澤 一喜,,,,20 百万円,,
2024-08-01,群馬上島珈琲株式会社,その他,求人なし,群馬県高崎市問屋町西2-4-12,1989,代表取締役 橋本 茂樹,,,,50 百万円,,
2024-08-01,有限会社角田油業,その他,求人なし,福岡県北九州市小倉北区西港町72-17,1988,代表取締役 中村 光,,,,5 百万円,,
2024-08-01,株式会社トンフー,その他,求人なし,北海道札幌市中央区南四条西14-1-32札幌パームビル 2Ｆ,1995,代表取締役 森蔭 則仁,,,,20 百万円,,
2024-08-01,株式会社木下写場,その他,無,福岡県北九州市小倉北区熊本1-4-6,1992,代表取締役 木下 雅文,,,,20 百万円,情報が古い可能性があります。最新の情報を確認する場合はHP等をご覧ください。 各種記念写真、婚礼写真の撮影・制作・記念写真に付随する衣装、美容業務、ブライダル関連グッズの販売/レストラン等の飲食業、婚礼プロデュース業 2022年11月doda掲載求人より引用,
2024-08-01,学校法人未来学舎,その他,求人なし,長野県松本市渚2-8-5,1986,理事長 青山 織人,,,,"1,507 百万円",,
2024-08-01,株式会社丸珠物産,その他,求人なし,福岡県北九州市小倉北区西港町94-9,1996,代表取締役 小林 信一,,,,50 百万円,,
2024-08-01,有限会社由比ケ浜薬局,その他,求人なし,長野県松本市大字岡田松岡181-5,1994,代表取締役 由比ケ浜 昇,,,,5 百万円,,
2024-08-01,エージーエス株式会社,その他,無,北海道札幌市中央区南六条西3-6-33ＡＧＳ6・3ビル,1998,代表取締役 原口 友一,,,,10 百万円,,
2024-08-01,高橋林業株式会社,その他,求人なし,北海道札幌市中央区北四条西5-1（財）北海道林業会館 6Ｆ,1970,代表取締役 高橋 洋康,,,,10 百万円,,
2024-08-01,株式会社朝日販売サービス,その他,求人なし,福岡県福岡市博多区博多駅前2-1-1,1975,代表取締役 木原 登,,,,10 百万円,,
2024-08-01,株式会社上武設計事務所,その他,求人なし,群馬県高崎市八千代町3-7-16,1971,代表取締役 大西 勉,,,,10 百万円,,
2024-08-01,株式会社秋富商店,その他,求人なし,和歌山県田辺市本町99,1967,代表取締役 瀬田 浩之,,,,30 百万円,,
2024-08-01,株式会社たかす,その他,求人なし,和歌山県田辺市新万25-10,1981,代表取締役 鷹巣 守,,,,10 百万円,,
2024-08-01,社会福祉法人栄法会,その他,求人なし,福岡県北九州市小倉北区三萩野2-8-23,1972,理事長 黒田 幸裕,,,,545 百万円,,
2024-08-01,有限会社北九州義肢製作所,その他,求人なし,福岡県北九州市小倉北区清水3-5-6,1966,代表取締役 福島 忠之,,,,9 百万円,,
2024-08-01,株式会社近藤会館,その他,求人なし,福岡県北九州市小倉北区船場町2-10,1969,代表取締役 近藤 京子,,,,15 百万円,,
2024-08-01,株式会社マティーニ,その他,無,群馬県高崎市倉賀野町72,1993,代表取締役 武藤 礼浩,,,,20 百万円,,
2024-08-01,長野県医療事業協同組合,特殊法人・財団法人・その他団体・連合会,求人なし,長野県松本市梓川倭628-1,1995,代表理事 谷口 亮一,,,,90 百万円,,
2024-08-01,総合物流サービス株式会社,その他,求人なし,福岡県北九州市小倉北区西港町92-3,1989,代表取締役 髙森 正光,,,,30 百万円,,
2024-08-01,株式会社ナカタ,その他,求人なし,和歌山県田辺市下三栖1475-130,1986,代表取締役社長 中田 吉昭,,,,20 百万円,,
2024-08-01,医療法人ＭＧＲ,特殊法人・財団法人・その他団体・連合会,求人なし,福岡県北九州市小倉北区浅野1-1-1アミュプラザ小倉東館4Ｆ,1989,理事長 田辺 健一,,,,10 百万円,,
2024-08-01,株式会社中央補償コンサルタント,その他,求人なし,福岡県北九州市小倉北区木町3-3-7中央ビル 2Ｆ,1982,代表取締役 橘 智宏,,,,10 百万円,,
2024-08-01,ツカサ印刷株式会社,その他,求人なし,福岡県北九州市小倉北区霧ケ丘3-9-3,1974,代表取締役 宮 俊二,,,,10 百万円,,
2024-08-01,有限会社西日本ブレーン,その他,求人なし,福岡県北九州市小倉北区吉野町10-19パークプラザ三萩野 2Ｆ,1985,取締役 森下 りつ子,,,,5 百万円,,
2024-08-01,株式会社ニチベイエレクトロニクス,その他,求人なし,福岡県北九州市小倉北区清水4-7-3,1986,代表取締役 末武 重光,,,,10 百万円,,
2024-08-01,株式会社建工テック,その他,求人なし,群馬県高崎市緑町3-17-2,1996,代表取締役 堀越 充,,,,11 百万円,,
2024-08-01,株式会社ビックス,その他,求人なし,福岡県北九州市小倉北区井堀1-5-28,1982,代表取締役 宮沢 義勝,,,,10 百万円,,
2024-08-01,一般財団法人松本ものづくり産業支援センター,特殊法人・財団法人・その他団体・連合会,求人なし,長野県松本市大字和田4010-27,1989,代表理事 嵯峨 宏一,,,,,,
2024-08-01,株式会社光影,その他,求人なし,群馬県高崎市和田多中町11-34,1954,代表取締役 舘野 光正,,,,10 百万円,,
2024-08-01,株式会社長野第一興商,その他,求人なし,長野県松本市元町1-8-10,1981,代表取締役 山岸 栄二,,,,70 百万円,,
2024-08-01,上條鋼材株式会社,その他,求人なし,長野県松本市大字和田5511-14,1943,代表取締役 上條 隆章,,,,50 百万円,,
2024-08-01,株式会社平田屋,その他,求人なし,福岡県北九州市小倉北区白銀1-1-6,1973,代表取締役 平田 昌嗣,,,,90 百万円,,
2024-08-01,株式会社札幌コマーシヤルフオト,その他,求人なし,北海道札幌市中央区宮の森一条11-宮の森スタジオ 3Ｆ,1980,代表取締役 岸本 日出雄,,,,10 百万円,,
2024-08-01,株式会社エイ・シー・シー群馬,その他,求人なし,群馬県高崎市大八木町920-15,1992,代表取締役 金田 幸子,,,,10 百万円,,
2024-08-01,有限会社小薮,その他,無,和歌山県田辺市宝来町16-6,2001,代表取締役 小薮 憲功,,,,10 百万円,,
2024-08-01,フクダ電子長野販売株式会社,その他,求人なし,長野県長野市青木島町大塚866-1,1972,代表取締役 山田 研,,,,40 百万円,,
2024-08-01,株式会社関東特殊防水,その他,求人なし,群馬県高崎市綿貫町378-1,1992,代表取締役 石川 行人,,,,10 百万円,,
2024-08-01,ライフケア群栄株式会社,その他,求人なし,群馬県高崎市小八木町312-15ビジネスパーク小八木 102,1993,代表取締役 吉田 勝紀,,,,10 百万円,,
2024-08-01,ありがとう相続株式会社,その他,求人なし,北海道札幌市中央区北一条西13-4ＦＷＤ札幌ビル 10Ｆ,1986,代表取締役 玉木 祥夫,,,,20 百万円,,
2024-08-01,株式会社カネト小原,その他,求人なし,長野県松本市深志2-3-28カネトオハラビル,1973,代表取締役 小原 正久,,,,15 百万円,,
2024-08-01,一般社団法人札幌林材協会,特殊法人・財団法人・その他団体・連合会,求人なし,北海道札幌市中央区北四条西5-1,1998,代表理事 芳賀 信裕,,,,,,
2024-08-01,株式会社ミカサ,その他,求人なし,長野県松本市高宮北4-2,1962,代表取締役 三澤 敏宏,,,,30 百万円,,
2024-08-01,株式会社シスプラ,その他,求人なし,群馬県高崎市問屋町3-10-3問屋町センター第2ビル 6Ｆ,1988,代表取締役 椛澤 均,,,,80 百万円,,
2024-08-01,有限会社清水電器,その他,求人なし,群馬県高崎市下大島町235-1,1991,代表取締役 清水 若貴,,,,10 百万円,,
2024-08-01,株式会社森田,その他,求人なし,長野県松本市埋橋2-4-3,1961,代表取締役 森田 典明,,,,32 百万円,,
2024-08-01,株式会社須澤電気商会,その他,求人なし,長野県松本市旭2-11-80,1960,代表取締役 須澤 正英,,,,20 百万円,,
2024-08-01,公益社団法人札幌東法人会,特殊法人・財団法人・その他団体・連合会,求人なし,北海道札幌市厚別区厚別中央二条5-4-35新札幌駅前ハイツ 806,1995,代表理事 藤井 幸一,,,,,,
2024-08-01,土田砂糖株式会社,その他,求人なし,長野県松本市市場2-16土田ビル 1Ｆ,1951,代表取締役 土田 真弓,,,,30 百万円,,
2024-08-01,有限会社ヤマダドレス,その他,求人なし,長野県松本市中央2-5-4,1955,代表取締役 山田 真人,,,,10 百万円,,
2024-08-01,株式会社徳永設備,その他,求人なし,長野県松本市大字島立2194,1962,代表取締役 徳永 真一,,,,20 百万円,,
2024-08-01,株式会社亀屋,その他,求人なし,長野県松本市大字惣社514,1955,代表取締役 原 隆,,,,15 百万円,,
2024-08-01,株式会社トビタ機材,その他,求人なし,長野県松本市筑摩1-14-32,1968,代表取締役 飛田 清一,,,,12 百万円,,
2024-08-01,ツーリストホテル株式会社,その他,求人なし,長野県松本市深志2-4-24,1968,代表取締役 縣 秀享,,,,45 百万円,,
2024-08-01,株式会社ビーコミュニケーションズ,その他,求人なし,北海道札幌市中央区北四条西6-1-3北4条ビル 5Ｆ,1999,代表取締役 渡邉 卓也,,,,10 百万円,,
2024-08-01,北九州ミートセンター株式会社,その他,求人なし,福岡県北九州市小倉北区末広2-3-7,1999,代表取締役 宮下 博文,,,,20 百万円,,
2024-08-01,熊谷製麺株式会社,その他,求人なし,長野県松本市渚4-2-10,1952,代表取締役 熊谷 宗紀,,,,10 百万円,,
2024-08-01,さくらネットワーク・システム協同組合,特殊法人・財団法人・その他団体・連合会,求人なし,北海道札幌市中央区南八条西17-3-26,1984,代表理事 八谷 源吾,,,,5 百万円,,
2024-08-01,株式会社五幸,その他,求人なし,長野県松本市中央2-1-24五幸本町ビル 2Ｆ,1971,代表取締役 太田 隆治,,,,18 百万円,,
2024-08-01,有限会社ｇｒｅｅｎ,その他,求人なし,群馬県高崎市上並榎町42-8,1980,代表取締役 花木 剛,,,,3 百万円,,
2024-08-01,株式会社ユーパック,その他,求人なし,群馬県高崎市剣崎町2-3,1988,代表取締役 梅澤 剛,,,,10 百万円,,
2024-08-01,有限会社九州マグロ,その他,求人なし,福岡県北九州市小倉北区菜園場1-12-33,1999,取締役 髙井 浩,,,,3 百万円,,
2024-08-01,有限会社北九コンサルタント,その他,求人なし,熊本県熊本市中央区上通町6-4,1996,代表取締役 井上 英明,,,,3 百万円,,
2024-08-01,株式会社ＬＮＪさくらスマイル,その他,求人なし,北海道札幌市中央区大通西8-2-6ＬＮＪ札幌大通公園ビル,1994,代表取締役 丸橋 大輔,,,,10 百万円,,
2024-08-01,松本秩父生コン株式会社,その他,求人なし,長野県松本市野溝木工1-8-18,1969,代表取締役 宮下廣大,,,,20 百万円,,
2024-08-01,ヤワタ工業株式会社,その他,求人なし,群馬県高崎市若田町10-1,1984,代表取締役 境原 英子,,,,10 百万円,,
2024-08-01,丸一運送株式会社,その他,求人なし,和歌山県海南市下津町下津735,1972,代表取締役 岩井 洋人,,,,10 百万円,,
2024-08-01,株式会社環境技術センター,その他,求人なし,長野県松本市大字笹賀5652-166,1975,代表取締役 勝野 宗一,,,,20 百万円,,
2024-08-01,横田海運有限会社,その他,求人なし,和歌山県海南市下津町大崎734-4,1969,代表取締役 横田 之雄,,,,20 百万円,,
2024-08-01,前田鉄工株式会社,その他,求人なし,和歌山県海草郡紀美野町長谷957-2,1950,代表取締役 前田 富彦,,,,18 百万円,,
2024-08-01,公益財団法人札幌国際プラザ,特殊法人・財団法人・その他団体・連合会,求人なし,北海道札幌市中央区北一条西3-3札幌ＭＮビル,1991,代表理事 平木 浩昭,,,,,,
2024-08-01,大洋鋳造株式会社,その他,求人なし,和歌山県海草郡紀美野町長谷983,1967,代表取締役 辻本 章男,,,,30 百万円,,
2024-08-01,日本冷食販売株式会社,その他,求人なし,長野県松本市大字笹賀5896-1,1967,代表取締役 二木 哲也,,,,45 百万円,,
2024-08-01,株式会社二光印刷,その他,求人なし,長野県松本市大字和田6532-6,1974,代表取締役 新保 次郎,,,,12 百万円,,
2024-08-01,根来鈑創株式会社,その他,求人なし,和歌山県海草郡紀美野町長谷983-3,1979,代表取締役 根来 勝代,,,,30 百万円,,
2024-08-01,株式会社ジェーピー北海,その他,求人なし,北海道札幌市中央区北二条西1-1,2000,代表取締役 北山 俊彦,,,,80 百万円,,
2024-08-01,株式会社成電半導体,その他,求人なし,群馬県高崎市上豊岡町571-9,1985,代表取締役 瀧澤 啓,,,,10 百万円,,
2024-08-01,株式会社ベルカプセル高崎,その他,求人なし,群馬県高崎市倉賀野町2462-6,1988,代表取締役 羽山 慎二,,,,30 百万円,,
2024-08-01,佐佐井株式会社,その他,求人なし,福岡県北九州市小倉南区上曽根新町2-25,1984,代表取締役 佐々井 久博,,,,10 百万円,,
2024-08-01,株式会社岩崎建材店,その他,求人なし,福岡県北九州市小倉南区湯川5-7-7シャンピアゆがわ 1Ｆ,1979,代表取締役社長 岩﨑 祐司,,,,10 百万円,,
2024-08-01,株式会社カネマル,その他,求人なし,長野県松本市大字笹賀7600-41,1976,,,,,20 百万円,,
2024-08-01,上田建設工業株式会社,その他,求人なし,福岡県北九州市小倉南区徳力新町1-24-16,1968,代表取締役 上田 勝之,,,,20 百万円,,
2024-08-01,株式会社サンティックシステム,その他,求人なし,長野県松本市大字松原58-6,1981,代表取締役 渡辺 武,,,,25 百万円,,
2024-08-01,ヨシダトータルサービス有限会社,その他,求人なし,群馬県藤岡市森160-1,1998,代表取締役 吉田 健一郎,,,,4 百万円,,
2024-08-01,株式会社吉野屋,その他,求人なし,福岡県北九州市小倉南区徳力新町1-25-29,1971,代表取締役 吉野 正倫,,,,30 百万円,,
2024-08-01,有限会社栗田製菓所,その他,求人なし,長野県松本市城西1-5-29,1954,代表取締役 栗田 健志郎,,,,7 百万円,,
2024-08-01,有限会社井上木型製作所,その他,求人なし,福岡県北九州市小倉南区新曽根6-17,1960,取締役 井上 雅博,,,,3 百万円,,
2024-08-01,株式会社いわき,その他,求人なし,和歌山県紀の川市西大井67,1990,代表取締役 岩城 和成,,,,10 百万円,,
2024-08-01,紀の里農業協同組合,特殊法人・財団法人・その他団体・連合会,求人なし,和歌山県紀の川市上野12-5,1992,代表理事 吉田 哲男,,,,"3,184 百万円",,
2024-08-01,有限会社松本マルケイ食品,その他,求人なし,長野県松本市平田西1-4-6,1984,代表取締役 高橋 正樹,,,,3 百万円,,
2024-08-01,小倉鉱業株式会社,その他,求人なし,福岡県北九州市小倉南区大字市丸1050,1954,代表取締役 國江 信司,,,,10 百万円,,
2024-08-01,株式会社エム・ケー・ケー,その他,求人なし,長野県松本市大字島内3443-13妙高ビル 3Ｆ,1983,代表取締役 藤巻 好實,,,,35 百万円,,
2024-08-01,エス・バイ・エス事業協同組合,特殊法人・財団法人・その他団体・連合会,求人なし,北海道札幌市中央区南三条東4-3-6さくら総合会計第2ビル,1999,代表理事 橋井 洋一,,,,10 百万円,,
2024-08-01,株式会社北産業,その他,求人なし,長野県松本市大字島立845-1,1984,代表取締役 栗林 俊治,,,,20 百万円,,
2024-08-01,関門紙原料合資会社,その他,求人なし,福岡県北九州市小倉南区中吉田2-1-6,1949,代表社員 山本 義之,,,,10 百万円,,
2024-08-01,有限会社浪速酸素商会,その他,求人なし,福岡県北九州市小倉南区横代南町5-1-15,1982,代表取締役 重留 輝泰,,,,10 百万円,,
2024-08-01,株式会社エーアイテック,その他,求人なし,長野県松本市大字和田4010-31,1986,代表取締役 大林 泰彦,,,,40 百万円,,
2024-08-01,九化興産株式会社,その他,求人なし,福岡県北九州市小倉南区蒲生3-5-27,1974,代表取締役 西村 啓作,,,,21 百万円,,
2024-08-01,一般財団法人道民活動振興センター,特殊法人・財団法人・その他団体・連合会,求人なし,北海道札幌市中央区北二条西7-1,1991,代表理事 相馬 秋夫,,,,,,
2024-08-01,株式会社ダイソー,その他,求人なし,長野県松本市大字島立810-1,1967,代表取締役 大出 寿文,,,,20 百万円,,
2024-08-01,一般財団法人北海道建築指導センター,特殊法人・財団法人・その他団体・連合会,求人なし,北海道札幌市中央区北三条西3-1札幌北三条ビル 8Ｆ,1966,代表理事 平向 邦夫,,,,,,
2024-08-01,松本生コン事業協同組合,特殊法人・財団法人・その他団体・連合会,求人なし,長野県松本市井川城3-12-17ＭＲＣビル 2Ｆ,1974,代表理事 高澤 通泰,,,,11 百万円,,
2024-08-01,株式会社長野エレベーター,その他,求人なし,長野県松本市石芝3-14-2,1974,代表取締役 倉本 周治,,,,10 百万円,,
2024-08-01,平和運送株式会社,その他,求人なし,福岡県北九州市小倉南区大字朽網3914-10,1981,代表取締役 山根 昇二,,,,12 百万円,,
2024-08-01,株式会社丸友中部青果,その他,求人なし,長野県松本市大字和田6532-7,1969,代表取締役 松倉 勇記,,,,49 百万円,,
2024-08-01,株式会社ザザホラヤ,その他,無,福岡県北九州市小倉南区湯川新町4-24-3,1986,代表取締役 洞 晧人,,,,30 百万円,■紳士服専門店 紳士服のザザホラヤ■大きいサイズ専門店 BIG M ONE■ORDER SUIT専門店 ORDER BOX■チケット販売店 スーパーチケット■ファミリー雑貨店 FARMY HORMY■インターネット通販サイトの運営 2024年2月doda掲載求人より引用,
2024-08-01,深志測量株式会社,その他,求人なし,長野県松本市大字島立1080-7,1977,代表取締役 横山 敏雪,,,,20 百万円,,
2024-08-01,西日本フードサービス株式会社,その他,求人なし,福岡県北九州市小倉南区下城野3-3-2,1973,代表取締役 西村 繁,,,,25 百万円,,
2024-08-01,株式会社オートエクステリア,その他,求人なし,長野県松本市大字笹賀7208,1988,代表取締役 柳澤 慶昭,,,,10 百万円,,
2024-08-01,有限会社平成熱学,その他,求人なし,長野県松本市大字島内6344-5,1989,代表取締役 濵徳章,,,,5 百万円,,
2024-08-01,株式会社ラポール,その他,求人なし,長野県上田市諏訪形1463-2,1993,代表取締役 飯島 幸宏,,,,10 百万円,,
2024-08-01,株式会社舩木建設,その他,求人なし,和歌山県紀の川市桃山町元156-1,2013,代表取締役 船木 進也,,,,40 百万円,,
2024-08-01,宗教法人神理教,特殊法人・財団法人・その他団体・連合会,求人なし,福岡県北九州市小倉南区徳力5-10-8,1952,代表役員 巫部 祐彦,,,,6 百万円,,
2024-08-01,神谷プラスチック工業株式会社,その他,求人なし,長野県上田市上野67,1966,代表取締役 神谷 政雄,,,,10 百万円,,
2024-08-01,株式会社ＤＩＰＳ,その他,求人なし,福岡県北九州市小倉南区蒲生2-2-30,1984,代表取締役 水本 智美,,,,15 百万円,,
2024-08-01,有限会社小宮山建材,その他,求人なし,長野県上田市中央5-9-26,1972,代表取締役 小宮山 武雄,,,,3 百万円,,
2024-08-01,小柳産業株式会社,その他,求人なし,長野県上田市材木町2-12-10,1953,代表取締役 小栁 好範,,,,30 百万円,,
2024-08-01,株式会社長野光商事,その他,求人なし,長野県上田市秋和問屋町503,1966,代表取締役 五十嵐 康弘,,,,20 百万円,,
2024-08-01,株式会社札幌設備,その他,求人なし,北海道札幌市北区屯田二条2-7-13,1969,代表取締役 池田 純一,,,,10 百万円,,
2024-08-01,信濃合金株式会社,その他,求人なし,長野県上田市諏訪形1486,1957,代表取締役 佐野 正典,,,,90 百万円,,
2024-08-01,株式会社はなおか,その他,求人なし,長野県上田市中央3-8-1,1962,代表取締役 花岡 正一,,,,16 百万円,,
2024-08-01,株式会社柳栄精工,その他,求人なし,群馬県桐生市広沢町7-5050-1,1968,代表取締役 柳沢 勝人,,,,16 百万円,,
2024-08-01,日興美装工業株式会社,その他,求人なし,北海道札幌市北区北十九条西4-1-21日興美装ビル,1950,代表取締役 櫻井 和久,,,,72 百万円,,
2024-08-01,医療法人殿田会,その他,求人なし,和歌山県岩出市清水311-1,1996,理事長 殿田 重彦,,,,,,
2024-08-01,生活協同組合コープぐんま,特殊法人・財団法人・その他団体・連合会,無,群馬県桐生市相生町1-111,1957,代表理事 大貫 晴雄,,,,"5,583 百万円",■食品を中心に生活必需品を提供する店舗・宅配事業など■共済事業、サービス事業等の生活総合事業■組合員活動を中心とする商品、福祉、環境、平和、文化活動など 2023年11月doda掲載求人より引用,
2024-08-01,有限会社紀陽工作所,その他,求人なし,和歌山県岩出市金池468-1,1988,代表取締役 川西 謙,,,,3 百万円,,
2024-08-01,株式会社宮下組,サブコン,求人なし,長野県上田市踏入2-1-17,1961,代表取締役 石塚 博敏,,,,40 百万円,,
2024-08-01,ミヤジマ技研株式会社,その他,求人なし,長野県上田市下之郷248,1967,代表取締役 宮島 武宏,,,,30 百万円,,
2024-08-01,株式会社北大モータース,その他,求人なし,北海道札幌市北区北十八条西5-1-36,1979,代表取締役社長 小野 秀則,,,,10 百万円,,
2024-08-01,株式会社川久保製作所,その他,求人なし,長野県上田市古里1998-1,1970,代表取締役 南平 晴久,,,,10 百万円,,
2024-08-01,有限会社ハイテックウエダ,その他,求人なし,長野県上田市踏入2-9-15,1950,取締役 市川 恒希,,,,3 百万円,,
2024-08-01,医療法人友愛会,特殊法人・財団法人・その他団体・連合会,求人なし,長野県上田市中央東4-61,1960,理事長 遠藤 謙二,,,,"7,927 百万円",,
2024-08-01,株式会社北海道機関紙印刷所,その他,求人なし,北海道札幌市手稲区曙二条3-2-34,1952,代表取締役 長谷川 弘美,,,,80 百万円,,
2024-08-01,エナジーサービス株式会社,その他,求人なし,長野県上田市常田2-20-26,1965,代表取締役 竹内 敏樹,,,,10 百万円,,
2024-08-01,北海道大学生活協同組合,特殊法人・財団法人・その他団体・連合会,求人なし,北海道札幌市北区北八条西7-1-1,1957,代表理事 柿澤 宏昭,,,,403 百万円,,
2024-08-01,北海道ホルスタイン農業協同組合,その他,求人なし,北海道札幌市北区北十五条西5-1-5,1948,代表理事 山口 哲朗,,,,247 百万円,,
2024-08-01,北海道木材市場協同組合,その他,求人なし,北海道札幌市北区篠路町上篠路7-8,1958,代表理事 加賀谷 雅治,,,,156 百万円,,
2024-08-01,株式会社山辺,その他,求人なし,長野県上田市常田3-2-29,1968,代表取締役 秋山 晴司,,,,45 百万円,,
2024-08-01,有限会社アサヒ樹脂加工,その他,求人なし,福岡県北九州市小倉南区朽網西3-24,1990,代表取締役 久留島 昭夫,,,,5 百万円,,
2024-08-01,上田冷蔵株式会社,その他,求人なし,長野県上田市秋和問屋町276,1954,代表取締役 桑原 茂実,,,,40 百万円,,
2024-08-01,株式会社陽電社,その他,求人なし,北海道札幌市中央区北六条西18-1-13ＫＳ．ＢＬＤ,1959,代表取締役 里見 昌宏,,,,10 百万円,,
2024-08-01,ワカバ工業株式会社,その他,求人なし,長野県上田市富士山2416-8,1970,代表取締役 小松 正一,,,,10 百万円,,
2024-08-01,有限会社富士札幌エレベータ,その他,求人なし,北海道札幌市北区北六条西6-2第1山崎ビル,1965,代表取締役 関戸 正俊,,,,3 百万円,,
2024-08-01,桐生鋼材株式会社,その他,求人なし,群馬県桐生市宮本町4-9-16,1971,代表取締役社長 松井 隆,,,,10 百万円,,
2024-08-01,株式会社関口商会,その他,求人なし,長野県上田市中央5-12-9,1959,代表取締役 関口 泰彦,,,,10 百万円,,
2024-08-01,ヤマキ山下工業株式会社,その他,求人なし,北海道札幌市北区新川四条3-2-23アヴェニール4・3－101,1973,代表取締役 山下 博昭,,,,20 百万円,,
2024-08-01,小竹電気温調株式会社,その他,求人なし,和歌山県橋本市高野口町大野421-1,1988,代表取締役 小竹 淳介,,,,20 百万円,,
2024-08-01,アトム配管株式会社,その他,求人なし,北海道札幌市北区新川三条6-9-8,1972,代表取締役 高柳 恒,,,,25 百万円,,
2024-08-01,株式会社テスコム,その他,求人なし,福岡県北九州市小倉南区石田町6-1,1982,代表取締役 川野 剛,,,,10 百万円,,
2024-08-01,有限会社ビル環境センター,その他,求人なし,福岡県遠賀郡芦屋町高浜町8-21,1975,代表取締役 山内 信幸,,,,3 百万円,,
2024-08-01,不二光学器械株式会社,その他,求人なし,北海道札幌市北区北二十条西4-2-40不二ビル 1Ｆ,1976,代表取締役 児島 義明,,,,10 百万円,,
2024-08-01,第一建設工業株式会社,その他,求人なし,長野県上田市古里1580-12,1982,代表取締役 関根 実,,,,10 百万円,,
2024-08-01,及川鉄工株式会社,その他,求人なし,北海道札幌市白石区川下641,1962,代表取締役 堤 清丈,,,,20 百万円,,
2024-08-01,札幌断熱株式会社,その他,求人なし,北海道札幌市北区新川西五条4-3-12,1983,代表取締役 千葉 真司,,,,10 百万円,,
2024-08-01,株式会社梨木工務店,その他,求人なし,北海道札幌市北区新琴似二条11-6-5,1977,代表取締役 大井 太一,,,,45 百万円,,
2024-08-01,有限会社大栄設備,その他,求人なし,群馬県桐生市堤町3-7-47,1980,代表取締役 園田 尚貴,,,,20 百万円,,
2024-08-01,日信サービス株式会社,その他,求人なし,長野県上田市国分1-1-9,1983,代表取締役 宮下 直也,,,,100 百万円,,
2024-08-01,株式会社フジタ,その他,求人なし,北海道札幌市北区新川三条13-1-16,1979,代表取締役 藤田 和彦,,,,10 百万円,,
2024-08-01,上穀商事株式会社,その他,求人なし,長野県上田市保野199-6,1977,代表取締役 小松 浩昭,,,,10 百万円,,
2024-08-01,株式会社渡部,その他,求人なし,長野県上田市小牧873,1975,代表取締役 渡部 和巳,,,,41 百万円,,
2024-08-01,大経建設株式会社,その他,求人なし,和歌山県有田郡湯浅町大字田370,1994,代表取締役 下向 経喜,,,,10 百万円,,
2024-08-01,有限会社ウスザワ,その他,求人なし,長野県上田市上塩尻261,1955,代表取締役 臼澤 浩明,,,,3 百万円,,
2024-08-01,正田工業株式会社,その他,求人なし,群馬県桐生市境野町1-甲830-1,1974,代表取締役 正田 俊司,,,,15 百万円,,
2024-08-01,株式会社トビテック,その他,求人なし,長野県上田市上田原857-9,1992,代表取締役 大井 義晴,,,,10 百万円,,
2024-08-01,トムス食品株式会社,その他,求人なし,長野県上田市八木沢1418-7,1992,代表取締役 前田 昭典,,,,20 百万円,,
2024-08-01,信州うえだ農業協同組合,特殊法人・財団法人・その他団体・連合会,求人なし,長野県上田市大手2-7-10,1994,代表理事 眞島 実,,,,"4,532 百万円",,
2024-08-01,久一建設株式会社,その他,求人なし,福岡県北九州市小倉南区大字新道寺1204-2,2011,代表取締役 堀 和久,,,,40 百万円,,
2024-08-01,高松工業株式会社,その他,求人なし,北海道札幌市北区新琴似七条12-3-58,1974,代表取締役 髙松 潔,,,,10 百万円,,
2024-08-01,三恵自動車株式会社,その他,求人なし,和歌山県有田郡有田川町大字小島300,1962,代表取締役 前田 芳見,,,,10 百万円,,
2024-08-01,株式会社ホクスイ設計コンサル,その他,求人なし,北海道札幌市北区北六条西9-2,1981,代表取締役 大川 剛司,,,,40 百万円,,
2024-08-01,ムイネ観光開発株式会社,その他,求人なし,北海道札幌市北区新琴似八条5-1-10,1983,代表取締役社長 髙橋 康史,,,,20 百万円,,
2024-08-01,川西商事有限会社,その他,求人なし,長野県上田市常田2-22-39,1959,代表取締役 林 秀樹,,,,3 百万円,,
2024-08-01,有限会社キノテック,その他,求人なし,長野県上田市殿城816-10,1990,取締役 田中 救雄,,,,5 百万円,,
2024-08-01,昭和薬業株式会社,その他,求人なし,長野県上田市中央2-17-5,1935,代表取締役 小林 純一,,,,60 百万円,,
2024-08-01,株式会社藤井建業,その他,求人なし,北海道札幌市北区新琴似町793,1988,代表取締役 藤井 功貴,,,,20 百万円,,
2024-08-01,栗原プランニング有限会社,その他,求人なし,福岡県行橋市行事8-8-10,2001,取締役 栗原 幸児,,,,3 百万円,,
2024-08-01,株式会社萩原土建,その他,求人なし,群馬県伊勢崎市中央町24-2,1947,代表取締役 萩原 健次,,,,30 百万円,,
2024-08-01,株式会社イチキ,その他,求人なし,北海道札幌市北区新川二条3-1-14,1996,代表取締役社長 中村 弘,,,,10 百万円,,
2024-08-01,株式会社アズプランニング,その他,求人なし,福岡県北九州市小倉南区湯川新町4-24-3,2002,代表取締役 洞 晧人,,,,10 百万円,,
2024-08-01,株式会社光タクシー,その他,求人なし,福岡県北九州市八幡東区枝光本町6-15,1950,代表取締役 石橋 孝三,,,,20 百万円,,
2024-08-01,株式会社片岡商店,その他,求人なし,福岡県北九州市八幡東区川淵町3-16,1952,代表取締役 北里 信一郎,,,,24 百万円,,
2024-08-01,株式会社アート造園,その他,求人なし,北海道札幌市北区篠路町拓北31-207,1987,代表取締役 黒川 修司,,,,10 百万円,,
2024-08-01,大建産業株式会社,その他,求人なし,福岡県北九州市八幡東区西本町4-3-20,1958,代表取締役社長 副島 一哉,,,,10 百万円,,
2024-08-01,グンイチパン株式会社,その他,求人なし,群馬県伊勢崎市除ケ町10,1954,代表取締役 小此木 正博,,,,16 百万円,,
2024-08-01,株式会社エムイー・システムズ,その他,求人なし,長野県岡谷市川岸東5-6-18,1985,代表取締役 宮澤 成毅,,,,10 百万円,,
2024-08-01,まるか商事株式会社,その他,求人なし,群馬県伊勢崎市戸谷塚町49-1,1990,代表取締役 丸橋 嘉一,,,,37 百万円,,
2024-08-01,株式会社協和精工,その他,求人なし,長野県岡谷市堀ノ内2-16-17,1982,代表取締役 坂本 千春,,,,10 百万円,,
2024-08-01,株式会社三河屋,その他,求人なし,群馬県伊勢崎市柴町1572-1,1948,代表取締役 清水 克英,,,,47 百万円,,
2024-08-01,佐波伊勢崎農業協同組合,特殊法人・財団法人・その他団体・連合会,求人なし,群馬県伊勢崎市連取町3096-1,1993,代表理事 重田 茂,,,,"2,491 百万円",,
2024-08-01,株式会社札幌電商社,その他,求人なし,北海道札幌市北区篠路五条4-4-22,1979,代表取締役 小原弘嗣,,,,10 百万円,,
2024-08-01,美光金属有限会社,その他,求人なし,群馬県伊勢崎市福島町341-1,1971,代表取締役 茂木 馨,,,,3 百万円,,
2024-08-01,川端設備工業株式会社,その他,求人なし,群馬県伊勢崎市今泉町2-409-1,1969,代表取締役 川端 美代子,,,,20 百万円,,
2024-08-01,帝産業株式会社,その他,求人なし,福岡県北九州市八幡東区白川町10-34,1957,代表取締役 三好 豪,,,,47 百万円,,
2024-08-01,生活クラブ生活協同組合,特殊法人・財団法人・その他団体・連合会,求人なし,長野県岡谷市赤羽2-3-47,1977,代表理事 加藤 貴弘,,,,"1,828 百万円",,
2024-08-01,株式会社エルゼ,その他,無,福岡県大野城市白木原5-4-33,1963,代表取締役 平田 寛一,,,,50 百万円,,
2024-08-01,公益財団法人脳血管研究所,その他,求人なし,群馬県伊勢崎市大手町1-1,1963,代表理事 美原 樹,,,,,,
2024-08-01,株式会社エプソンロジスティクス,その他,求人なし,長野県諏訪市大和3-3-5,1993,代表取締役 西牧 理,,,,50 百万円,,
2024-08-01,武藏工業有限会社,その他,求人なし,群馬県伊勢崎市波志江町4734-1,1970,代表取締役 小林 良輔,,,,3 百万円,,
2024-08-01,株式会社ケイエス電子,その他,求人なし,福岡県北九州市八幡東区前田2-9-9,1966,代表取締役 須藤 正樹,,,,10 百万円,,
2024-08-01,株式会社中部テクノ,その他,求人なし,長野県岡谷市川岸西1-1-5,1997,代表取締役 横内 慎介,,,,10 百万円,,
2024-08-01,株式会社有薗製作所,その他,求人なし,福岡県北九州市八幡東区東田1-7-5,1972,代表取締役 有薗 央,,,,40 百万円,,
2024-08-01,小池産業株式会社,その他,求人なし,群馬県伊勢崎市東上之宮町961-1,1978,代表取締役 小池 清幸,,,,10 百万円,,
2024-08-01,龍神村森林組合,特殊法人・財団法人・その他団体・連合会,求人なし,和歌山県田辺市龍神村東401,1965,代表理事 眞砂 佳明,,,,96 百万円,,
2024-08-01,有限会社大藤製作所,その他,求人なし,群馬県伊勢崎市波志江町2085,1970,取締役 大場 祥光,,,,6 百万円,,
2024-08-01,株式会社アラックス,その他,求人なし,群馬県伊勢崎市日乃出町701-6,1974,代表取締役 新井 一郎,,,,10 百万円,,
2024-08-01,新日本給食株式会社,その他,求人なし,福岡県北九州市八幡東区勝山1-2-19,1976,代表取締役 山﨑 晋吾,,,,30 百万円,,
2024-08-01,マルイ暖冷株式会社,その他,求人なし,群馬県伊勢崎市昭和町3671-24,1976,代表取締役 根岸 泉,,,,10 百万円,,
2024-08-01,三高電機株式会社,その他,求人なし,群馬県伊勢崎市宮子町3498-10,1990,代表取締役 高橋 宏道,,,,15 百万円,,
2024-08-01,医療法人松島クリニック,その他,求人なし,福岡県北九州市八幡東区茶屋町2-8,1989,理事長 松島 慶幸,,,,213 百万円,,
2024-08-01,株式会社アイシーカーゴ,その他,求人なし,群馬県伊勢崎市飯島町108,2004,代表取締役 高家 正行,,,,50 百万円,,
2024-08-01,株式会社ベイシア興産,その他,求人なし,群馬県前橋市亀里町900,1985,代表取締役 土屋 嘉雄,,,,10 百万円,,
2024-08-01,株式会社ベイシアポップデポ,その他,求人なし,群馬県前橋市亀里町900,1994,代表取締役 橋本 浩英,,,,10 百万円,,
2024-08-01,有限会社宮原紙器工業所,その他,求人なし,長野県岡谷市山下町1-14-24,1956,代表取締役 宮原 榮一,,,,10 百万円,,
2024-08-01,中央金属株式会社,その他,求人なし,長野県岡谷市堀ノ内1-15-1,1996,代表取締役 杉村 英亮,,,,10 百万円,,
2024-08-01,公益社団法人北九州市八幡医師会,特殊法人・財団法人・その他団体・連合会,求人なし,福岡県北九州市八幡東区平野2-1-1,1948,代表理事 鍵山 明弘,,,,,,
2024-08-01,株式会社葵電機工業,その他,求人なし,福岡県北九州市八幡東区中畑1-4-6,1990,代表取締役 吉塚 秀明,,,,30 百万円,,
2024-08-01,楡創研株式会社,その他,求人なし,北海道札幌市東区北二十一条東1-4-6,1963,代表取締役 河上 太,,,,30 百万円,,
2024-08-01,岡谷造機株式会社,その他,求人なし,長野県岡谷市湖畔3-2-48,1950,代表取締役 宮坂 忠則,,,,10 百万円,,
2024-08-01,有限会社芝野電機,その他,求人なし,長野県岡谷市本町4-1-16,1988,代表取締役 芝野 淳一郎,,,,3 百万円,,
2024-08-01,北海道河川開発株式会社,その他,求人なし,北海道札幌市北区新川四条9-2-8,1973,代表取締役 多田 輝,,,,10 百万円,,
2024-08-01,株式会社白浜エンタープライズ,その他,求人なし,和歌山県西牟婁郡白浜町2018,1982,代表取締役 鈴木 一正,,,,88 百万円,,
2024-08-01,有限会社丸高製作所,その他,求人なし,長野県岡谷市長地源1-2-45,1969,代表取締役 新村 研二,,,,40 百万円,,
2024-08-01,岡谷セイケン株式会社,その他,求人なし,神奈川県横浜市金沢区鳥浜町3-12,1966,代表取締役 増田 孝一,,,,41 百万円,,
2024-08-01,株式会社コーエキ,その他,求人なし,長野県岡谷市田中町3-3-24,1967,代表取締役 梅垣 和彦,,,,45 百万円,,
2024-08-01,一般社団法人伊勢崎佐波医師会,特殊法人・財団法人・その他団体・連合会,求人なし,群馬県伊勢崎市下植木町481,1947,会長 大澤 誠,,,,,,
2024-08-01,有限会社マル吉横川セメント,その他,求人なし,長野県岡谷市長地御所2-17-31,1969,代表取締役 横川 英雄,,,,8 百万円,,
2024-08-01,株式会社ハチスカ,その他,求人なし,群馬県伊勢崎市上泉町118-6,1985,代表取締役 蜂須賀 徳二,,,,10 百万円,,
2024-08-01,株式会社スワスイミングセンター,その他,求人なし,長野県岡谷市加茂町4-1-35,1969,代表取締役 武井 貞文,,,,10 百万円,,
2024-08-01,株式会社コスミ機工,その他,求人なし,長野県岡谷市湊5-19-5,1979,代表取締役 萩原 直幸,,,,15 百万円,,
2024-08-01,株式会社オフィスメーション,その他,求人なし,長野県飯田市上郷黒田780-1,1988,代表取締役 和地 守,,,,16 百万円,,
2024-08-01,協同組合ジャパン・ネットワーク・サービス,特殊法人・財団法人・その他団体・連合会,求人なし,福岡県北九州市八幡東区西本町1-10-1201,1996,代表理事 西尾 克洋,,,,7 百万円,,
2024-08-01,株式会社田所建設,その他,求人なし,和歌山県西牟婁郡すさみ町周参見4139-3,1976,代表取締役 田所 勉,,,,20 百万円,,
2024-08-01,株式会社伸光,その他,求人なし,群馬県伊勢崎市鹿島町440-1,1998,代表取締役 荒木 伸也,,,,3 百万円,,
2024-08-01,堀本興業株式会社,その他,求人なし,和歌山県西牟婁郡すさみ町周参見1418,2015,代表取締役 堀本 哲也,,,,3 百万円,,
2024-08-01,株式会社原ホンダ,その他,求人なし,長野県飯田市鼎東鼎94-5,1969,代表取締役 原 秀一,,,,3 百万円,,
2024-08-01,菅原産業株式会社,その他,求人なし,福岡県北九州市八幡西区夕原町3-16,1949,代表取締役 菅原 敬介,,,,26 百万円,,
2024-08-01,株式会社福山組,その他,求人なし,福岡県北九州市八幡西区熊西1-8-37,1957,代表取締役 福山 岳彦,,,,45 百万円,,
2024-08-01,株式会社串本海中公園センター,その他,求人なし,和歌山県東牟婁郡串本町有田1157,1969,代表取締役 鈴木 一正,,,,95 百万円,,
2024-08-01,株式会社千石,その他,求人なし,福岡県北九州市八幡西区則松5-10-1,1975,代表取締役 名越 正勝,,,,45 百万円,,
2024-08-01,株式会社マナテック,その他,求人なし,北海道札幌市北区篠路町上篠路71-25,1999,代表取締役 三澤 善之,,,,12 百万円,,
2024-08-01,有限会社峰鉄工,その他,求人なし,長野県飯田市中村1452-5,1989,代表取締役 峰 淳,,,,8 百万円,,
2024-08-01,株式会社アコーズ,その他,求人なし,長野県飯田市鼎切石4376-4,1992,代表取締役 佐々木 邦雄,,,,46 百万円,,
2024-08-01,株式会社アイリス,その他,求人なし,群馬県太田市末広町554-1,1946,代表取締役 大隅 洋,,,,100 百万円,,
2024-08-01,みなみ信州農業協同組合,特殊法人・財団法人・その他団体・連合会,求人なし,長野県飯田市鼎東鼎281,1997,代表理事 寺沢 寿男,,,,"4,654 百万円",,
2024-08-01,株式会社黒田製作所,その他,求人なし,群馬県太田市沖之郷町547-2,1965,代表取締役 黒田 裕久,,,,12 百万円,,
2024-08-01,神原石油株式会社,その他,求人なし,福岡県北九州市八幡西区楠橋南3-21-21,1961,代表取締役 松井 照太,,,,10 百万円,,
2024-08-01,株式会社ふくやま,専門店・その他小売,求人なし,長野県下伊那郡喬木村15406,1975,代表取締役 福山 尚樹,,,,14 百万円,,
2024-08-01,アンドリゾート株式会社,その他,求人なし,三重県伊勢市二見町松下1693-1,1959,代表取締役 田中 雄一郎,,,,15 百万円,,
2024-08-01,有限会社協和電設,その他,求人なし,長野県飯田市下殿岡89-1,1983,代表取締役 原 雅英,,,,20 百万円,,
2024-08-01,新東京食品産業株式会社,その他,求人なし,群馬県太田市矢場町2709-5,1975,代表取締役 山﨑 隆史,,,,10 百万円,,
2024-08-01,有限会社桃井電器店,その他,求人なし,和歌山県東牟婁郡那智勝浦町大字天満544-1,2000,代表取締役 桃井 環,,,,3 百万円,,
2024-08-01,株式会社渡辺製作所,その他,求人なし,群馬県太田市六千石町21-1,1970,代表取締役社長 渡辺 知宜,,,,99 百万円,,
2024-08-01,有限会社朝日田コーポレーション,その他,求人なし,北海道札幌市北区北十八条西4-2-24,1996,代表取締役 朝日田 雄人,,,,10 百万円,,
2024-08-01,株式会社藤測,その他,求人なし,長野県飯田市鼎上山4040-1,1978,代表取締役 松村 忠次,,,,10 百万円,,
2024-08-01,日東食品有限会社,その他,求人なし,長野県飯田市上郷別府2575,1945,取締役 木下 博勝,,,,5 百万円,,
2024-08-01,有限会社青田燃料,その他,求人なし,群馬県太田市東本町41-10,1977,代表取締役 青田 和子,,,,3 百万円,,
2024-08-01,有限会社渥美自動車工業,その他,求人なし,北海道札幌市北区新川一条6-1-7,1969,代表取締役 渥美 大輔,,,,5 百万円,,
2024-08-01,株式会社九州大和,その他,求人なし,福岡県北九州市八幡西区本城東5-4-1,1972,代表取締役 田中 伸志,,,,24 百万円,,
2024-08-01,株式会社ミツフジ自動車工業,その他,求人なし,長野県飯田市毛賀303-1,1963,代表取締役 秦 康彦,,,,10 百万円,,
2024-08-01,株式会社ヨシカズ,その他,求人なし,長野県飯田市駄科1872-1,1982,代表取締役 藤本 裕史,,,,11 百万円,,
2024-08-01,株式会社共栄緑化,その他,求人なし,群馬県太田市浜町73-12,1978,代表取締役 須永 修平,,,,30 百万円,,
2024-08-01,丸和工業株式会社,その他,求人なし,福岡県遠賀郡遠賀町大字鬼津1080-5,1970,代表取締役 嶽 洋次郎,,,,10 百万円,,
2024-08-01,日本電測機株式会社,その他,求人なし,福岡県北九州市八幡西区千代ケ崎1-13-20,1965,代表取締役 属 将弘,,,,30 百万円,,
2024-08-01,株式会社野口商会,その他,求人なし,福岡県北九州市八幡西区浅川学園台3-18-7,1951,代表取締役 渡邊 博,,,,20 百万円,,
2024-08-01,株式会社原工産,その他,求人なし,福岡県北九州市八幡西区屋敷1-1-16,1970,代表取締役 梅本 正,,,,10 百万円,,
2024-08-01,有限会社大原管工,その他,求人なし,長野県飯田市鼎名古熊2086-11,1976,代表取締役 大原 義夫,,,,5 百万円,,
2024-08-01,株式会社小田原コーポレーション,その他,求人なし,福岡県北九州市八幡西区本城東5-1-2,1973,代表取締役 小田原 寛明,,,,10 百万円,,
2024-08-01,株式会社光佐,その他,求人なし,群馬県太田市飯塚町1856,1972,代表取締役 佐口 泰史,,,,20 百万円,,
2024-08-01,計測検査株式会社,その他,求人なし,福岡県北九州市八幡西区陣原1-8-3,1974,代表取締役 坂本 敏弘,,,,30 百万円,,
2024-08-01,多摩川マイクロテップ株式会社,その他,求人なし,長野県飯田市毛賀1020,1995,代表取締役 各務 誠,,,,99 百万円,,
2024-08-01,株式会社懸樋工務店,その他,求人なし,鳥取県鳥取市桂見573,1972,代表取締役 懸樋 義樹,,,,89 百万円,,
2024-08-01,株式会社飯田パルスモ,電子部品メーカー,求人なし,長野県飯田市川路7507,1996,代表取締役 中川 雅光,,,,30 百万円,,
2024-08-01,株式会社グローイング,その他,求人なし,長野県飯田市上殿岡3-1,2001,代表取締役 小室 一平,,,,10 百万円,,
2024-08-01,株式会社西原商事,その他,求人なし,福岡県北九州市八幡西区陣原2-2-21,1980,代表取締役 西原 孝思,,,,50 百万円,,
2024-08-01,西日本板硝子センター株式会社,その他,求人なし,福岡県北九州市八幡西区御開2-5-40,1978,代表取締役 奥野 高広,,,,50 百万円,,
2024-08-01,大萬株式会社,その他,求人なし,長野県飯田市鼎切石4625-1,1953,代表取締役 尾澤 誠治,,,,15 百万円,,
2024-08-01,株式会社興洋工務店,その他,求人なし,鳥取県鳥取市岩吉130-3,1965,代表取締役 野藤 悦男,,,,70 百万円,,
2024-08-01,シグマ電気株式会社,その他,求人なし,鳥取県鳥取市商栄町172-3,1975,,,,,20 百万円,,
2024-08-01,地域計画株式会社,その他,求人なし,群馬県太田市西本町47-11,1987,代表取締役 福田 博重,,,,45 百万円,,
2024-08-01,株式会社アイパックス,その他,求人なし,長野県飯田市山本二ツ山団地6722-91,1960,代表取締役 澤栁 徹,,,,45 百万円,,
2024-08-01,エムワン保険サービス有限会社,その他,求人なし,北海道札幌市北区北十一条西4-1-15,2000,取締役 丸田 健二,,,,4 百万円,,
2024-08-01,飯田木工株式会社,その他,求人なし,長野県飯田市今宮町3-5,1944,代表取締役社長 ヌデ嶌 正枝,,,,21 百万円,,
2024-08-01,小林製袋産業株式会社,その他,求人なし,長野県飯田市北方101,1956,代表取締役社長 熊谷 勝広,,,,20 百万円,,
2024-08-01,株式会社中村総業,その他,求人なし,福岡県北九州市八幡西区楠橋下方3-3-1,1980,代表取締役社長 中村 チカシ,,,,10 百万円,,
2024-08-01,鳥取トヨペット株式会社,その他,求人なし,鳥取県鳥取市安長850,1957,代表取締役 西村 公秀,,,,30 百万円,,
2024-08-01,安全ガス株式会社,その他,求人なし,長野県飯田市大瀬木4122,1963,代表取締役 新美 良夫,,,,10 百万円,,
2024-08-01,丸石産業株式会社,その他,求人なし,鳥取県鳥取市商栄町221-7,1947,代表取締役 安木 恭次,,,,18 百万円,,
2024-08-01,木下水引株式会社,その他,求人なし,長野県飯田市上殿岡8-1,1969,代表取締役 木下 茂,,,,16 百万円,,
2024-08-01,株式会社新栄,その他,求人なし,福岡県北九州市八幡西区楠橋南1-1-5,1981,代表取締役 滑石 俊章,,,,40 百万円,,
2024-08-01,医療法人香林会,特殊法人・財団法人・その他団体・連合会,求人なし,福岡県北九州市八幡西区香月中央1-14-18,1992,理事長 白石 昌之,,,,493 百万円,,
2024-08-01,山野商事株式会社,その他,求人なし,鳥取県鳥取市商栄町160-4,1962,代表取締役 嶋田 耕一,,,,50 百万円,,
2024-08-01,有限会社清田工業,その他,求人なし,群馬県太田市内ケ島町1025-1,1974,代表取締役 清田 公志,,,,10 百万円,,
2024-08-01,鳥取県生活協同組合,その他,求人なし,鳥取県鳥取市河原町布袋597-1,1951,代表理事 井上 約,,,,"1,779 百万円",,
2024-08-01,有限会社道都デンタル・ラボ,その他,求人なし,北海道札幌市東区北十条東3-2-10ブリストル 103,1986,代表取締役 小西 功一,,,,10 百万円,,
2024-08-01,菌興椎茸協同組合,特殊法人・財団法人・その他団体・連合会,求人なし,鳥取県鳥取市富安1-84,1952,代表理事 下田 秀一,,,,27 百万円,,
2024-08-01,株式会社スガヌマ,その他,求人なし,長野県飯田市鼎東鼎31-1,1966,代表取締役 菅沼 英文,,,,10 百万円,,
2024-08-01,株式会社田中造園土木,その他,求人なし,鳥取県鳥取市国府町宮下1130,1980,代表取締役 田中 静雄,,,,10 百万円,,
2024-08-01,株式会社ダイシン,その他,求人なし,長野県飯田市上郷別府3324-1,1972,代表取締役 平栗 哲夫,,,,10 百万円,,
2024-08-01,シンヨー電機株式会社,その他,求人なし,福岡県北九州市八幡西区御開2-1-32,1982,代表取締役 五郎丸 左千重,,,,10 百万円,,
2024-08-01,龍共印刷株式会社,その他,求人なし,長野県飯田市上郷黒田121,1949,代表取締役 大島 章,,,,10 百万円,,
2024-08-01,株式会社グンサン,その他,求人なし,群馬県太田市緑町808-1,1989,代表取締役 鎌田 恵,,,,5 百万円,,
2024-08-01,サンプラザー株式会社,その他,求人なし,長野県飯田市八幡町2152-3,1974,代表取締役 小笠原 秀人,,,,20 百万円,,
2024-08-01,株式会社折園,その他,求人なし,福岡県北九州市八幡西区大膳1-14-22,1979,代表取締役 門司 大介,,,,20 百万円,,
2024-08-01,株式会社ササヤマ,その他,求人なし,鳥取県鳥取市河原町布袋530-1,1972,代表取締役 笹山 勝,,,,99 百万円,,
2024-08-01,有限会社中島メリヤス機械,その他,求人なし,群馬県太田市吉沢町873-5,1969,代表取締役 深津 健一郎,,,,4 百万円,,
2024-08-01,株式会社初瀬屋,その他,求人なし,福岡県北九州市八幡西区黒崎1-5-14初瀬屋黒崎ビル 7Ｆ,1963,代表取締役 花田 紘一,,,,10 百万円,,
2024-08-01,飯伊森林組合,特殊法人・財団法人・その他団体・連合会,求人なし,長野県飯田市常盤町30飯伊森林組合 1Ｆ,1976,代表理事 林 和弘,,,,103 百万円,,
2024-08-01,株式会社勝原製作所,その他,求人なし,鳥取県鳥取市南栄町2,1965,代表取締役 勝原 章,,,,10 百万円,,
2024-08-01,下伊那生コン協同組合,特殊法人・財団法人・その他団体・連合会,求人なし,長野県飯田市上郷飯沼521-1,1973,代表理事 米山 多朗,,,,10 百万円,,
2024-08-01,株式会社ジェイエイサービス,その他,求人なし,長野県飯田市長野原515,1984,代表取締役 久保田 幸宏,,,,15 百万円,,
2024-08-01,公益財団法人北海道環境財団,特殊法人・財団法人・その他団体・連合会,求人なし,北海道札幌市中央区北四条西4-1伊藤・加藤ビル 4Ｆ,1997,代表理事 小林 三樹,,,,,,
2024-08-01,皮革運送有限会社,その他,求人なし,長野県飯田市松尾新井6571-1,1979,代表取締役 樋口 恵美子,,,,15 百万円,,
2024-08-01,技建開発株式会社,その他,求人なし,長野県飯田市北方1313-2,1984,代表取締役 武井 清彦,,,,20 百万円,,
2024-08-01,三笠設備株式会社,その他,求人なし,長野県飯田市駄科1467-1,1974,代表取締役 木下 貴志,,,,22 百万円,,
2024-08-01,株式会社アスタリズム,その他,求人なし,福岡県北九州市八幡西区則松6-13-5,1992,代表取締役 富永 善久,,,,10 百万円,,
2024-08-01,株式会社九州工事工業,その他,求人なし,福岡県北九州市八幡西区割子川1-1-10坂元ビル 2Ｆ,1974,代表取締役 宮木 直隆,,,,14 百万円,,
2024-08-01,医療法人義翔会,その他,求人なし,福岡県北九州市八幡西区小嶺3-19-1,1955,理事長 江藤 義典,,,,"1,164 百万円",,
2024-08-01,株式会社山根特殊建設,その他,求人なし,鳥取県鳥取市千代水1-82,1970,代表取締役 山根 弘行,,,,10 百万円,,
2024-08-01,株式会社あすかインターナショナル,その他,求人なし,群馬県太田市飯塚町1080-3,1986,代表取締役 森山 賢真,,,,20 百万円,,
2024-08-01,栄和サインシステム株式会社,その他,求人なし,北海道石狩市新港南2-721-5,1963,代表取締役 我孫子 周,,,,34 百万円,,
2024-08-01,大旺工業株式会社,その他,求人なし,東京都千代田区神田東松下町17伊東ビル 3Ｆ,1984,代表取締役 柳 守彦,,,,10 百万円,,
2024-08-01,医療法人ふじあく医院,特殊法人・財団法人・その他団体・連合会,求人なし,群馬県太田市藤阿久町345,1988,理事長 馬場 尊,,,,59 百万円,,
2024-08-01,エプソン日新トラベルソリューションズ株式会社,その他,無,長野県塩尻市大字広丘原新田80,1987,代表取締役 乾 俊樹,,,,99 百万円,,
2024-08-01,株式会社松田精機,その他,求人なし,鳥取県鳥取市雲山360-1,1998,代表取締役 松田 康昭,,,,10 百万円,,
2024-08-01,有限会社コナン住建,その他,求人なし,鳥取県鳥取市千代水3-34-1,1987,代表取締役 山田 雄作,,,,6 百万円,,
2024-08-01,株式会社フェイスホールディングス,その他,求人なし,福岡県福岡市博多区博多駅南3-6-16,1991,代表取締役 福山 浩範,,,,50 百万円,,
2024-08-01,鋼和工業株式会社,その他,求人なし,北海道札幌市東区栄町899-17,1969,代表取締役 佐藤 直哉,,,,21 百万円,,
2024-08-01,有限会社安部板金,その他,求人なし,福岡県北九州市八幡西区木屋瀬1-16-1,1991,取締役 安部 裕一,,,,3 百万円,,
2024-08-01,丸中サンエー商事株式会社,その他,求人なし,北海道札幌市手稲区明日風5-19-30,1978,代表取締役 米倉 隼一,,,,10 百万円,,
2024-08-01,株式会社千代田工務店,その他,求人なし,鳥取県鳥取市宮長276-2,1967,代表取締役 荒田 潤之介,,,,20 百万円,,
2024-08-01,三共機械工業株式会社,その他,求人なし,北海道札幌市東区北三十五条東13-2-21,1956,代表取締役 曽山 幸祐,,,,10 百万円,,
2024-08-01,株式会社新星電子工業,その他,求人なし,群馬県太田市飯塚町1454,1971,代表取締役 服部 剛,,,,10 百万円,,
2024-08-01,株式会社富士ユニコン,その他,求人なし,鳥取県鳥取市布勢108,1984,代表取締役 石畑 真也,,,,14 百万円,,
2024-08-01,株式会社ソロ防水北海道,その他,求人なし,北海道札幌市東区北四十一条東5-2-15ルーファー高木 2Ｆ,1971,代表取締役 髙木 好一,,,,12 百万円,,
2024-08-01,情報リンク協同組合,特殊法人・財団法人・その他団体・連合会,求人なし,鳥取県鳥取市正蓮寺43-25,1990,代表理事 岡本 博和,,,,3 百万円,,
2024-08-01,有限会社岩三工業,その他,求人なし,福岡県北九州市八幡西区穴生4-16-2902,1978,代表取締役 岩三 晴幸,,,,3 百万円,,
2024-08-01,株式会社クライス工業,その他,求人なし,北海道札幌市東区東苗穂三条3-1-79,1982,代表取締役 波多野 忍,,,,10 百万円,,
2024-08-01,道建工事株式会社,その他,求人なし,北海道札幌市東区北十三条東5-1-24,1950,代表取締役 長江 一司,,,,20 百万円,,
2024-08-01,道央電建株式会社,その他,求人なし,北海道札幌市東区東苗穂五条3-7-8,1973,代表取締役 櫻井 賢佐,,,,10 百万円,,
2024-08-01,株式会社鳥取メカシステム,その他,求人なし,鳥取県鳥取市若葉台南7-1-31,1988,代表取締役 林 正太郎,,,,30 百万円,,
2024-08-01,株式会社ジョブシステム,その他,求人なし,長野県諏訪市沖田町4-25沖田Ｍビル 2Ｆ,1999,代表取締役 井上 正洋,,,,15 百万円,,
2024-08-01,サンワールド株式会社,その他,求人なし,鳥取県鳥取市南吉方1-50,1993,代表取締役 松下 光昭,,,,30 百万円,,
2024-08-01,有限会社坂元自動車,その他,求人なし,福岡県北九州市八幡西区別当町28-6,1989,代表取締役 坂元 克成,,,,10 百万円,,
2024-08-01,株式会社新美,その他,求人なし,福岡県福岡市中央区大名2-2-12Ｆ,1980,代表取締役 德丸 新哉,,,,10 百万円,,
2024-08-01,株式会社北海教育評論社,その他,求人なし,北海道札幌市東区本町一条1-1-11,1949,代表取締役 齊藤 貴志,,,,12 百万円,,
2024-08-01,北海スリーボンド株式会社,その他,求人なし,北海道札幌市東区北二十七条東22-4-1,1963,代表取締役 柴山 和範,,,,10 百万円,,
2024-08-01,有限会社総合産業,その他,求人なし,福岡県北九州市八幡西区本城東2-11-32,1990,代表取締役 山﨑 竜也,,,,5 百万円,,
2024-08-01,野寺基礎工業株式会社,その他,求人なし,長野県諏訪市大字四賀1907,1971,代表取締役 吉江 匡,,,,42 百万円,,
2024-08-01,北海道青果商業協同組合,その他,求人なし,北海道札幌市東区北十三条東14-17-134,1962,代表理事 西本 伸顯,,,,37 百万円,,
2024-08-01,株式会社サンリツ,その他,求人なし,長野県諏訪市湖岸通り2-3-45,1954,代表取締役 服部 孝子,,,,80 百万円,,
2024-08-01,マルコ自動車株式会社,その他,求人なし,長野県諏訪市大字四賀46,1963,代表取締役 小平 祐市,,,,15 百万円,,
2024-08-01,株式会社丸升増田本店,その他,求人なし,北海道札幌市中央区北七条西15-28-11中央カクマンビル 2Ｆ,1961,代表取締役 内山 恭子,,,,50 百万円,,
2024-08-01,株式会社矢沢光学,その他,求人なし,長野県諏訪市大字湖南4124-2,1959,代表取締役 矢澤 清,,,,17 百万円,,
2024-08-01,株式会社タキワ工業,その他,求人なし,長野県諏訪市大字中洲神宮寺557-2,1976,代表取締役 岩﨑 稔,,,,16 百万円,,
2024-08-01,鳥取空港ビル株式会社,その他,求人なし,鳥取県鳥取市湖山町西4-110-5鳥取空港ターミナルビル,1966,代表取締役 中島 文明,,,,150 百万円,,
2024-08-01,中央熱学株式会社,その他,求人なし,長野県諏訪市大字中洲4393-4,1974,代表取締役 宮本 健,,,,40 百万円,,
2024-08-01,サツラク農業協同組合,特殊法人・財団法人・その他団体・連合会,求人なし,北海道札幌市東区苗穂町3-3-7,1948,代表理事 長濵 秀人,,,,"1,271 百万円",,
2024-08-01,有限会社東海商事,その他,求人なし,福岡県北九州市八幡西区穴生2-15-13,1976,代表取締役 望月 熙,,,,3 百万円,,
2024-08-01,株式会社市川造園,その他,求人なし,北海道札幌市東区伏古十四条3-13-10,1975,代表取締役 市川 秀一,,,,23 百万円,,
2024-08-01,丸信信和設備工業株式会社,その他,求人なし,北海道札幌市東区北三十条東9-3-24,1974,代表取締役 佐藤 晃一,,,,20 百万円,,
2024-08-01,有限会社シード,その他,求人なし,福岡県北九州市八幡西区樋口町7-9101,1996,代表取締役社長 樋口 六生,,,,3 百万円,,
2024-08-01,株式会社諏訪青果物卸売センター,その他,求人なし,長野県諏訪市大字豊田288文出マンション 1Ｆ,1974,代表取締役 遠藤 直由,,,,21 百万円,,
2024-08-01,医療法人啓生会,その他,求人なし,北海道札幌市東区北二十七条東20-5-25医療法人啓生会病院内,1967,理事長 岡 千晶,,,,6 百万円,,
2024-08-01,日本海ケーブルネットワーク株式会社,その他,求人なし,鳥取県鳥取市富安2-137日本海新聞本社ビル 1Ｆ、6Ｆ,1985,代表取締役 吉岡 徹,,,,480 百万円,,
2024-08-01,テリオコーエイ株式会社,その他,求人なし,北海道札幌市東区東苗穂三条1-3-22,1975,代表取締役 山田 力也,,,,26 百万円,,
2024-08-01,一般財団法人鳥取県観光事業団,特殊法人・財団法人・その他団体・連合会,求人なし,鳥取県鳥取市相生町4-411,1979,代表理事 安田 達昭,,,,,,
2024-08-01,株式会社丸周中村土木,その他,求人なし,北海道札幌市中央区南二十九条西11-4-10,1971,代表取締役 中村 哲也,,,,41 百万円,,
2024-08-01,クリーンユーキ株式会社,その他,求人なし,長野県須坂市大字八町1096-2,1987,代表取締役 難波 智秀,,,,30 百万円,,
2024-08-01,株式会社ワシヒラ商会,その他,求人なし,北海道札幌市東区北二十六条東16-1-30,1975,代表取締役 大島 由敬,,,,10 百万円,,
2024-08-01,公益財団法人鳥取県保健事業団,特殊法人・財団法人・その他団体・連合会,求人なし,鳥取県鳥取市富安2-94-4,1977,理事長 秋藤 洋一,,,,,,
2024-08-01,公益財団法人ふるさと鳥取県定住機構,特殊法人・財団法人・その他団体・連合会,求人なし,鳥取県鳥取市扇町115-1鳥取駅前第一生命ビル 1Ｆ,1994,代表理事 森谷 邦彦,,,,,,
2024-08-01,一般財団法人鳥取市教育福祉振興会,特殊法人・財団法人・その他団体・連合会,求人なし,鳥取県鳥取市西町2-311,1972,代表理事 中村 英夫,,,,,,
2024-08-01,有限会社大塚運送,その他,求人なし,鳥取県鳥取市吉成3-2-5,1999,代表取締役 大塚 茜,,,,3 百万円,,
2024-08-01,有限会社丸や山口商店,その他,求人なし,北海道札幌市東区北五十条東4-1-1,1975,代表取締役 山口 剛史,,,,5 百万円,,
