更新日,名称,業界(小分類),求人有無,事業内容,所在地,設立,従業員数,資本金,平均年齢,企業URL,上場市場名,代表者,お問い合わせ先URL,代表電話番号
2024-05-01,ヒューマンスターチャイルド株式会社,公社・官公庁・学校・研究施設,1,■事業内容： 認可保育園・学童保育施設の整備、運営※現在35園を運営（2024年4月より新園が3園開園予定）,神奈川県横浜市神奈川区鶴屋町3-29-1第6安田ビル5F,1994,801,90百万円,,http://www.starchild.jp/,,,https://www.starchild.jp/form/hsc_toiawase/,"['045-276-3244', '045-272-5394']"
2024-07-01,株式会社ＰＫＳＨＡ　Ｔｅｃｈｎｏｌｏｇｙ,公社・官公庁・学校・研究施設,29,■事業内容： アルゴリズムライセンス事業～2つのソフトウエア事業の相乗効果で企業のビジネス支援や社会の課題解決を目指します～PKSHA Technologyは、主に自然言語処理、画像認識、機械学習/深層学習技術に関わるアルゴリズムソリューションを展開しています。「PKSHA Product」で蓄積した知見・データを「PKSHA ReSearch」に活用、2つの事業の循環を生むことで、さらなる研究・製品品質の向上を図ります。,東京都文京区本郷2-35-10本郷瀬川ビル4F,2012,388,,,https://www.pkshatech.com/,スタンダード市場,,https://www.pkshatech.com/ir/information/,['03-6801-6718']
2024-06-01,ユーロフィン日本総研株式会社,公社・官公庁・学校・研究施設,2,"■ユーロフィンについてユーロフィン（Eurofins Scientific）は、食品・製品・環境・アグロ・ジェノミクス・クリニカルダイアグノスティック・医薬品・材料等、幅広い分野に関わる分析及び検査サービスをグローバルに展開しています。 世界59カ国に940以上のグループラボがあり（2022年7月現在）、グループ法人数は1,000社を超え、200,000通りに及ぶ分析項目・手法を採用、年間4億5,000万件を超える試験を実施しています。",静岡県浜松市中央区西島町1325,1971,180,20百万円,,https://www.eurofins.co.jp/,,,https://www.eurofins.co.jp/お問い合わせ-総合/,"['080401003803', '053-425-7533']"
2024-07-01,株式会社四国総合研究所,公社・官公庁・学校・研究施設,7,■事業内容： 電気事業への貢献と電気事業で培った技術の提供による地域振興を目的に、1987年10月、四国電力株式会社の技術研究所を母体として分離・独立しました。以降、電力・エネルギーをはじめとして、土木・地質、情報通信、エレクトロニクス、化学、バイオテクノロジーなどの分野にわたって研究開発を行っています。四国の民間研究開発機関として、大学・自治体・地元企業との共同研究などを通じて、地域社会の振興発展に役立つ研究開発にも取り組んでいます。,香川県高松市屋島西町2109-8,1987,120,100百万円,,https://www.ssken.co.jp/,,,なし,"['0878438111', '843-8111087']"
2024-06-01,コンビウィズ株式会社,公社・官公庁・学校・研究施設,3,■事業内容： ・コンビウィズ株式会社は、お子さま連れでのお出かけを多面的にサポートしている会社です。■事業詳細：1.ベビーケアシステム製品の開発・販売2.保育環境の開発・販売3.保育園の運営4.ベビーシッターサービス事業5.託児施設の企画・提案及び託児施設の運営,東京都台東区元浅草2-6-7,1982,343,30百万円,,http://www.combiwith.co.jp/,,,https://www.combiwith.co.jp/biz/qa/,"['03-6231-6301', '03-5828-7481', '03-5828-7631', '03-5828-7630', '03-5828-7666', '0120-67-3177', '03-5828-7632', '06-6942-0384']"
2024-07-01,学校法人藤田学園,公社・官公庁・学校・研究施設,7,■藤田学園について1964年9月、「よき医療人の育成」のための医療系総合病院を目指して、創設者総長藤田啓介医学博士の「人生究極の事業とは教育である」との確固たる信念のもと設立認可されました。創立より50年以上の歴史を持つ、地域連携医療を牽引する東海地域最大規模の医療系総合大学です。単一の病院としては国内最大の病床数1376床を誇る藤田医科大学病院を始め、愛知県内にばんたね病院、岡崎医療センター、三重県に七栗記念病院の4つの教育病院を有し、実践力のある高度な医療人育成に取り組んでいます。,愛知県豊明市沓掛町田楽ヶ窪1-98,1964,6896,,,https://academy.fujita-hu.ac.jp/,,,https://academy.fujita-hu.ac.jp/about/inquiry.html,"['0562-93-2920', '0562-93-2800', '0562-93-3666', '0562-93-2111']"
2024-06-01,学校法人大阪電気通信大学,公社・官公庁・学校・研究施設,1,1941年に当時の先端技術領域であった電子工学や通信工学といった電気通信技術の学校として発足し、1951年に高等学校を、1961年には大学を設立しました。高等学校のスタートは電子工業科でしたが、その後、普通科を加えてコース選択の幅を広げ、大阪電気通信大学の学びに直結したコースも備えています。また、大学においては工学部電子工学科を設置後、1962年には同学部通信工学科を設置、その後も領域を広げつつ、2024年4月には5学部（工学部、情報通信工学部、建築・デザイン学部、医療健康科学部、総合情報学部）13学科4専攻、大学院3研究科3専攻からなる「技術系総合大学」に成長しました。,大阪府寝屋川市初町18-8,1941,300,,,http://www.osakac.ac.jp/,,,https://www.osakac.ac.jp/inquiry/,"['072-824-0014', '072-824-1131']"
2024-07-01,学校法人関西学院,公社・官公庁・学校・研究施設,1,関西学院はキリスト教主義による教育を理念として生まれ、現在は兵庫県西宮市と三田市、宝塚市、大阪府箕面市、大阪梅田、東京丸の内にキャンパスを設け、幼稚園から大学院までを擁する総合学園です。,兵庫県西宮市上ケ原一番町 1番155号,1889,1204,,,https://www.kwansei.ac.jp/index.html,,理事長 村上 一平,https://www.kwansei.ac.jp/contact,"['0798-51-0915', '0798-54-6135', '0798-54-6013', '0798-54-6883']"
2024-06-01,警察庁,公社・官公庁・学校・研究施設,1,警察は、個人の生命、身体及び財産の保護に任じ、犯罪の予防、鎮圧及び捜査、被疑者の逮捕、交通の取締その他公共の安全と秩序の維持に当たることをその責務としています。,東京都千代田区霞が関2丁目1番2号,1954,,,,https://www.npa.go.jp,,警察 庁 長官,なし,"['03-3581-0141', '03-3581-4321']"
2024-07-01,一般財団法人日本自動車研究所,公社・官公庁・学校・研究施設,10,■事業内容：一般財団法人 日本自動車研究所（JARI：Japan Automobile Research Institute）は、自動車に関する総合的な研究を行い、クルマ社会の健全な進展に貢献することを使命とした試験研究機関です。自動車技術は高度化し、自動車技術に関する研究分野は拡大をしています。それらに対応すべく、従来の自動車の安全や環境の改善の課題に加えて、地球温暖化防止のための省エネルギー化、自動車事故を未然に防ぐための予防安全、石油燃料に替わる新たなエネルギーの探索などに関する研究を実施しています。,東京都港区芝大門1-1-30,1969,370,"1,410百万円",47,http://www.jari.or.jp/,,,https://www.jari.or.jp/contacts/,['5733-7924']
2024-07-01,学校法人拓殖大学,公社・官公庁・学校・研究施設,1,■高等教育機関（大学・短期大学・高等学校の運営）・拓殖大学・拓殖大学北海道短期大学・拓殖大学第一高等学校,＜文京キャンパス＞〒112-8585東京都文京区小日向3-4-14＜八王子国際キャンパス＞〒193-0985東京都八王子市館町815-1,1900,236,,,https://www.takushoku-u.ac.jp/,,理事長 岡戸 巧,https://www.takushoku-u.ac.jp/contact.html,"['042-661-0480', '042-665-1476', '3947-7159', '03-3947-2270', '03-3947-7205', '042-665-1293']"
2024-06-01,国立研究開発法人国立がん研究センター,公社・官公庁・学校・研究施設,2,昭和37年に、我が国のがんの医療・研究の拠点となる国立機関として誕生した国立がん研究センター。開設以来、がんの診療や研究に多大な成果を上げ、広く世界にも知られています。研究所が目指すのは、病院および行政との密接な連携のもと、がん対策を推進すること。そして我が国におけるがん研究を推進する中核施設としての機能を果たすこと。この2つを主軸に活動しています。,【築地キャンパス】東京都中央区築地5-1-1,1962,,,,https://www.ncc.go.jp/jp/index.html,,理事長 中釜 斉,https://www.ncc.go.jp/jp/information/contact/index.html,"['03-3542-2511', '03-3547-5067']"
2024-07-01,国立研究開発法人産業技術総合研究所,公社・官公庁・学校・研究施設,2,"■役割国内最大級の公的研究機関として、産業化を見据えた応用的な研究と、成果を社会や企業に活用してもらう橋渡しにより、社会課題解決と産業競争力強化に貢献する■体制8つの研究領域等、全国13カ所に展開2,000名以上の研究者が、国家戦略等に基づき、ナショナルイノベーションシステムの中核的・先駆的立場で研究開発を行う■グローバル展開世界各国の主要研究機関と包括研究協力覚書（MOU）を締結 等",【東京本部】〒100-8921東京都千代田区霞が関1-3-1【つくば本部】〒305-8560茨城県つくば市梅園1-1-1 つくば本部・情報技術共同研究棟,2001,5818,"2,779億9,141万円",,https://www.aist.go.jp/,,理事長 石村 和彦,https://www.aist.go.jp/aist_j/inquiry/index.html,['029-861-5022']
2024-06-01,国立研究開発法人物質・材料研究機構,公社・官公庁・学校・研究施設,2,■事業内容： ・物質・材料科学技術に関する基礎研究および基盤的研究開発,茨城県つくば市千現1-2-1,2001,1566,"73,500百万円",,https://www.nims.go.jp/,,,https://www.nims.go.jp/contact/index.html,"['029-859-2000', '029-860-4610', '029-859-2053']"
2024-07-01,学校法人博多学園,公社・官公庁・学校・研究施設,1,■事業内容： 幼児教育（博多学園幼稚園グループ７園）・高校教育（博多高等学校）・専門教育（博多メディカル専門学校）の運営,福岡県福岡市東区水谷1-21-1,1941,234,,,"Failed to retrieve page, status code: 410",,,"Error accessing Failed to retrieve page, status code: 410: No connection adapters were found for 'Failed to retrieve page, status code: 410'","['0926810331', '0926810301', '0926725080', '092-681-0301', '092-681-0331']"
2024-07-01,学校法人都築育英学園,公社・官公庁・学校・研究施設,1,■本学校法人は付属幼稚園を始め、小学校、中学校、高等学校、大学等、様々な学校を経営・運営しております。世界の第一線で活躍できるグローバル人材の育成に力を入れており、積極的な取り組みの一つとして、学生が能動的に学ぶ「きっかけ」づくりを行っております。本学校法人が運営する大学の一つでは、インキュベーション（起業支援）施設を運営しております。ここからは多くのイノベーティブな企業が巣立って行きました。これらのインキュベーションに17年間携わった実績をもって、今後は海外に進出したいという日本のベンチャー企業と学生とのコラボレーションも考えています。,福岡県太宰府市五条3-11-25,1996,400,10百万円,,なし,,,Error accessing なし: Invalid URL 'なし': No scheme supplied. Perhaps you meant https://なし?,"['092-922-5131', '078-265-6111', '092-922-7231']"
2024-05-01,学校法人九州国際学園,公社・官公庁・学校・研究施設,1,■九州国際情報ビジネス専門学校について：本校は創立34年目を迎える専門学校です。開校以来、卒業後実社会の要望に応えるべく知識・技能の習得、資格を取得した「スペシャリスト」育成、社会人として社会常識・基本マナーを備えた明るく健康で建設的思考を持った「人間性豊かな人材」育成を教育方針に掲げ、バランスの取れた人材育成を目指しております。学科は4学科7コースから構成されております。,佐賀県佐賀市神野東1-9-32,1987,24,480百万円,,https://cosmet.ac.jp/,,,https://cosmet.ac.jp/contact/index.html,"['0952-50-7291', '0952-31-5931', '0952-31-5943']"
2024-05-01,学校法人名古屋電気学園,公社・官公庁・学校・研究施設,1,■事業内容：私立学校（大学・高等学校・中学校・専門学校）の経営,愛知県名古屋市千種区若水3-2-12,1912,1172,,,https://www.nagoyadenki.jp/,,,https://www.ait.ac.jp/contact/#headline-1421475659,"['052-721-0201', '052-721-0311']"
2024-07-01,学校法人渕野学園,公社・官公庁・学校・研究施設,2,幼保連携型認定こども園 富士見が丘幼稚園の運営を行っています。■幼稚園・保育園の特徴：＜安心・安全な幼稚園を目指します＞子どもは環境（人的・物的）の中で育っていきます。『目に見える環境』は整えやすく理解されやすいものですが、実は子どもたちにとって最も重要なことは『目に見えない環境』の充実です。,大分県大分市富士見が丘東2-8-6,1976,25,,40,http://fujimigaoka-youchien.com,,,なし,['097-541-6101']
2024-06-01,学校法人廣池学園,公社・官公庁・学校・研究施設,9,■当学園について： 麗澤各校は、学祖・廣池千九郎（法学博士）の提唱するモラロジー（道徳科学）に基づく知徳一体の教育を基本理念として、昭和10年（1935年）の創立以来、世界の平和と繁栄に貢献できる｢真の国際人」を養成してきました。今後も、学生・生徒の心に仁愛の精神を培い、その上に最新の科学技術、知識を修得させる建学の精神を堅持し、なお一層、教育・研究の充実を図り、国家社会、世界にとって真に有用な人材を養成してまいります。,千葉県柏市光ケ丘2-1-1,1935,394,,,https://www.reitaku.jp/,,,https://www.reitaku.jp/contact/,"['04-7173-3111', '04-7173-3596', '04-7173-3541']"
2024-07-01,学校法人Ｃ２Ｃ　Ｇｌｏｂａｌ　Ｅｄｕｃａｔｉｏｎ　Ｊａｐａｎ,公社・官公庁・学校・研究施設,1,■事業内容： 山梨学院大学をはじめ、幼稚園から大学までの全学校種の運営を行っている総合学園です。社会変化の大きい環境下でもグローバルに活躍できる学生を育成するため、様々な業界から経験豊富な方をお招きし、新しい制度や価値観を取り入れたりと、変革を日々進めています。,山梨県甲府市酒折2-4-5,1946,710,,,https://www.c2c.ac.jp/,,,https://www.c2c.ac.jp/contact,"['055-224-1400', '055-233-1111', '055-224-1396', '055-224-1616']"
2024-06-01,学校法人戸板学園,公社・官公庁・学校・研究施設,1,短期大学・私立中学校・高等学校の運営三田国際学園中学校、三田国際学園高等学校、戸板女子短期大学,【戸板女子短期大学】東京都港区芝2-21-17〒158-0097 【三田国際学園中学校・三田国際学園高等学校】東京都世田谷区用賀2-16-1,1902,250,,,http://www.toita.ac.jp,,理事長 湯尾 健児,https://www.toita.ac.jp/contact/,['03-3452-4161']
2024-06-01,学校法人瓜生山学園,公社・官公庁・学校・研究施設,1,京都芸術大学をはじめとする教育・研究に関わる諸事業＜設置校＞■京都芸術大学■京都芸術デザイン専門学校■京都文化日本語学校■京都芸術大学附属高等学校■認可保育園 こども芸術大学,京都府京都市左京区北白川瓜生山2-116,1977,504,,,https://www.kyoto-art.ac.jp/,,理事長 徳山 豊,https://www.kyoto-art.ac.jp/inquiry/,['0757919122']
2024-06-01,一般社団法人日本油料検定協会,公社・官公庁・学校・研究施設,1,■事業内容：・油脂及び油脂原料等の輸出入の検量、鑑定、検査・油脂原料、輸入食品及び環境の細菌学的・理化学的分析検査,兵庫県神戸市東灘区御影塚町1-2-15,1952,120,5百万円,,https://www.nykk.or.jp/,,,https://nykk.or.jp/contact/,['078-841-4990']
2024-07-01,学校法人東京国際大学,公社・官公庁・学校・研究施設,2,■事業内容：・学校法人東京国際大学・東京国際大学付属日本語学校・予備校の運営,東京都新宿区高田馬場4-23-23,1951,,,,https://www.tiu.ac.jp/,,,https://www.tiu.ac.jp/contact/,"['03-3371-6125', '03-3362-9644', '03-3371-6121', '03-3208-8807', '03-3208-8801', '03-3362-9641']"
2024-07-01,公益財団法人日本英語検定協会,公社・官公庁・学校・研究施設,11,60年以上の実績をもつ試験実施団体です。実用英語技能検定(英検)をはじめとする多様な試験の実施・運営を行っており、小さいお子様からご年配の方まで、学習ステージや目的に合わせた試験を展開することで受験者の生涯学習を支えています。,東京都新宿区横寺町55,1963,159,"1,981百万円",40,http://www.eiken.or.jp/,,,https://www.eiken.or.jp/contact/,['3266-8311']
2024-07-01,学校法人穴吹学園,公社・官公庁・学校・研究施設,1,■事業内容：専門学校の運営,香川県高松市錦町1-22-23,1985,204,,,"Failed to retrieve page, status code: 410",,,"Error accessing Failed to retrieve page, status code: 410: No connection adapters were found for 'Failed to retrieve page, status code: 410'","['087-823-4888', '087-823-2266']"
2024-07-01,公益財団法人東京都道路整備保全公社,公社・官公庁・学校・研究施設,5,■事業内容： 東京都道路整備保全公社は、「安全・快適な道路環境の創出」、「総合駐車対策の推進」を通じて、首都東京の都市再生と都市機能の維持増進、都民生活の向上に寄与することを目的とした公益財団法人です。道路空間等の有効活用による新たな価値の創出を常に目指し、事業収益は広く都民・社会に還元することにより、全事業過程において一貫して公共性・公益性を追求しています。,東京都新宿区西新宿2-7-1小田急第一生命ビル20F,1960,705,500百万円,,http://www.tmpc.or.jp/,,,https://www.tmpc.or.jp/contact.html,"['5381-3355', '03-5381-3361']"
2024-07-01,学校法人辻料理学館,公社・官公庁・学校・研究施設,2,学校法人辻料理学館は、辻調グループの中核を担っている「辻調理師専門学校」と「辻製菓専門学校」の二つの専修学校を設置し、運営しています。■辻調グループ運営教育機関：辻調理師専門学校、辻製菓専門学校、エコール辻東京、辻調グループフランス校■辻調グループのビジョン：われわれ辻調グループは、「本物を探求する姿勢」をもって、「食」の技術や知識に関する集積力・開発力・発信力という強みを生かすことで、「食業人」として活躍したい人をはじめ、あらゆる人々に「学び」「気づき」「愉しみ」の場の創造を通じて人生を豊かにすることのできる「食」の素晴らしさを伝え、食文化の発展に貢献していきます。,大阪府大阪市阿倍野区松崎町3-16-11,1960,340,,40,なし,,,Error accessing なし: Invalid URL 'なし': No scheme supplied. Perhaps you meant https://なし?,['06-6629-0206']
2024-06-01,学校法人名古屋自由学院,公社・官公庁・学校・研究施設,2,■事業内容： 大学、幼稚園の運営（名古屋芸術大学大学院／名古屋芸術大学／滝子幼稚園／名古屋芸術大学附属クリエ幼稚園）■事業特徴本学は、芸術学部芸術学科音楽領域・舞台芸術領域・美術領域・デザイン領域および芸術教養領域におきましては、芸術に関する学術技芸の能力修得を目標とした教育を、また教育学部では、保育・教育・福祉の知識・技術の修得を目指した教育を行っております。各学部とも社会人として充分な能力を有する人材の育成に努めています。,愛知県名古屋市昭和区永金町1-1-15,1954,562,,,https://www.nua.ac.jp/about/disclosure/jiyuu-gakuin/,,,https://www.nua.ac.jp/contact/,"['052-882-0758', '052-882-0464']"
2024-06-01,学校法人都築教育学園,公社・官公庁・学校・研究施設,1,■設置学校・園 一覧： ・第一工科大学（鹿児島キャンパス／東京上野キャンパス）・鹿児島第一中学校／高等学校・鹿児島第一幼稚園・鹿児島第一医療リハビリ専門学校・札幌医療リハビリ専門学校■都築学園グループ建学の精神・理念：＜建学の精神＞個性の伸展による人生練磨＜教育の基本理念＞個性を伸ばし、自信をつけさせ世界へ送り出したい,鹿児島県霧島市国分中央1-10-2,1985,314,,,http://www.tsuzukigakuengroup.com/affiliated_school/institute_3,,,なし,"['0120-58-0640', '0995-47-7759', '0995-45-0640', '0995-47-2072', '0995-47-2083', '0995-45-2010']"
2024-06-01,学校法人セムイ学園,公社・官公庁・学校・研究施設,1,■事業内容： 理学療法士、作業療法士、柔道整復師、臨床工学技士、言語聴覚士、看護師の養成※以下の3校の運営を行っています。・東海医療科学専門学校・東海歯科医療専門学校・東海医療工学専門学校,愛知県名古屋市中村区名駅南2-7-2,1992,90,"2,990百万円",,https://www.tokai-med.ac.jp/,,,https://www.school-go.info/77m4c1/semui/form.php?fno=123&fsno=1&_gl=1*1k3dplh*_ga*NTkyNjQxMTc5LjE3MDI5NDM3MDA.*_ga_3WTZB24HRW*MTcwOTAyNDIyMC40NC4wLjE3MDkwMjQyMjMuNTcuMC4w&nnso=0,なし
2024-07-01,学校法人産業能率大学,公社・官公庁・学校・研究施設,7,■概要：『マネジメントの総合教育研究機関』学生教育部門と社会人教育部門およびマネジメントに関する総合的な研究機関としての総合研究所を併せ持つ「学校法人」として、国内のみならず世界的に見ても非常にユニークな存在です。「実学教育」を伝統とする大学の使命を礎に、総合研究所は創立当初から欧米の経営手法を日本の産業界に紹介・普及し、個別企業向けの研修やコンサルテーション等を通して産業界と緊密な関係を築いてきております。■事業領域：通信研修、企業内研修、コンサルテーション、eラーニング、公開セミナー、組織・個人診断、調査・研究活動、大会・イベント,東京都世田谷区等々力6-39-15,1925,532,,50,https://www.sanno.ac.jp/,,,https://www.sanno.ac.jp/undergraduate/contact/index.html,"['03-3704-9955', '03-3704-1436', '03-6432-2536', '3704-1110', '3704-1111']"
2024-07-01,学校法人宝塚大学,公社・官公庁・学校・研究施設,1,■学校法人宝塚大学の運営,【東京新宿キャンパス】東京都新宿区西新宿7丁目11番1号,1987,,,,https://www.takara-univ.ac.jp/,,理事長 玉本 隆一,https://www.takara-univ.ac.jp/contact/,"['3367-3411', '03-3367-3411']"
2024-06-01,株式会社サンアロマ,公社・官公庁・学校・研究施設,1,・食品及び食品添加物の研究開発・乳呈味素材の開発業務及び乳をはじめとする天然物からの抽出素材の開発業務・冷菓、飲料をはじめとする食品に対し香味を付与する素材として、酵素や乳酸菌等を用いた乳呈味素材の開発や、天然物から香り成分を抽出した抽出物の開発・上記業務内容を担う部署の管理職として部下の指導、育成,大阪府吹田市寿町2-1-11,1959,92,5000万円,,http://sun-aroma.com/,,代表取締役社長 杉山 勲,http://sun-aroma.com/contact-check/,なし
2024-07-01,学校法人後藤学園,公社・官公庁・学校・研究施設,1,■当学園について：学校法人後藤学園、武蔵野栄養専門学校、武蔵野調理師専門学校、専門学校武蔵野ファッションカレッジ、武蔵丘短期大学は、学生自身が自分の個性にあった職業に必要な基本となる「知識・技術」をしっかりと身につけ習得する学校であり、「身体で覚える授業」を提唱しています。,東京都豊島区南池袋3-12-2,1947,190,,,https://www.goto.ac.jp/,,,https://www.goto.ac.jp/#page9,"['03-3982-6152', '03-3982-6154', '03-3971-6188']"
2024-07-01,株式会社帝京サービス,公社・官公庁・学校・研究施設,6,■事業内容：帝京大学グループと連携しながら、学生、教職員、地域社会のニーズに応え、高品質なサービスを提供することを目指しています。,東京都板橋区稲荷台10-7帝京大学大学棟3号館,1979,46,30百万円,,http://www.teikyo-service.com/,,,https://www.teikyo-service.com/corporate/contact/,"['011-531-2226', '0120-335933', '03-3964-1408']"
2024-06-01,株式会社前橋天川自動車教習所,公社・官公庁・学校・研究施設,1,■事業内容： 自動車教習業務（普通車・普通二輪車）高齢者講習・取得時講習・ペーパードライバー教習業務■ビジョン： 運転の責任を教えます・生命の大切さを教えます・運転の楽しさを教えます・地域の安全に貢献します,群馬県前橋市天川大島町1065-2,1981,,10百万円,,http://www.amagawa.com/,,,http://www.amagawa.com/contact_document/,['027-261-0840']
2024-06-01,一般財団法人大蔵財務協会,公社・官公庁・学校・研究施設,2,■事業内容：・書籍出版事業・公益事業（財務行政に関する調査研究、財務行政に関する啓蒙普及、その他、財務行政の改良発達への寄与等の目的を達成するために必要な事業）・税務データベース,東京都墨田区東駒形1-14-1財協ビル,1936,70,,44,http://www.zaikyo.or.jp/,,,https://www.zaikyo.or.jp/contact/,"['03-3829-4001', '03-5637-9926', '03-3829-4141']"
2024-07-01,ユニバース開発株式会社,公社・官公庁・学校・研究施設,3,■事業内容： ・環境事業・ビル事業・フランチャイズ事業・知育事業,東京都文京区本郷2-10-9冨士ビル2F,1970,498,50百万円,,https://www.universe-dev.co.jp/,,,https://universe-dev.co.jp/contact.html,['03-5615-8490']
2024-05-01,株式会社日本総合科学,公社・官公庁・学校・研究施設,1,測定分析・食品衛生・環境調査・環境創造研究所の運営,広島県福山市箕島町南丘399番地46,1987,71,5000万円,,https://www.ntsc.co.jp,,代表取締役 近本 陽一,https://www.ntsc.co.jp/inq/inquiry.html,"['084-971-8181', '082-263-6561', '0849810181', '084-971-8180']"
2024-07-01,独立行政法人日本スポーツ振興センター,公社・官公庁・学校・研究施設,1,■スポーツ施設の運営及びスポーツの普及・振興■災害共済給付及び学校安全支援■国際競技力向上のための研究・支援等に関する業務■スポーツ・インテグリティの保護・強化に関する業務■スポーツ振興投票等■スポーツ振興のための助成■日本のスポーツ情報機能の強化に関する業務■登山に関する指導者養成及び調査研究■スポーツ博物館・図書館の管理・運営■関係機関との連携・協働に関する取組■受託業務,【独立行政法人日本スポーツ振興センター 外苑事務所】東京都新宿区霞ヶ丘町4-1日本青年館・日本スポーツ振興センタービル6～8階,2003,,,,https://www.jpnsport.go.jp/,,理事長 芦立 訓,https://www.jpnsport.go.jp/corp/tabid/449/Default.aspx,"['03-5410-9124', '03-3401-0101', '03-5410-9146', '03-6452-9065']"
2024-07-01,株式会社環境衛生科学研究所,公社・官公庁・学校・研究施設,1,■環境コンサルティング業 ■環境計量証明事業（水質・大気・騒音振動 等）,長崎本社ラボ／長崎県長崎市田中町603-3,1974,37,,,https://www.ec-kaken.co.jp/,,代表取締役社長 新宮 一広,https://www.ec-kaken.co.jp/#contact,"['095-834-0261', '095-895-2582', '095-895-2731', '095-834-0250', '097-536-0061', '092-623-2211', '0258-46-7151']"
2024-05-01,公益財団法人宮崎県環境科学協会 　(宮崎県指定浄化槽法定検査機関),公社・官公庁・学校・研究施設,1,＜公益財団法人＞環境に関する測定分析環境計量証明事業,宮崎県宮崎市大字田吉字ヅンブリ6258番地20,1973,81,"7,000万円",,https://miyazaki-kankyo.or.jp/,,理事長 石井 浩二,"Error accessing https://miyazaki-kankyo.or.jp/: HTTPSConnectionPool(host='miyazaki-kankyo.or.jp', port=443): Max retries exceeded with url: / (Caused by SSLError(SSLCertVerificationError(1, '[SSL: CERTIFICATE_VERIFY_FAILED] certificate verify failed: unable to get local issuer certificate (_ssl.c:1007)')))",['0985-51-2077']
2024-07-01,学校法人永守学園,公社・官公庁・学校・研究施設,6,■事業内容：教育機関（大学・大学院、幼稚園・保育園）の運営下記建学の精神に基づき、2018年から様々な改革を進めています。・本学では、未来につながる課題を自ら設定し、それを解決することができる先端人材を輩出します。・本学では、これからの社会が目指すべき姿を構想し、その実現に向けた諸課題の解決に繋がる先端学術研究を実践します。・本学は、人材輩出・研究の実践を通じ、現在と未来の世界に先頭を切って貢献していきます。,京都府京都市右京区山ノ内五反田町18,1969,400,,,https://www.kuas.ac.jp/corporation/,,,https://www.kuas.ac.jp/contact,"['075-406-9107', '075-406-7000', '075-406-9250', '0754069108']"
2024-05-01,学校法人トヨタ学園,公社・官公庁・学校・研究施設,1,■事業内容：大学及び大学院大学の運営を行っています。設置している学校・学部・学科等は下記の通りです。（1）豊田工業大学 工学部 先端工学基礎学科（2）豊田工業大学 大学院 工学研究科（3）TTIC（豊田工業大学シカゴ校）,愛知県名古屋市天白区久方2-12-1,1981,195,,,https://www.toyota-ti.ac.jp/,,,https://www.toyota-ti.ac.jp/inquiry.html,"['052-802-1111', '052-809-1723']"
2024-07-01,学校法人追手門学院,公社・官公庁・学校・研究施設,4,＜事業内容＞追手門学院大学、大学院、学校法人追手門学院中・高等学校、学校法人追手門学院手前中・高等学校、学校法人追手門学院小学校、幼保連携型認定こども園 学校法人追手門学院幼稚園を抱える学校法人です。2016年に大学創立50周年、2018年には学院創設130周年を迎え、2019年には大学総持寺キャンパス開設、中・高等学校の全面移転を行いました。,大阪府茨木市西安威2-1-15,1888,1026,,,なし,,,Error accessing なし: Invalid URL 'なし': No scheme supplied. Perhaps you meant https://なし?,"['072-641-9168', '072-641-7461', '072-641-7441', '072-641-7442']"
2024-05-01,株式会社雪研スノーイーターズ,公社・官公庁・学校・研究施設,2,～日本で唯一の雪のノウハウと防雪技術に特化した「防雪・防災のスペシャリスト集団」～■事業：創業当時から事業の柱である「雪や気象に関する調査・研究・開発」をはじめ、「防雪対策工設計」「環境調査」まで他社には無い多くの部門を有しています。,北海道札幌市中央区南二条西7-5-6,1988,30,38百万円,,https://www.snow-eaters.com/,,,https://www.snow-eaters.com/?page_id=6,なし
2024-05-01,学校法人東京聖栄大学,公社・官公庁・学校・研究施設,1,■事業内容：学校法人東京聖栄大学は、東京聖栄大学、東京聖栄大附属わたなべ幼稚園、東京聖栄大学附属調理師専門学校の3校を運営しています。,東京都葛飾区西新小岩1-4-6,1947,95,,,https://www.tsc-05.ac.jp/,,,https://www.tsc-05.ac.jp/inquiry/,"['03-3692-0211', '03-3692-0213', '03-3692-0238']"
2024-07-01,学校法人夙川学院,公社・官公庁・学校・研究施設,2,■事業内容： 兵庫県神戸市長田区に本部を置き、神戸教育短期大学、夙川学院ソレイユ認定こども園、神戸教育短期大学附属八尾ソレイユ認定こども園を運営する学校法人,兵庫県神戸市長田区西山町2-3-3,1951,102,,,http://www.shukugawagakuin.net/,,,http://www.shukugawagakuin.net/contact/,"['10586441', '078-611-3351', '078-611-3356', '078-611-3350']"
2024-07-01,有限会社京都幼児教室,公社・官公庁・学校・研究施設,4,■施設・京都幼児教室（乳児・幼児の学習塾） 小学校受験対策クラス・知能開発クラス・体操教室・書き方教室・計算教室・キッズキングダム など 専任講師による授業：ピアノ教室・コンピュータ教室・バレイ教室 ・箏教室・Kirara LEAP（幼児・小学生の英語での学童保育）・京都きらら学園（認可外保育園）・きららインターナショナル幼稚舎（認可外保育園・企業主導型保育事業所）・リトルベアナーサリー(認可園・小規模保育)・児童発達支援事業所なかよし(認可園・児童発達支援事業所)◎物品販売業 教材教具の販売・問題集出版,京都府京都市下京区高倉通仏光寺上西前町375-1,1972,82,,,"Failed to retrieve page, status code: 410",,,"Error accessing Failed to retrieve page, status code: 410: No connection adapters were found for 'Failed to retrieve page, status code: 410'","['075-344-5013', '075-451-8111', '075-344-5015']"
2024-05-01,学校法人帯広学園,公社・官公庁・学校・研究施設,1,■事業内容： ・帯西幼稚園…北海道らしい広大な敷地を有する、西帯広ニュータウンにある幼稚園です。・こりすクラブ…入園前のお子様を対象とした教室です。・第一いずみ幼稚園…東の札内近くにある小さな伝統ある幼稚園です。・帯広調理師専門学校,北海道帯広市大通南12-7,,,,,http://obigaku.com/,,,なし,"['0155-22-6550', '0155225777']"
2024-07-01,公益財団法人愛媛県総合保健協会,公社・官公庁・学校・研究施設,1,■事業内容：同協会は、各種健診を通じて疾病に対する予防意識の改革を図るとともに、各種検査を通じて地域環境の保全に関する関心度を高め、もって県民の健康保持増進及び生活環境の保全改善に寄与することを目的としています。・健康の保持増進に関する知識の普及啓発・県民の健康保持増進のための生活改善への取り組み・健康増進に関する調査研究並びにデータ分析による資料の提供・生活習慣病、がん、結核及びその他の疾病の予防及び早期発見に必要な各種健診検査・生活環境の保全改善に関する検査調査及び知識の普及啓発・その他、本協会の目的を達成するために必要な事業,愛媛県松山市味酒町1-10-5,1998,425,100百万円,,http://www.eghca.or.jp,,,https://www.eghca.or.jp/contact.php,"['089-987-8200', '089-987-8202', '089-987-8251']"
2024-06-01,公益社団法人日本アロマ環境協会,公社・官公庁・学校・研究施設,1,■アロマテラピーの普及啓発、良好なアロマ環境の保全創造■アロマテラピー検定、環境カオリスタ検定、ナチュラルビューティスタイリスト検定試験実施■アロマテラピー上位資格試験・認定■認定スクール制度の実施■学術調査研究活動■「アロマの日」広報・普及活動■機関誌、アロマテラピー学雑誌などの発行■精油の調査・研究,東京都渋谷区神宮前6-34-24 AEAJグリーンテラス,2005,36,,,https://www.aromakankyo.or.jp/,,理事長 熊谷 千津,https://www.aromakankyo.or.jp/inquiry/,なし
2024-06-01,佐賀県,公社・官公庁・学校・研究施設,1,佐賀県の行政業務,佐賀県佐賀市城内1丁目1-59,,3168,,41.3,https://saga-saiyou.net/,,佐賀県知事 山口 祥義,https://saga-saiyou.net/contact,"['0952-26-6754', '0952-26-7528', '0952-25-7114', '0952-24-2111']"
2024-07-01,警視庁,公社・官公庁・学校・研究施設,2,◆首都東京を管轄する警察組織◆犯罪の抑止◆事件捜査◆組織犯罪への対応◆交通違反指導取締り◆国会など重要防護施設の警戒警備 他,警視庁本部／東京都千代田区霞が関2-1-1,1874,43566,,,https://www.keishicho.metro.tokyo.lg.jp/saiyo/2024/,,第99代警視総監 緒方 禎己,"Error accessing https://www.keishicho.metro.tokyo.lg.jp/saiyo/2024/: HTTPSConnectionPool(host='www.keishicho.metro.tokyo.lg.jp', port=443): Max retries exceeded with url: /saiyo/2024/ (Caused by SSLError(SSLCertVerificationError(1, '[SSL: CERTIFICATE_VERIFY_FAILED] certificate verify failed: unable to get local issuer certificate (_ssl.c:1007)')))","['03-3581-0141', '0335814321', '03-3581-4321']"
2024-05-01,本別町,公社・官公庁・学校・研究施設,1,■本別町の活性化と町民の支援に関わる施策【本別町】1933年（昭和8年）町制施行＜人口＞6070人（男性2963人／女性3107人／3317世帯）※2024年3月末時点,北海道中川郡本別町北2-4-1（本別町役場所在地）,1933,256,,,https://www.town.honbetsu.hokkaido.jp,,本別町長 佐々木 基裕,なし,"['0156-22-2141', '0156-22-3237']"
2024-07-01,戸田市,公社・官公庁・学校・研究施設,1,戸田市における各種行政サービス【戸田市について】◆平均年齢42.3歳／埼玉県でもっとも“若い”市町村 出典：埼玉県実施『埼玉県町(丁)字別人口調査』2024年1月1日現在◆人口約14万人／水と緑が豊かで、商業施設や産業も充実し、現在も人口は増加傾向◆都心へのアクセス良好／戸田公園駅～池袋駅まで15分、新宿駅まで21分,埼玉県戸田市上戸田1丁目18番1号【戸田市役所】,1966,997,,39.7,https://www.city.toda.saitama.jp/,,戸田市長 菅原 文仁,https://www.city.toda.saitama.jp/soshiki/154/todacity-inquiry.html,"['048-433-2200', '048-441-1800']"
2024-07-01,学校法人日出学園,公社・官公庁・学校・研究施設,1,■事業内容について：学校法人(幼稚園～高等学校)幼稚園は3学年約100名在籍(定員120名)し、園児の自発性・主体性を尊重した保育を目指す。併設された小学校、中学校・高等学校との交流を通じ、学校生活への適応力を養う。千葉県市川市菅野に1934年に創立し、今年で87年目となる幼稚園より高等学校までを有する総合学園。建学の精神は、「社会規範を遵守し、正しい倫理観に基づく行動を実践できる、豊な教養と深い洞察力をもった、心身ともに健全な人間の育成」。,千葉県市川市菅野3-23-1,1941,150,,,"Failed to retrieve page, status code: 410",,,"Error accessing Failed to retrieve page, status code: 410: No connection adapters were found for 'Failed to retrieve page, status code: 410'","['0473240071', '047-323-3000', '047-324-0071', '047-324-0921']"
2024-06-01,神戸市,公社・官公庁・学校・研究施設,1,人口は約150万人。政令指定都市および、兵庫県の県庁所在地及び最大の都市です。【神戸2025ビジョン―海と山が育むグローバル貢献都市へ】都心に近い豊かな自然環境、国際性や多様性、利他の思い－神戸の強みを磨き、活かしながら、市民が幸せを実感でき、国内外に貢献するまちを目指しています。※令和5年10月1日現在,兵庫県神戸市中央区加納町6-5-1,1889,21719,,41.2,https://www.city.kobe.lg.jp/,,市長 久元 喜造,https://www.city.kobe.lg.jp/a57337/homepage/contact.html,"['0783318181', '078-331-8181']"
2024-07-01,神奈川県警察本部,公社・官公庁・学校・研究施設,2,【運営指針】安全で安心して暮らせる地域社会の実現【重点目標】・県民に不安を与える犯罪の抑止、検挙 ・人身安全関連事案への的確な対処 ・交通事故防止対策の推進・テロ等に対する警備諸対策の強化・大規模災害総合対策の強化 ・サイバー空間の脅威に対する対策の強化・特殊詐欺を始めとした組織犯罪の撲滅 ・少年の非行防止・保護対策の推進・県民の安心感を高める地域警察活動の推進,神奈川県横浜市中区海岸通2-4,1874,1,,,https://www.police.pref.kanagawa.jp/,,神奈川県警察本部長 直江 利克,なし,"['045-211-1212', '0452111212']"
2024-07-01,学校法人有明学園有明高等学校,公社・官公庁・学校・研究施設,3,■学校概要：1961年4月に有明商業高等学校として開校された私立の高等学校です。歴史ある看護学科を筆頭に、現在では普通科、福祉科、機械科、電気情報科と幅広く展開する男女共学の総合高校です。2011年には創立50周年を迎え、今後も文武両道教育を基本としていきます。,熊本県荒尾市増永2200,1961,87,,,http://ariake-hs.ed.jp,,,https://ariake-hs.ed.jp/contact,"['0968-64-1366', '0968-63-0545']"
2024-07-01,学校法人常松学園札幌工科専門学校,公社・官公庁・学校・研究施設,1,■事業内容： 本校は国土交通大臣登録校で、土木・測量・造園・森林技術者養成専門学校であり、また測量士国家試験免除校です。少人数制によるきめ細かな指導、質の高い教育を提供しており、土木職・林業職公務員を数多く輩出しております。■学科：・環境土木工学科（2年制）・造園緑地科（2年制）・測量情報科（1年制）・環境土木、造園施工管理科（1年制）,北海道札幌市東区中沼西五条1-8-7,1978,9,,,https://www.sapporo-kouka.ac.jp/,,,https://www.sapporo-kouka.ac.jp/mail/,"['011-791-5050', '011-791-5172']"
2024-07-01,国立大学法人東北大学,公社・官公庁・学校・研究施設,1,■国立大学の運営■学生に対する修学、進路選択、心身の健康等に関する相談、その他援助■共同研究の実施、連携による教育研究活動■研究成果の普及、及びその活用の促進■公開講座の開設,宮城県仙台市青葉区片平2-1-1（本部事務機構）,1907,6439,,,https://www.rpip.tohoku.ac.jp/,,総長 冨永 悌二,なし,"['022-217-5676', '22-208-5588', '22-208-5590']"
2024-07-01,国立大学法人千葉大学,公社・官公庁・学校・研究施設,4,"千葉大学は約150年前に創立した千葉師範学校や共立病院を前身として、1949（昭和24）年に新制国立大学として設立されました。現在では10学部、17大学院を有し、学部の枠を越えた幅広い教養と高度の専門性を修得できるアカデミア環境を整備しています。千葉大学ビジョン""Chiba University Aspirations""「世界に冠たる千葉大学へ」を策定し、大学の進む方向を明確化しました。",千葉県千葉市稲毛区弥生町1-33,1949,3402,,,https://www.chiba-u.ac.jp/index.html,,,https://www.chiba-u.ac.jp/contact/index.html,"['0432511111', '043-251-1111', '043-253-9111']"
2024-07-01,国立大学法人東京大学,公社・官公庁・学校・研究施設,3,■事業内容：学部・大学院・附置研究所等の運営による学生教育,東京都文京区本郷7-3-1,1868,8188,,,https://www.u-tokyo.ac.jp/ja/index.html,,,https://www.u-tokyo.ac.jp/ja/general/contact.html,"['03-3815-5411', '03-5841-1975']"
2024-07-01,国立大学法人広島大学,公社・官公庁・学校・研究施設,3,■事業内容： 「自由で平和な一つの大学」を建学の精神に掲げ、1949年に開学したのが広島大学です。本学は12学部、4研究科を擁する日本における有数の総合研究大学となっており、世界をリードする先端研究を通じて、高度人材育成に取り組み、社会、国際社会の発展に貢献しています。自然科学・人文社会・社会科学のすべての分野をカバーした様々な学問に出会えるという総合大学の利点を生かし、教養教育・専門教育・課外活動などを通じて、学生は有意義な生活を送っております。,広島県東広島市鏡山1-3-2,1949,3579,"147,209百万円",,https://www.hiroshima-u.ac.jp/,,,https://www.hiroshima-u.ac.jp/about/kengaku,"['0824227111', '082-422-7111', '082-424-6026']"
2024-06-01,国立大学法人徳島大学,公社・官公庁・学校・研究施設,2,■概要：徳島県徳島市に本部を置く国立大学で1949年に設置されました。総合科学部、医学部、歯学部、薬学部、理工学部、生物資源産業学部の6学部より構成されています。工学部の学生は中四国地方の国立大学の中でも最は多く理系学部、大学院が充実しており、また四国内では唯一歯学部を有しています。世界最先端の医科学系の研究を行っている先端酵素学研究所、光で世界を救うイノベーションを起こす研究を実施するポストLEDフォトニクス研究所など設置しています。,徳島県徳島市新蔵町2-24,1949,951,"46,735百万円",,https://www.tokushima-u.ac.jp/,,,https://www.tokushima-u.ac.jp/inquiry/,"['088-656-7000', '088-633-7106', '088-615-2414']"
2024-07-01,国立大学法人政策研究大学院大学,公社・官公庁・学校・研究施設,1,国立大学法人政策研究大学院大学（GRIPS）は、日本並びに世界における民主的統治の発展と高度化に貢献することを目的に、民主的統治を担う指導者及び政策プロフェッショナルの養成を担う国立大学として平成9（1997）年に開学しました。世界各国から未来の政策リーダーや研究者が集まる国際的な政策研究・教育の拠点となる大学です。,東京都港区六本木7‐22-1,1997,,"17,507百万円 ※令和4年度（2022）貸借対照表",44,https://www.grips.ac.jp/,,学長 大田 弘子,https://www.grips.ac.jp/jp/about/contact/,なし
2024-06-01,学校法人うずしお学園,公社・官公庁・学校・研究施設,1,■事業内容： 風の杜こども園（保育園部・幼稚園部）の運営。■理念： すべての子供が豊かな自然と人の情に包まれて幸せに育つ,鹿児島県出水郡長島町川床961,1978,30,,43,https://kaze-mori.com/,,,https://kaze-mori.com/contact/index.html,なし
2024-05-01,地方独立行政法人　東京都立産業技術研究センター,公社・官公庁・学校・研究施設,1,■事業内容： 「中小企業を科学技術で支え、すべての人々の生活に貢献すること」を使命として下記事業を行っています。(1)事業化支援 （機器利用、産学公連携）(2)技術協力 （依頼試験、技術相談）(3)研究開発 （基盤研究、共同研究）(4)技術移転 （技術セミナー・講習会、情報提供）,東京都江東区青海2-4-10,2006,335,"28,000百万円",42.9,https://www.iri-tokyo.jp,,,javascript:void(0),"['03-5530-2111', '5530-2521', '03-5530-2521', '03-5530-2536', '5530-252103']"
2024-07-01,社会福祉法人加茂福祉会,公社・官公庁・学校・研究施設,2,■事業内容：平成園、第二平成園、第三平成園の運営※社会福祉事業、通所介護事業（デイサービス）、特別養護老人ホーム、障害者支援施設、居宅介護事業（ホームヘルパー）,新潟県加茂市石川2-2473-1,1989,281,,48,https://kamo-fukushikai.com/,,,https://kamo-fukushikai.com/publics/index/5/,"['0256-41-4031', '0256-64-8936', '0256-53-3003']"
2024-05-01,社会福祉法人開花,公社・官公庁・学校・研究施設,2,■事業内容： 認定こども園、保育所の運営■事業詳細：昭和53年に比津ケ丘保育園の開設から始まり、現在は認定こども園を三か所、保育園一か所、児童クラブ、高齢者福祉施設等を運営しています。「健康で心豊かな思いやりのある子どもを育てる」という保育・教育方針のもと、各園それぞれ特徴のある保育・幼児教育を実践しています。■施設紹介：～保育・教育施設～◇認定こども園 比津ケ丘保育園◇認定こども園(幼保連携型) 融合こども園◇融合乳児園◇認定こども園 わらべのその～児童クラブ施設～◇比津児童クラブ◇比津学童クラブKIT館◇比津学童クラブ別館～高齢者福祉施設～◇比津松寿苑,島根県松江市比津が丘4-2-34,1977,121,100百万円,,http://hitsugaoka.com/,,,なし,['0852-26-2025']
2024-07-01,宮城県住宅供給公社,公社・官公庁・学校・研究施設,1,■賃貸管理事業（公社賃貸住宅、借上地域優良賃貸住宅、賃貸宅地等）■管理受託住宅管理事業（県営住宅、都市再生機構住宅、地域優良賃貸住宅、市町営住宅等）■受託事業（公営住宅改修設計・工事監理及び修繕業務等）,仙台市青葉区上杉1-1-20 ふるさとビル,1966,130,2185万円,44,http://www.miyagi-jk.or.jp/about/recruit/,,理事長 鈴木 秀人,http://www.miyagi-jk.or.jp/about/access,"['022-224-0014', '022-261-6161', '022-213-1861']"
2024-06-01,社会福祉法人流山中央福祉会,公社・官公庁・学校・研究施設,1,■事業内容： ・保育園設置、運営…南流山聖華保育園（分園 聖華ちゅーりっぷ保育園）、西新井聖華保育園、江東区塩浜保育園、おおたかの森聖華保育園、北綾瀬聖華保育園・特別保育事業（産休明け保育、延長保育、一時預かり、地域子育て支援等）,千葉県流山市南流山2-29-4,2004,,,,http://seika-group.com/,,,なし,"['04-7159-3402', '04-7159-3401']"
2024-07-01,株式会社早稲田大学アカデミックソリューション,公社・官公庁・学校・研究施設,11,■事業内容：大学運営支援・教育支援・国際化支援・研究支援・情報化支援・社会連携といった幅広いサービスを展開しています。■事業詳細:◎大学運営支援└早稲田大学をはじめとして大学固有の業務をアウトソーシング受託することを通じ、業務の標準化・定量化・多様化に貢献します。◎教育支援└大学の知を広く社会に解放するため、リカレント教育の実践を目指し社会全般の人材育成に役立つ様々な研修プログラムを提供します。◎国際化支援└学生の海外派遣・留学生の受入に必要なサービスを通じ大学の国際化を支援します。 語学教育の分野では外国語科目の開発、運営全般を提供することで国際的価値の向上にも貢献します。,東京都新宿区西早稲田1-9-12大隈スクエアビル2F,2004,346,50百万円,,http://www.w-as.jp/,,,"Failed to retrieve page, status code: 403","['5291-213003', '03-5291-2130', '03-5291-7730']"
2024-07-01,ヒューマンキャンパス高等学校／ヒューマンキャンパスのぞみ高等学校【学校法人佐藤学園】,公社・官公庁・学校・研究施設,1,広域通信制高校・普通科（単位制）【グループ】■大阪バイオメディカル専門学校■OBMリサーチセンター,大阪府大阪市中央区島之内1-14-30,2004,400,,,https://www.hchs.ed.jp/,,理事長 細川 智吉,https://www.athuman.com/sysform/hchs-inquiry-pc/,"['06-6251-8194', '06-6251-8103']"
2024-06-01,学校法人SBI大学,公社・官公庁・学校・研究施設,1,■事業内容学校法人SBI大学は、SBI大学院大学を設置・運営する運営法人です。SBI大学院大学は、文部科学省より認可を受けた通信制(オンライン)の専門職大学院です。修了時には、MBA（経営管理修士（専門職））を取得することができます。マルチデバイスに対応したオンライン学習システムを採用し、科目の受講や課題の実施などはすべてオンラインで完結できます。また、東京キャンパスやWEB会議システムを活用した対面とオンラインのハイブリッドのディスカッションやプレゼンテーションなどインタラクティブな学びの場もあります。,東京都港区六本木1-6-1,2008,,,,https://www.sbi-u.ac.jp/,,,https://www.sbi-u.ac.jp/contact-sbi_mba?frompage=35105,"['03-6685-6100', '03-6229-1175']"
2024-06-01,学校法人共済学院・日本保健医療大学,公社・官公庁・学校・研究施設,2,■当校について：埼玉県東部、桜で有名な幸手市に日本保健医療大学はあります。地域に開かれた、地域との関わりを大切にしている大学です。私たちは必要不可欠な医療人を育てる為に、一人一人にあったきめ細やかな教育をしていきます。専門的な知識・技術を身につける前に、最初に必要な基礎知識を再確認し足りない部分を補うところから丁寧に指導していきます。,埼玉県幸手市幸手1961-2,2009,73,,,https://www.jhsu.ac.jp/,,,"Error accessing https://www.jhsu.ac.jp/: (""Connection broken: InvalidChunkLength(got length b'', 0 bytes read)"", InvalidChunkLength(got length b'', 0 bytes read))",['0480-40-4848']
2024-07-01,地方独立行政法人大阪府立病院機構,公社・官公庁・学校・研究施設,1,■府立病院の運営下記５つの医療施設を運営する地方独立行政法人です。●大阪急性期・総合医療センター（住吉区）●大阪はびきの医療センター（羽曳野市）●大阪精神医療センター（枚方市）●大阪国際がんセンター（中央区●大阪母子医療センター（和泉市）,大阪府大阪市中央区大手前3丁目1番69号,2006,4492,106億9445万円,,https://www.opho.jp/,,理事長 遠山 正彌,https://www.opho.jp/access/,"['06-6945-1900', '06-6809-5309', '06-6945-1181']"
2024-06-01,キンダーナーサリー株式会社,公社・官公庁・学校・研究施設,1,■企業紹介まるで自分の部屋にいるような、自然な感覚でいられる場所。そんな気持ちがくつろげる環境は、心を豊かにし、学びの意欲につながります。そして誰にも隔てなく平等に、生命の源を惜しみなく与えてくれる太陽。私たちキンダーナーサリーは平成9年、大阪にて保育園を創業して以来、この想いを、おひさまえんという名前に込めて、「全ての子どもに平等であれ」の精神に基づいた保育を展開しています。■事業の特長思いやりの心、ねばり強い心、我慢の心の育成に取り組み、子どもの未知の可能性・体力を伸ばす年齢別教育プログラムを実施しています。,大阪府東大阪市御厨4-6-20,1997,26,30百万円,,なし,,,Error accessing なし: Invalid URL 'なし': No scheme supplied. Perhaps you meant https://なし?,なし
2024-07-01,株式会社立教オフィスマネジメント,公社・官公庁・学校・研究施設,1,■事業内容：・業務受託業・一般労働者派遣業：厚生労働大臣認可番号 「派 13-305390」・有料職業紹介業（人材紹介）：厚生労働大臣認可番号 「13-ユ-306172」・損害保険代理業・旅行業：東京都知事登録旅行業第3-6538号 （社）日本旅行業協会正会員・図書館業務の受託・請負業・図書館業務に関するコンサルタント,東京都豊島区西池袋5-10-5,2012,224,20百万円,,http://www.sjnk-ag.com/a/rikkyo/,,,"Error accessing http://www.sjnk-ag.com/a/rikkyo/: HTTPConnectionPool(host='www.sjnk-ag.com', port=80): Max retries exceeded with url: /a/rikkyo/ (Caused by NameResolutionError(""<urllib3.connection.HTTPConnection object at 0x7a74aca4f1c0>: Failed to resolve 'www.sjnk-ag.com' ([Errno -2] Name or service not known)""))","['03-3985-2856', '03-3985-4975']"
2024-06-01,学校法人沖縄科学技術大学院大学学園,公社・官公庁・学校・研究施設,2,■OSITについて：沖縄科学技術大学院（OIST）は、理工学分野の5年一貫制博士課程を置く学際的な大学院大学です。世界の科学技術に貢献するとともに、国内外の優れた研究者を招へいして質の高い研究を行い、世界最高水準の研究拠点を形成し、沖縄の技術移転と産業革新を牽引する知的クラスターの形成を図ることを目的として、日本政府によって設立されました。,沖縄県国頭郡恩納村字谷茶1919-1,2011,1092,,,http://www.oist.jp/ja,,,https://www.oist.jp/ja/contact-us,['098-966-2184']
2024-06-01,株式会社ファーストシーンエデュケーション,公社・官公庁・学校・研究施設,1,■事業内容：放課後等デイサービス事業■事業の特徴：同社では、江戸川区瑞江、新堀、上一色で0～6歳の未就学児を対象とした児童発達支援と発達障害の児童を対象とした放課後等デイサービス「ファーストドリーム」を展開しています。ABA（応用行動分析）やSST（ソーシャルスキルトレーニング）等を用いた専門的な支援を基に、単なるお預かりではなく、自立支援のための療育を行います。,東京都江戸川区南篠崎町2-9-2,2015,37,10百万円,,https://firstscene-education.com/,,,https://firstdreammizue.wordpress.com/2022/07/01/2022%e5%b9%b47%e6%9c%881%e6%97%a5%e3%80%8e%e3%83%95%e3%82%a1%e3%83%bc%e3%82%b9%e3%83%88%e3%82%b7%e3%83%bc%e3%83%b3%e3%83%91%e3%83%bc%e3%83%88%e3%83%8a%e3%83%bc%e3%82%ba%e7%9b%b8%e8%ab%87%e6%94%af/,"['5666-5660', '0356665656', '03-5666-5660', '03-5666-5656', '03-5666-5650']"
2024-06-01,公益社団法人福島相双復興推進機構,公社・官公庁・学校・研究施設,4,■事業内容：（1）相談型支援事業（2）復興・創生事業（3）その他、前条の目的を達成するために必要な事業,福島県福島市栄町6-6NBFユニックスビル4F,2015,199,,,https://www.fsrt.jp/,,,なし,"['024-502-1117', '024-502-1115']"
2024-07-01,社会福祉法人美仙会,公社・官公庁・学校・研究施設,1,■事業内容： ・児童保育施設の運営（さがえさくらんぼ子供園、しばはしさくらんぼ子供園、第2さくらんぼ子供園）・園児および職員の健康管理、健診の段取り業務、病後児保育担当保育業務、園内の環境整備や雑務等,山形県寒河江市大字日田字五反201-1,1965,47,,40,https://www.kodomoen.jp/index.php,,,https://www.kodomoen.jp/contact.php,['0237-86-6101']
2024-07-01,一般社団法人ライフサイエンス・イノベーション・ネットワーク・ジャパン,公社・官公庁・学校・研究施設,1,当法人は、2016年3月に三井不動産株式会社が主体となって設立した一般社団法人です。再生医療・個別化医療・創薬・医療機器・ヘルスケアITをはじめ、予防・未病・健康長寿など広義のライフサイエンス研究・産業に関わる「産」「官」「学」「ベンチャー」「個人」を対象とし、ライフサイエンス領域での「オープンイノベーションの促進」と「エコシステムの構築」を目的に、「交流・連携」および「育成・支援」事業を行っております。,東京都中央区日本橋室町3-3-9日本橋アイティビル2F,2016,,,,https://www.link-j.org/,,,https://www.link-j.org/contact/,"['03-4400-5934', '21000822']"
2024-07-01,株式会社アルガルバイオ,公社・官公庁・学校・研究施設,8,株式会社アルガルバイオは、東京大学発の研究開発型のベンチャー企業です。事業内容：■藻類及びその成分の研究開発、生産及び販売■藻類及びその成分の食品加工、輸出入および流通■藻類予備層の成分の研究開発の受託■藻類及びその成分の各種分析業務【社名について】アルガル（algal）とは、藻類（algae）の形容詞系です。「藻類バイオ」に関する全ての分野で活躍するという意味が込められています。【ミッション】■機能性が認められる、希少脂肪酸やカロテノイドを生産し、人々の健康に寄与する。■食品原料としての微細藻類の機能性について明らかにし、微細藻類の用途拡大と普及に貢献する。,千葉県柏市柏の葉5-4-6東葛テクノプラザ301,2018,47,,40.5,https://algalbio.co.jp/,,,https://algalbio.co.jp/contact,"['04-7138-6207', '04-7138-6203', '0471386207']"
2024-07-01,株式会社中化学日本総合研究所,公社・官公庁・学校・研究施設,8,■事業内容：親会社である「中国化学」は、5万人超の社員を有します。,東京都千代田区丸の内2-3-2郵船ビルディング710室,2019,50,490百万円,,http://www.cncec-japan.com/,,,なし,なし
2024-05-01,株式会社ＷＩＴＨホールディングス,公社・官公庁・学校・研究施設,2,■事業内容： 経営コンサルティング業務,埼玉県川口市飯塚1-2-16,2017,66,100百万円,40,https://www.mom.ed.jp/co/,,,なし,なし
2024-07-01,学校法人ワオ未来学園,公社・官公庁・学校・研究施設,9,■事業内容： 高校には通信制・全日制・定時制の3種類があります。そのなかで通信制高校は通信による教育を行うことを目的とした高校。卒業要件を満たせば、全日制高校や定時制高校と同様に高校卒業の資格を得ることができます。ワオ高校では全日制と同じ卒業資格を取得することができます。,岡山県岡山市北区磨屋町7-2,2021,,,,https://www.wao.ed.jp/,,,https://www.wao.ed.jp/contact/,なし
2024-05-01,学校法人丸和学園,公社・官公庁・学校・研究施設,1,■事業内容： 東京外語学園日本語学校は、1983年に開校以来、グローバルに活躍する人財を輩出すべく日本語教育に励んできました。2023年に創立40周年を迎えたことを機会とし、『学校法人丸和学園 東京外語学園日本語学校』として生まれ変わりました。これからも未来に貢献できる感性豊かな人財の育成を目標とし日本語教育に励んでいきます。,東京都北区浮間3-19-21,2023,,,,https://tgn.ac.jp/,,,https://tgn.ac.jp/contact/,なし
2024-07-01,九大ＯＩＰ株式会社,公社・官公庁・学校・研究施設,6,■企業概要：九州大学100％出資のもと、大学等の研究成果を迅速に社会実装するため、2024年4月1日に設立しました。■事業概要：①成果活用促進事業（共同・委託研究等の企画・あっせん）②研究成果活用事業（コンサルティング及び研修・講習に関する業務）,福岡県福岡市西区九大新町5-5研究開発棟111,2024,36,50百万円,42,https://airimaq.kyushu-u.ac.jp/oip/,,,https://airimaq.kyushu-u.ac.jp/contact/,なし