更新日,名称,業界(小分類),求人有無,所在地,設立,代表者,資本金,平均年齢,従業員数,企業URL,事業内容,上場市場名
2024-08-01,株式会社神奈川県エルピーガス保安センター,ガス,求人なし,神奈川県横浜市中区北仲通3-33,2005,代表取締役 山口 浩文,57 百万円,,,,,
2024-08-01,日本水機調査株式会社,石油・資源,求人なし,兵庫県神戸市中央区磯辺通3-2-11三宮ファーストビル7Ｆ 702,2004,代表取締役 山本 政和,57 百万円,,,,,
2024-08-01,東京ガスライフバル西むさし株式会社,ガス,無,東京都小金井市前原町5-6-9,1976,代表取締役社長 若山 圭太郎,50 百万円,,,,,
2024-08-01,株式会社フューチャー・リレーション,新エネルギー（太陽光・風力・地熱・バイオなど）,求人なし,東京都中央区日本橋人形町2-25-15ＭＳ日本橋ビル 2Ｆ,2006,代表取締役 古川 雅純,6 百万円,,,,,
2024-08-01,南洋ホールディングス株式会社,ガス,求人なし,東京都中央区銀座6-6-1,2013,代表取締役 甲斐 明夫,,,,,,
2024-08-01,東武商事株式会社,石油・資源,無,東京都墨田区向島1-33-9第3東武館 6Ｆ,1992,代表取締役 宮﨑 裕,10 百万円,,,,,
2024-08-01,株式会社西日本宇佐美,石油・資源,無,愛知県津島市埋田町1-8,2004,代表取締役 田中 喜浩,50 百万円,,,,,
2024-08-01,丸任ジャパン株式会社,新エネルギー（太陽光・風力・地熱・バイオなど）,求人なし,福岡県福岡市博多区博多駅中央街8-1,2000,代表取締役 時任 毅,20 百万円,,,,,
2024-08-01,菱和テクノサービス株式会社,新エネルギー（太陽光・風力・地熱・バイオなど）,求人なし,東京都新宿区西新宿1-26-2新宿野村ビル 32Ｆ,2005,代表取締役 武蔵 孝昌,100 百万円,,,,,
2024-08-01,株式会社前田電工,石油・資源,求人なし,広島県広島市安佐南区山本5-35-10,2001,代表取締役 前田 正光,20 百万円,,,,,
2024-08-01,東京エコサービス株式会社,石油・資源,無,東京都港区浜松町1-10-17ＫＯＹＯＢＵＩＬＤＩＮＧ 2Ｆ、3Ｆ,2006,代表取締役 深井 祐子,200 百万円,,,,情報が古い可能性があります。最新の情報を確認する場合はHP等をご覧ください。 ■清掃工場の運転管理■電気販売事業■清掃事業に関わるコンサルティング業務■焼却灰の資源リサイクル事業■上記事業に付帯する業務 2022年5月doda掲載求人より引用,
2024-08-01,株式会社グローアップ,電力,無,東京都豊島区南大塚2-45-8,1995,代表取締役 古田 高浩,50 百万円,,,,“製パン製菓を元気に”する会社です。■電気小売事業（GU電力）■ガス小売事業（GUガス）■ガス紹介事業■電子ブレーカー販売■業界紙「ベーカリーパートナー」発行■モバイルオーダー「ベイクモール」■融資無料コンサルサービス■エアコン清掃■他（店舗系サービス） 2024年4月doda掲載求人より引用,
2024-08-01,茂田石油株式会社,ガス,求人なし,北海道旭川市住吉四条2-8-13,2004,代表取締役 茂田 貴範,38 百万円,,,,,
2024-08-01,川崎スチームネット株式会社,新エネルギー（太陽光・風力・地熱・バイオなど）,求人なし,神奈川県川崎市川崎区千鳥町5-1,2006,代表取締役 曽根 英文,160 百万円,,,,,
2024-08-01,ガスワンサービス株式会社,ガス,無,埼玉県上尾市大字平方領々家639,1974,代表取締役 落合 崇宏,50 百万円,,,,,
2024-08-01,イーアシスト株式会社,石油・資源,求人なし,神奈川県横浜市神奈川区神奈川2-9-1,2006,代表取締役 能戸 光代,1 百万円,,,,,
2024-08-01,フタバ興産株式会社,石油・資源,求人なし,愛知県名古屋市南区本地通7-6-1,1955,代表取締役 竹尾 武比古,18 百万円,,,,,
2024-08-01,クイニョン植林株式会社,新エネルギー（太陽光・風力・地熱・バイオなど）,求人なし,東京都中央区銀座4-7-5,1995,代表取締役 坂下 勲,495 百万円,,,,,
2024-08-01,株式会社静岡マテリアル,新エネルギー（太陽光・風力・地熱・バイオなど）,求人なし,静岡県静岡市清水区山切646-2,2005,代表取締役 国本 忍,16 百万円,,,,,
2024-08-01,株式会社アクアプロワン,石油・資源,求人なし,神奈川県中郡大磯町国府本郷1077-19,2007,代表取締役 吉田 朗,3 百万円,,,,,
2024-08-01,豊岡エネルギー株式会社,ガス,求人なし,兵庫県豊岡市三坂町6-57,2004,代表取締役 難波 正,100 百万円,,,,,
2024-08-01,黒滝設備株式会社,石油・資源,求人なし,神奈川県座間市小松原1-24-6,2007,代表取締役 黒瀧 讓二,9 百万円,,,,,
2024-08-01,エネジン株式会社,ガス,無,静岡県浜松市中央区高林5-6-31,2004,代表取締役 藤田 源右衛門,90 百万円,,,,,
2024-08-01,株式会社クラッセル大阪,ガス,求人なし,大阪府大阪市淀川区十三元今里1-13-2,2007,代表取締役 古本 義光,9 百万円,,,,,
2024-08-01,福井石油備蓄株式会社,石油・資源,求人なし,東京都千代田区内幸町2-2-3日比谷国際ビル 9Ｆ,1970,代表取締役 浴田 孝司,100 百万円,,,,,
2024-08-01,ブルックハルトジャパン株式会社,石油・資源,求人なし,神奈川県横浜市西区みなとみらい4-4-2,2002,代表取締役 パトリック・チョン,50 百万円,,,,,
2024-08-01,株式会社自動計測センター,石油・資源,求人なし,広島県広島市西区楠木町4-9-6,1975,代表取締役 青山 秀雄,10 百万円,,,,,
2024-08-01,株式会社ＪＡエネルギー千葉,ガス,求人なし,千葉県千葉市美浜区新港70-3ＪＡ全農ちば 2Ｆ,1972,代表取締役 吉田 光,120 百万円,,,,,
2024-08-01,東日本イワタニガス株式会社,ガス,無,千葉県市川市塩浜2-17東京ガスセンター 2Ｆ,2005,代表取締役 山本 裕,100 百万円,,,,■産業用ガスの販売・供給および切断機器・溶接機器・ガス関連機器・環境機器の販売・各種工事 2024年3月doda掲載求人より引用,
2024-08-01,株式会社カンポホールディングス,新エネルギー（太陽光・風力・地熱・バイオなど）,無,京都府京都市伏見区羽束師古川町233,2007,代表取締役 山田 実,100 百万円,,,,,
2024-08-01,エネロップ株式会社,ガス,求人なし,愛知県西尾市法光寺町流6-12,2002,代表取締役 久村 淨,99 百万円,,,,,
2024-08-01,株式会社動真建設,石油・資源,求人なし,東京都品川区西五反田5-3-5セブンスターマンション第8五反田 202,2007,代表取締役 伊藤 大紀,10 百万円,,,,,
2024-08-01,株式会社ＪＡエネルギー兵庫,ガス,求人なし,兵庫県神戸市西区玉津町居住88,1986,代表取締役 玉田 和浩,50 百万円,,,,,
2024-08-01,東京ガスすまいるサポート株式会社,ガス,求人なし,埼玉県さいたま市南区別所7-1-1,2008,代表取締役 真田 吉幸,87 百万円,,,,,
2024-08-01,エア・ウォーター・ライフソリューション株式会社,ガス,無,北海道札幌市豊平区月寒東二条16-1-6,2006,代表取締役 庄子 賢一,20 百万円,,,,■LPガス、石油製品、住設機器、各種燃料器具の販売 2024年4月doda掲載求人より引用,
2024-08-01,株式会社ＪＡ香川県オートエナジー,石油・資源,求人なし,香川県高松市一宮町1431-1ＪＡ香川県一宮別館 3Ｆ,1967,代表取締役 香川 重規,95 百万円,,,,,
2024-08-01,鶴原液化ガス株式会社,ガス,求人なし,福岡県飯塚市楽市140,1962,代表取締役 鶴原 和人,10 百万円,,,,,
2024-08-01,株式会社日本エコライフ,石油・資源,無,宮城県仙台市青葉区本町2-2-3鹿島広業ビル 9Ｆ,2008,,5 百万円,,,,情報が古い可能性があります。最新の情報を確認する場合はHP等をご覧ください。 ■太陽光発電システム・蓄電池・オール電化システムの販売、設備及び保守管理■冷・暖房機器の販売、設備及び保守管理■システムキッチン、システムバスの販売、設備及び保守管理■住宅リフォーム業 2022年7月doda掲載求人より引用,
2024-08-01,株式会社ＫＡＫＥＮ,石油・資源,求人なし,静岡県浜松市中央区中郡町985-1,2008,代表取締役 夏目 憲秀,10 百万円,,,,,
2024-08-01,御殿場液化有限会社,ガス,求人なし,静岡県御殿場市川島田600,1979,取締役 池上 司,3 百万円,,,,,
2024-08-01,ＮＸエネルギー九州株式会社,ガス,求人なし,福岡県宗像市栄町165-1,1990,代表取締役 仲道 康晴,33 百万円,,,,,
2024-08-01,株式会社エネサンス関東,ガス,求人なし,東京都港区海岸1-2-20汐留ビルディング,2008,代表取締役 紺野 貴寛,100 百万円,,,,,
2024-08-01,カネハラ通信株式会社,石油・資源,求人なし,大阪府東大阪市新庄西7-29,1994,代表取締役社長 北側 範哲,10 百万円,,,,,
2024-08-01,あすかグリーンインベストメント株式会社,新エネルギー（太陽光・風力・地熱・バイオなど）,求人なし,東京都港区赤坂2-16-6ＢＩＺＭＡＲＫＳ赤坂 1Ｆ,2008,代表取締役 藤田 晴久,30 百万円,,,,,
2024-08-01,ジェイシーエス株式会社,新エネルギー（太陽光・風力・地熱・バイオなど）,無,東京都港区麻布台2-3-22一乗寺ビル 2Ｆ,2008,代表取締役 新井 政彦,5 百万円,,,,■太陽光発電工事・太陽光発電システムの施工・蓄電池システムの施工・オール電化システムの施工 2023年12月doda掲載求人より引用,
2024-08-01,株式会社アメレックス・エナジー・コム,石油・資源,求人なし,東京都港区浜松町2-1-15芝パークビル 4Ｆ,2000,代表取締役 有澤 勇太,10 百万円,,,,,
2024-08-01,久留米ガス株式会社,ガス,求人なし,福岡県久留米市東櫛原町1089,2008,代表取締役 大塚 隆夫,490 百万円,,,,,
2024-08-01,株式会社テレサス,石油・資源,求人なし,愛知県春日井市東野町西2-11-7,1994,代表取締役 松浦 克朗,57 百万円,,,,,
2024-08-01,株式会社エネルギーネットワーク北九州,ガス,無,福岡県北九州市小倉南区新曽根9-13,2004,代表取締役 田中 洋一,50 百万円,,,,一般貨物自動車運送業（ＬＰガス配送） 2024年1月doda掲載求人より引用,
2024-08-01,株式会社ユニガス,ガス,求人なし,大分県大分市大字畑中6-3-5,1971,代表取締役 森 正行,3 百万円,,,,,
2024-08-01,株式会社エネサーブ四国,電力,求人なし,香川県高松市御厩町864-3,1980,代表取締役 津川 純一,10 百万円,,,,,
2024-08-01,株式会社ノーザンライト,石油・資源,求人なし,東京都練馬区関町南3-9-28,2008,代表取締役 鳥居 雅樹,2 百万円,,,,,
2024-08-01,株式会社ガイア,電力,求人なし,東京都墨田区向島1-32-7ＫＳビル 4Ｆ,2008,代表取締役 中村 裕治,20 百万円,,,,,
2024-08-01,ほっとガス株式会社,ガス,求人なし,東京都日野市神明2-7-2,1982,代表取締役 松澤 和宏,10 百万円,,,,,
2024-08-01,株式会社アストモスガスセンター千葉,新エネルギー（太陽光・風力・地熱・バイオなど）,求人なし,千葉県千葉市稲毛区六方町211-7,1985,代表取締役 下田 有作,33 百万円,,,,,
2024-08-01,向陽電気株式会社,石油・資源,求人なし,東京都中央区京橋3-14-6斎藤ビルヂング 2Ｆ 204,2008,代表取締役 福田 喜之,90 百万円,,,,,
2024-08-01,東京ガスライフバル西世田谷株式会社,石油・資源,無,東京都世田谷区上祖師谷4-23-1,2008,代表取締役 保谷 貴久,50 百万円,,,,,
2024-08-01,兵庫県高圧ガス協同組合,ガス,求人なし,兵庫県神戸市中央区下山手通6-3-28,1960,代表理事 大岡 久晃,9 百万円,,,,,
2024-08-01,泉北天然ガス発電株式会社,電力,求人なし,大阪府大阪市中央区道修町3-5-11,2008,代表取締役 藤原 寛太,"2,000 百万円",,,,,
2024-08-01,スマートソーラー株式会社,新エネルギー（太陽光・風力・地熱・バイオなど）,無,千葉県木更津市かずさ鎌足3-9-1,2007,代表取締役 手塚 博文,90 百万円,,,,◆住宅用蓄電システムの開発・販売事業 ◆大規模～中小企業電池太陽光発電所のデベロッパー事業・EPC事業・IPP事業・O&M事業◆公共用・産業用太陽光発電システム事業～スマートシティ事業推進◆住宅～産業用 非化石電力取引事業◆太陽光発電所の投資・ファイナンス事業 2023年12月doda掲載求人より引用,
2024-08-01,市原グリーン電力株式会社,電力,求人なし,千葉県市原市八幡海岸通1,2004,代表取締役 加藤 一之,495 百万円,,,,,
2024-08-01,株式会社ニュートン,新エネルギー（太陽光・風力・地熱・バイオなど）,無,大阪府大阪市東淀川区東淡路4-24-8桂ハイム1 1Ｆ,2005,代表取締役 豊島 美樹子,6 百万円,,,,情報が古い可能性があります。最新の情報を確認する場合はHP等をご覧ください。 【事業内容】■太陽光発電システムの導入支援・工事監督■「スマートハウス」のプロデュース【設立】平成17年【資本金】600万円【従業員数】5名【経営理念】大自然に感謝し、寄与できる喜び。そんな喜びに溢れた社会を、愛するみんなと共に創る。 2022年11月doda掲載求人より引用,
2024-08-01,日本テクニカルユニオン株式会社,石油・資源,無,大阪府大阪市中央区内本町2-1-19,2008,代表取締役 春名 英和,3 百万円,,,,,
2024-08-01,有限会社相澤管工,石油・資源,無,東京都世田谷区大蔵6-18-13,2002,代表取締役 相澤 千治,20 百万円,,,,■水道工事全般（上下水道・土木・舗装工事・設計施工）■水道設備の管理・メンテナンス■東京都水道局・神奈川県川崎市水道局 指定事業者■東京都知事 許可（特-1）第122633号 2023年12月doda掲載求人より引用,
2024-08-01,株式会社ジェイエイ・エネルギー販売,ガス,求人なし,北海道函館市昭和4-42-40,2006,代表取締役 柴谷 廣道,20 百万円,,,,,
2024-08-01,株式会社ＥＳＣ,石油・資源,求人なし,神奈川県横浜市中区伊勢佐木町7-152サンヴェール伊勢佐木町 801,2009,代表取締役 齋藤 雅幸,20 百万円,,,,,
2024-08-01,株式会社水道サポートセンター,石油・資源,無,東京都墨田区業平2-13-8第一高田ビル 1Ｆ,2009,代表取締役 益永 亮輔,10 百万円,,,,,
2024-08-01,Ｂｉｏ－ｅｎｅｒｇｙ株式会社,新エネルギー（太陽光・風力・地熱・バイオなど）,求人なし,兵庫県尼崎市南七松町2-9-7,2001,代表取締役 野田 秀夫,10 百万円,,,,,
2024-08-01,東京ガスライフアサヒ株式会社,石油・資源,無,埼玉県川口市栄町2-3-12,2009,代表取締役 朝日 淳一,80 百万円,,,,,
2024-08-01,株式会社Ｍ・Ｅ・Ｍ,電力,無,福岡県福岡市博多区博多駅中央街8-1ＪＲＪＰ博多ビル 8Ｆ,2005,代表取締役 添野 雄三,71 百万円,,,,■新エネルギーによる電力供給・小売業務■高圧（一括）受電システム導入業務（導入コンサルティング、設備の設置、保守、サポート含む）■電気料金の請求・集金業務■省エネ商品販売・提案業務■その他上記に関わる一般業務 2024年5月doda掲載求人より引用,
2024-08-01,株式会社ツバメガス鹿児島,石油・資源,求人なし,鹿児島県姶良市平松7370,1985,代表取締役 寺田 光一郎,10 百万円,,,,,
2024-08-01,株式会社アンクル,石油・資源,無,埼玉県吉川市大字高久801-3,2001,代表取締役 宍戸 竹志,3 百万円,,,,,
2024-08-01,株式会社ＴＭＹＫサービス,新エネルギー（太陽光・風力・地熱・バイオなど）,無,愛知県名古屋市北区丸新町427,2008,代表取締役 落合 隆司,3 百万円,,,,,
2024-08-01,静岡ガスコム株式会社,ガス,求人なし,静岡県浜松市中央区高丘北1-55-13,2009,代表取締役 浅野 孝記,5 百万円,,,,,
2024-08-01,西部ガス設備工業株式会社,ガス,求人なし,福岡県福岡市博多区吉塚5-13-2,2009,代表取締役 松本 泰広,90 百万円,,,,,
2024-08-01,サステナジー株式会社,新エネルギー（太陽光・風力・地熱・バイオなど）,求人なし,東京都港区虎ノ門1-17-115Ｆ,2009,代表取締役 三木 浩,37 百万円,,,,,
2024-08-01,株式会社ＪＡ岡山,ガス,求人なし,岡山県岡山市東区西大寺中野377-1,2006,代表取締役 久山 英之,8 百万円,,,,,
2024-08-01,西部ガスリアルライフ長崎株式会社,ガス,求人なし,長崎県長崎市尾上町6-20ニシコービル中の島 1Ｆ,2009,代表取締役 森山 光司,30 百万円,,,,,
2024-08-01,Ｒ＆Ｌ株式会社,新エネルギー（太陽光・風力・地熱・バイオなど）,無,東京都中央区日本橋箱崎町20-1箱崎ＮＳＯビル 5Ｆ,2009,代表取締役 ローゼン クランツウベ,50 百万円,,,,,
2024-08-01,株式会社庄子専助商店,石油・資源,求人なし,宮城県仙台市宮城野区日の出町2-5-30,1947,代表取締役 佐藤 哲生,10 百万円,,,,,
2024-08-01,株式会社喜助,ガス,求人なし,山形県長井市屋城町4-45,1968,代表取締役 尾形 和夫,60 百万円,,,,,
2024-08-01,阿部鉱油株式会社,石油・資源,求人なし,福島県郡山市富田町字向作田7-1,2004,代表取締役 阿部 安弘,13 百万円,,,,,
2024-08-01,株式会社コバプロ,ガス,求人なし,神奈川県横浜市泉区新橋町1230,1977,代表取締役 小林 健一,10 百万円,,,,,
2024-08-01,株式会社萱沼商事,石油・資源,求人なし,山梨県富士吉田市下吉田3-38-16,1953,代表取締役 萱沼 孝夫,3 百万円,,,,,
2024-08-01,Ｅ＆Ｅ株式会社,新エネルギー（太陽光・風力・地熱・バイオなど）,求人なし,山梨県甲州市塩山下小田原338,2004,代表取締役 淡野 継二,10 百万円,,,,,
2024-08-01,株式会社ＭＫ工業,石油・資源,求人なし,東京都足立区舎人1-10-12舎人ファーストコート 201,2003,代表取締役 瀧本 哲基,60 百万円,,,,,
2024-08-01,株式会社日本グリーンエナジー,新エネルギー（太陽光・風力・地熱・バイオなど）,求人なし,埼玉県さいたま市南区南浦和3-5-8南浦和岡田ビル 3Ｆ,2005,代表取締役 東 修司,10 百万円,,,,,
2024-08-01,有限会社エスペック・テン,石油・資源,求人なし,愛知県小牧市城山4-26-7,1999,代表取締役 平田 怜,9 百万円,,,,,
2024-08-01,鈴定商事株式会社,石油・資源,求人なし,三重県松阪市伊勢寺町3289-3,1999,代表取締役 鈴木 孝佳,20 百万円,,,,,
2024-08-01,株式会社Ｄ＆Ａシステム,石油・資源,無,大阪府大阪市東淀川区豊里7-10-4,2000,代表取締役 野中 英子,10 百万円,,,,,
2024-08-01,株式会社カワマートホールディングス,新エネルギー（太陽光・風力・地熱・バイオなど）,求人なし,高知県四万十市有岡31-1,1988,代表取締役 川間 凡也,50 百万円,,,,,
2024-08-01,株式会社ＴＥＣ,石油・資源,求人なし,香川県綾歌郡綾川町陶7017-10,2007,代表取締役 近石 武留,3 百万円,,,,,
2024-08-01,大徳物産株式会社,石油・資源,求人なし,大分県大分市東大道2-3-40,1942,代表取締役 内藤 威德,50 百万円,,,,,
2024-08-01,富士グリーンパワー株式会社,電力,求人なし,東京都品川区大崎1-11-2ゲートシティ大崎イーストタワー,2001,代表取締役 北西 啓一,90 百万円,,,,,
2024-08-01,株式会社金桝,石油・資源,求人なし,東京都西多摩郡瑞穂町箱根ケ崎東松原26-17,1961,代表取締役 加藤 寛,75 百万円,,,,,
2024-08-01,ミル興産株式会社,石油・資源,求人なし,東京都中央区新川1-5-13伊成ビル 3Ｆ,1969,代表取締役 笹野 忠,30 百万円,,,,,
2024-08-01,株式会社プレサリオ,新エネルギー（太陽光・風力・地熱・バイオなど）,求人なし,東京都渋谷区千駄ヶ谷3-9-1,1991,代表取締役 磯村 健治,10 百万円,,,,,
2024-08-01,株式会社東京クレンジング,石油・資源,無,東京都江東区亀戸2-9-4,1986,代表取締役 早川 道,10 百万円,,,,,
2024-08-01,株式会社木村工業,石油・資源,求人なし,東京都大田区中馬込3-8-3,1969,代表取締役 木村 晃一,40 百万円,,,,,
2024-08-01,有限会社明和電工社,電力,求人なし,東京都足立区綾瀬2-24-8日興パレス綾瀬 406,1963,取締役 橘 義信,4 百万円,,,,,
2024-08-01,りゅう電設有限会社,電力,求人なし,神奈川県横浜市鶴見区鶴見中央2-15-8,2004,代表取締役 杉本 竜二,10 百万円,,,,,
2024-08-01,株式会社北野田ガスセンター,石油・資源,無,大阪府堺市東区北野田514-5,1976,代表取締役 落合 起代子,10 百万円,,,,,
2024-08-01,トキワ化学株式会社,石油・資源,求人なし,東京都品川区大崎3-6-4トキワ,1963,代表取締役 渡邊 美樹,60 百万円,,,,,
2024-08-01,北筑電業株式会社,電力,無,福岡県北九州市八幡西区陣原4-5-1,1962,代表取締役 吉良 浩三,22 百万円,,,,,
2024-08-01,株式会社喜多村石油店,石油・資源,無,福岡県福岡市博多区東比恵1-2-16,1948,代表取締役 喜多村 利秀,90 百万円,,,,・石油製品の販売・新車・中古車販売・買取・自動車用品、自動車タイヤの販売・整備工場の運営（整備業並びに塗装業）・保険の販売（損害保険代理店・生命保険代理店）・太陽光発電システム（販売・設計・施工・保守管理業務） 2024年3月doda掲載求人より引用,
2024-08-01,株式会社エヌ・エス・ティ・エス,石油・資源,求人なし,大阪府寝屋川市香里南之町36-6,1992,代表取締役 木村 宏,25 百万円,,,,,
2024-08-01,株式会社竹中ガス住設センター,ガス,求人なし,大阪府大阪市城東区鴫野西5-20-10,2004,代表取締役 山崎 貴士,30 百万円,,,,,
2024-08-01,エジソンハード株式会社,石油・資源,求人なし,京都府京都市南区上鳥羽中河原町1,1978,代表取締役 藤田 英人,10 百万円,,,,,
2024-08-01,セブンフォーラム株式会社,石油・資源,求人なし,京都府宇治市神明石塚39-1,1998,代表取締役会長 畑 峰男,10 百万円,,,,,
2024-08-01,ガスクル株式会社,ガス,求人なし,埼玉県吉川市大字川藤1808,1986,代表取締役 田中 敏雅,90 百万円,,,,,
2024-08-01,アストモスライフサービス株式会社,ガス,求人なし,東京都千代田区丸の内1-7-12サピアタワー 24Ｆ,1995,代表取締役 栗原 好宏,10 百万円,,,,,
2024-08-01,株式会社東京資源,石油・資源,求人なし,神奈川県横浜市中区元浜町3-23プロスタイル横浜馬車道 202,2000,代表取締役 布村 文雄,10 百万円,,,,,
2024-08-01,資源開発株式会社,新エネルギー（太陽光・風力・地熱・バイオなど）,求人なし,東京都中央区佃1-11-8,2009,代表取締役 小川 雅也,10 百万円,,,,,
2024-08-01,株式会社日本ティピカル,石油・資源,求人なし,大阪府茨木市沢良宜西1-2-5ヌーヴェレール南茨木2 302,2009,代表取締役 松園 大作,10 百万円,,,,,
2024-08-01,松阪木質バイオマス熱利用協同組合,石油・資源,求人なし,三重県松阪市嬉野新屋庄町1252,2007,,,,,,,
2024-08-01,カナディアン・ソーラー・ジャパン株式会社,新エネルギー（太陽光・風力・地熱・バイオなど）,無,東京都中央区京橋1-13-1ＷＯＲＫ ＶＩＬＬＡ ＫＹＯＢＡＳＨＩ 6Ｆ,2009,代表取締役 エリック・ルジョル,297 百万円,,,,自宅用・施設用の太陽電池モジュール、太陽光発電システム等の開発・販売、アフターフォロー対応等 2024年5月doda掲載求人より引用,
2024-08-01,西部ガスリアルライフ福岡株式会社,ガス,求人なし,福岡県福岡市南区向野2-8-18,2009,代表取締役 堀之内 浩,50 百万円,,,,,
2024-08-01,株式会社エコスマイル,新エネルギー（太陽光・風力・地熱・バイオなど）,無,愛知県名古屋市中区栄2-10-19名古屋商工会議所ビル 6Ｆ,2009,代表取締役 東田 顕史,50 百万円,,,,農福連携土地付き太陽光発電、土地付き太陽光発電、産業用太陽光発電、住宅用太陽光発電、蓄電池、オール電化、各種リフォーム等の設計、販売、施工、メンテナンス 2024年5月doda掲載求人より引用,
2024-08-01,日本太陽光システム株式会社,新エネルギー（太陽光・風力・地熱・バイオなど）,求人なし,大阪府大阪市中央区高麗橋4-4-6高麗橋ビル 2Ｆ,2009,代表取締役 小久保 和則,98 百万円,,,,,
2024-08-01,大商油化学株式会社,石油・資源,求人なし,大阪府羽曳野市島泉9-5-1,2009,代表取締役 清水 光義,10 百万円,,,,,
2024-08-01,株式会社スマートエナジー研究所,石油・資源,求人なし,神奈川県横浜市港北区新横浜2-12-1新横浜光伸ビル 5Ｆ,2009,代表取締役 中村 創一郎,9 百万円,,,,,
2024-08-01,東京ガスライフバルＴＡＫＥＵＣＨＩ株式会社,ガス,求人なし,群馬県高崎市上大類町767-2,2009,代表取締役 鶴谷 圭一,50 百万円,,,,,
2024-08-01,株式会社ユウテック,石油・資源,求人なし,大阪府阪南市鳥取754-51,2006,代表取締役 辻本 大介,20 百万円,,,,,
2024-08-01,東京ガスライフバル保谷株式会社,ガス,求人なし,東京都杉並区西荻北2-2-8,2009,代表取締役 保谷 貴久,30 百万円,,,,,
2024-08-01,川崎天然ガス発電株式会社,電力,求人なし,神奈川県川崎市川崎区扇町12-1,2001,代表取締役 木村 博一,"3,750 百万円",,,,,
2024-08-01,アジア商事株式会社,ガス,求人なし,東京都新宿区新小川町7-16,2008,代表取締役 福田 英之,80 百万円,,,,,
2024-08-01,株式会社ブランパートナーズ,新エネルギー（太陽光・風力・地熱・バイオなど）,求人なし,広島県福山市旭町3-6,2009,代表取締役 有吉 彰英,10 百万円,,,,,
2024-08-01,有限会社アゴラ,石油・資源,無,埼玉県越谷市新川町1-120,2005,代表取締役 相原 正則,5 百万円,,,,,
2024-08-01,ソプレイソーラー株式会社,石油・資源,求人なし,愛知県名古屋市中区千代田3-21-1テゴービル 3Ｆ,2009,代表取締役 加藤 謙一,50 百万円,,,,,
2024-08-01,株式会社ＮＳコーポレーション,石油・資源,無,東京都千代田区丸の内2-3-2,2009,代表取締役 大野 裕之,20 百万円,,,,,
2024-08-01,有限会社Ｅシステムサービス,新エネルギー（太陽光・風力・地熱・バイオなど）,求人なし,高知県土佐市蓮池2171-1,2004,代表取締役 武田 倫和,3 百万円,,,,,
2024-08-01,九電みらいエナジー株式会社,新エネルギー（太陽光・風力・地熱・バイオなど）,求人なし,福岡県福岡市中央区薬院3-2-23ＫＭＧビル 8Ｆ,2009,代表取締役 水町 豊,"11,570 百万円",,,,,
2024-08-01,グリーン・サーマル株式会社,新エネルギー（太陽光・風力・地熱・バイオなど）,求人なし,東京都千代田区有楽町2-2-1Ｘ－ＰＲＥＳＳ有楽町 7Ｆ,2009,代表取締役 齋藤 大輔,95 百万円,,,,,
2024-08-01,株式会社Ｐｒｏｖｉｇｅｎｔ,電力,無,東京都千代田区麹町1-10-11麹町広洋ビル 5Ｆ,2009,代表取締役 池田 能文,35 百万円,,,,,
2024-08-01,株式会社ブローウェブ,新エネルギー（太陽光・風力・地熱・バイオなど）,無,大阪府大阪市北区野崎町6-8ノース梅田ビル 10Ｆ,2007,代表取締役 吉川 香奈絵,27 百万円,,,,,
2024-08-01,エスジーリキッドサービス株式会社,ガス,求人なし,福岡県北九州市若松区向洋町20-1,2010,代表取締役 後藤 耕治,90 百万円,,,,,
2024-08-01,アロハガス株式会社,ガス,求人なし,埼玉県羽生市大字小須賀500,1989,代表取締役 田邊 将宏,20 百万円,,,,,
2024-08-01,東愛知ガス供給ネット株式会社,ガス,求人なし,愛知県豊川市御津町佐脇浜二号地1-8,2008,代表取締役 彦坂 彰一,100 百万円,,,,,
2024-08-01,株式会社晃紳,石油・資源,求人なし,静岡県藤枝市堀之内1-4-2,2008,代表取締役 加藤 邦晃,10 百万円,,,,,
2024-08-01,株式会社エスケーエナジー東京,ガス,求人なし,東京都港区浜松町2-3-1日本生命浜松町クレアタワー,2009,代表取締役 野田 佳裕,10 百万円,,,,,
2024-08-01,株式会社アストモスガスセンター四国,ガス,求人なし,香川県坂出市林田町4285-297,1985,代表取締役 立石 浩之,30 百万円,,,,,
2024-08-01,株式会社ルーデン・ライフサービス,石油・資源,無,東京都渋谷区桜丘町20-1渋谷インフォスタワー 2Ｆ,2010,代表取締役 佐々木 悟,98 百万円,,,,■コーティング事業■コーディネート事業■メンテナンス事業■リフォーム事業■物販事業 2024年6月doda掲載求人より引用,
2024-08-01,ひびきエル・エヌ・ジー株式会社,ガス,求人なし,福岡県北九州市若松区向洋町20-1,2010,代表取締役 柴田 浩伸,"6,000 百万円",,,,,
2024-08-01,エニシオ株式会社,電力,求人なし,山形県南陽市椚塚1620-5,1999,代表取締役 難波 美香,10 百万円,,,,,
2024-08-01,株式会社アズコーポレーション,新エネルギー（太陽光・風力・地熱・バイオなど）,求人なし,兵庫県神戸市長田区西代通3-3-6,2010,代表取締役 木村 建一,5 百万円,,,,,
2024-08-01,グローバルエナジー株式会社,石油・資源,求人なし,東京都千代田区神田東松下町17ニッテン神田ビル 8Ｆ,2010,代表取締役 高良 義博,10 百万円,,,,,
2024-08-01,バイオマスリサーチ株式会社,新エネルギー（太陽光・風力・地熱・バイオなど）,求人なし,北海道帯広市東二条南4-10,2007,代表取締役 菊池 貞雄,15 百万円,,,,,
2024-08-01,エナジーグリーン株式会社,新エネルギー（太陽光・風力・地熱・バイオなど）,求人なし,東京都中野区中野4-7-3,2007,代表取締役 三宅貞司,10 百万円,,,,,
2024-08-01,株式会社サン・ビーム,電力,求人なし,埼玉県本庄市東台2-9-17,2002,代表取締役 橋本 宏昌,10 百万円,,,,,
2024-08-01,株式会社エネリーヴ,ガス,求人なし,埼玉県富士見市大字鶴馬2608-7,1999,代表取締役 渡邉 毅人,10 百万円,,,,,
2024-08-01,株式会社豊国エコソリューションズ,新エネルギー（太陽光・風力・地熱・バイオなど）,求人なし,広島県東広島市西条町御薗宇6400-4,2010,代表取締役 佐々木 剛,10 百万円,,,,,
2024-08-01,株式会社安東商店,石油・資源,求人なし,群馬県吾妻郡長野原町大字北軽井沢1987-345,1978,代表取締役 安東 克敏,7 百万円,,,,,
2024-08-01,株式会社エコキューブ,新エネルギー（太陽光・風力・地熱・バイオなど）,求人なし,東京都千代田区平河町1-5-6,2006,代表取締役 穂苅 隆行,6 百万円,,,,,
2024-08-01,カヤ産業株式会社,石油・資源,無,愛知県名古屋市名東区社が丘1-407,1952,代表取締役 山田 健,80 百万円,,,,,
2024-08-01,株式会社Ｊ．Ｌ．Ｃ,新エネルギー（太陽光・風力・地熱・バイオなど）,無,埼玉県さいたま市大宮区大門町3-22-2ムサシビル3Ｆ,2008,代表取締役 西野 寿夫,9 百万円,,,,,
2024-08-01,エコ・ジャパン株式会社,新エネルギー（太陽光・風力・地熱・バイオなど）,求人なし,大阪府大阪市中央区南船場2-4-23東泉ビル 901,1991,代表取締役 津川 寿,10 百万円,,,,,
2024-08-01,株式会社イデックスリテール南九州,石油・資源,求人なし,宮崎県宮崎市大字島之内6987,2010,代表取締役 越智 雅彦,20 百万円,,,,,
2024-08-01,株式会社日本電気管理協会,石油・資源,無,東京都葛飾区四つ木1-2-19エステートピア白金 101,2010,代表取締役 内藤 實,,,,,,
2024-08-01,株式会社Ｖ‐Ｐｏｗｅｒ,電力,求人なし,東京都港区港南2-10-9,2010,代表取締役 小室 正則,40 百万円,,,,,
2024-08-01,株式会社アルシス,石油・資源,無,栃木県那須塩原市唐杉100-7,2006,代表取締役 髙根沢 喜美一,20 百万円,,,,,
2024-08-01,国際原子力開発株式会社,電力,求人なし,東京都港区新橋3-4-5新橋フロンティアビルディング 5Ｆ,2010,代表取締役 佐々木 敏春,100 百万円,,,,,
2024-08-01,株式会社オフィスＫ,電力,求人なし,愛知県名古屋市中川区土野町2-1,2010,代表取締役 梅鉢 健司,1 百万円,,,,,
2024-08-01,株式会社日本エナジーサービス,石油・資源,求人なし,東京都千代田区霞が関1-4-1日土地ビル 2Ｆ,2010,代表取締役 榎本 泰洋,10 百万円,,,,,
2024-08-01,株式会社フォレストホームサービス,新エネルギー（太陽光・風力・地熱・バイオなど）,無,京都府京都市南区上鳥羽石橋町242,2008,代表取締役 松盛 孝司,10 百万円,,,,,
2024-08-01,新エネルギー供給株式会社,新エネルギー（太陽光・風力・地熱・バイオなど）,求人なし,東京都港区浜松町1-12-11丸芝ビル 4Ｆ,2004,代表取締役 神島 信,238 百万円,,,,,
2024-08-01,株式会社西ガス,ガス,求人なし,北海道砂川市三砂町55-3,2003,代表取締役 西 拓哉,10 百万円,,,,,
2024-08-01,株式会社エコライフエンジニアリング,新エネルギー（太陽光・風力・地熱・バイオなど）,無,東京都港区六本木4-9-2俳優座ビル 818,1988,代表取締役 石堂 義保,80 百万円,,,,■再生可能エネルギー事業・産業用太陽光発電所開発・システム保守管理・メンテナンス（O&M） 2023年9月doda掲載求人より引用,
2024-08-01,株式会社エミオ,石油・資源,無,東京都町田市中町3-4-2高峰ビル205,2010,代表取締役 中山 忍,3 百万円,,,,,
2024-08-01,株式会社セコンド,電力,求人なし,福岡県北九州市八幡西区則松3-14-11,1969,代表取締役 杉田 英雄,10 百万円,,,,,
2024-08-01,株式会社リヴィックス大阪,ガス,求人なし,大阪府大阪市旭区森小路1-7-12,2010,代表取締役 中谷 賀久,10 百万円,,,,,
2024-08-01,株式会社Ｍ・Ｓ・ＪＡＰＡＮ,新エネルギー（太陽光・風力・地熱・バイオなど）,求人なし,愛知県みよし市明知町小石山33,2010,代表取締役 田中 承治,8 百万円,,,,,
2024-08-01,グリーンパーク千葉新港株式会社,石油・資源,求人なし,千葉県千葉市美浜区新港226-1,2010,代表取締役 桂木 格,30 百万円,,,,,
2024-08-01,株式会社グリーン発電大分,新エネルギー（太陽光・風力・地熱・バイオなど）,求人なし,大分県日田市大字東有田諸留町2813-22,2010,代表取締役 森山 和浩,97 百万円,,,,,
2024-08-01,株式会社オイルサービス,石油・資源,求人なし,埼玉県越谷市大字南荻島1713-5,2007,代表取締役 藤堂 哲志,3 百万円,,,,,
2024-08-01,日本ファクター株式会社,新エネルギー（太陽光・風力・地熱・バイオなど）,求人なし,埼玉県越谷市大字大泊430-1,2008,代表取締役 近藤 正成,30 百万円,,,,,
2024-08-01,関東ガスエナジー株式会社,ガス,求人なし,茨城県日立市砂沢町1187-9,2007,代表取締役 内藤 泰明,10 百万円,,,,,
2024-08-01,株式会社ガスエナジーいわき,ガス,求人なし,福島県いわき市鹿島町飯田字八合17-4,2007,代表取締役 内藤 泰明,10 百万円,,,,,
2024-08-01,株式会社関東中央ガス,石油・資源,求人なし,東京都福生市牛浜47-3,1983,代表取締役 星山 吉男,25 百万円,,,,,
2024-08-01,株式会社ユタカ通信,石油・資源,無,京都府亀岡市篠町広田1-38-12,2008,代表取締役 田中 豊,3 百万円,,,,,
2024-08-01,相模電気工事株式会社,エネルギー（電力・ガス・石油・新エネルギー）業界,求人なし,神奈川県茅ヶ崎市本宿町11-53,1978,代表取締役 塩澤 一巳,20 百万円,,,,,
2024-08-01,朝霞・三園ユーティリティサービス株式会社,石油・資源,求人なし,東京都千代田区外神田1-5-1秋葉原ファーストビル,2001,代表取締役 黒津 健之,100 百万円,,,,,
2024-08-01,東新ガス株式会社,エネルギー（電力・ガス・石油・新エネルギー）業界,求人なし,埼玉県新座市東3-3-32パークイースト 101,2001,代表取締役 塩野 賢一,20 百万円,,,,,
2024-08-01,株式会社ラヴァース東海,新エネルギー（太陽光・風力・地熱・バイオなど）,求人なし,愛知県尾張旭市西山町2-7-2,2008,代表取締役 中辻 卓詞,1 百万円,,,,,
2024-08-01,太陽力株式会社,新エネルギー（太陽光・風力・地熱・バイオなど）,求人なし,長野県上田市上田3176-6,2009,代表取締役 栗田 力,1 百万円,,,,,
2024-08-01,株式会社マルマン,ガス,求人なし,愛知県大府市江端町3-143ＭＡＰビル 1Ｆ,1980,代表取締役 加古 大介,10 百万円,,,,,
2024-08-01,株式会社セーフティワークス,石油・資源,無,東京都杉並区井草1-43-5,2001,代表取締役 柏木 夏樹,3 百万円,,,,,
2024-08-01,スマートパワー株式会社,新エネルギー（太陽光・風力・地熱・バイオなど）,求人なし,神奈川県横浜市鶴見区鶴見中央4-33-1ナイスビル 6Ｆ,2011,代表取締役 田原 武和,100 百万円,,,,,
2024-08-01,ＮＸエネルギー中国株式会社,石油・資源,求人なし,広島県安芸郡海田町明神町2-118広島ガスプロパン（株） 2Ｆ,1972,代表取締役 井本 真史,10 百万円,,,,,
2024-08-01,株式会社ＮＥＯ,新エネルギー（太陽光・風力・地熱・バイオなど）,求人なし,福岡県直方市大字感田2433-1,2009,代表取締役 大森 盛幹,50 百万円,,,,,
2024-08-01,株式会社九電ハイテック,電力,求人なし,福岡県福岡市中央区渡辺通2-9-3西鉄渡辺通二丁目ビル,2011,代表取締役 山﨑 尚,200 百万円,,,,,
2024-08-01,オランジュ株式会社,新エネルギー（太陽光・風力・地熱・バイオなど）,求人なし,東京都中央区新川2-22-6ＳＪＩビル 6Ｆ,2011,代表取締役 清水 拓也,45 百万円,,,,,
2024-08-01,株式会社エスコプロモーション,石油・資源,無,大阪府大阪市中央区南船場4-6-1南船場秋山ビル 7Ｆ,2011,代表取締役 山道 良,10 百万円,,,,,
2024-08-01,日本ロハス株式会社,新エネルギー（太陽光・風力・地熱・バイオなど）,求人なし,東京都豊島区池袋2-42-3オスカービル 5Ｆ,1998,代表取締役 白井 桃源,80 百万円,,,,,
2024-08-01,北海道エネライン株式会社,ガス,求人なし,北海道札幌市中央区北一条東3-3,2009,代表取締役 鈴木 匠,98 百万円,,,,,
2024-08-01,ＱＳＯ株式会社,新エネルギー（太陽光・風力・地熱・バイオなど）,無,宮崎県宮崎市橘通西3-10-32,2011,代表取締役 坂元 伸一,8 百万円,,,,,
2024-08-01,ＮＮ物産株式会社,石油・資源,求人なし,大阪府羽曳野市羽曳が丘西5-8-7,2004,代表取締役 西山 信浩,28 百万円,,,,,
2024-08-01,株式会社阪神電化サービス,新エネルギー（太陽光・風力・地熱・バイオなど）,求人なし,兵庫県尼崎市東園田町3-31-12,2011,代表取締役 西杢比野 健一,2 百万円,,,,,
2024-08-01,ＡＯＩエネルギーソリューション株式会社,ガス,求人なし,福井県福井市二の宮4-44-1,1983,代表取締役 山本 晃司,90 百万円,,,,,
2024-08-01,株式会社エコフレンズ,新エネルギー（太陽光・風力・地熱・バイオなど）,無,大阪府大阪市北区豊崎5-6-10商業ビル 6Ｆ,2011,代表取締役 高野 理沙,1 百万円,,,,,
2024-08-01,株式会社Ｋ　ＳＱＵＡＲＥ,石油・資源,無,東京都港区東新橋1-10-1ＴＴＰ 23Ｆ,2011,代表取締役 勝田 康裕,3 百万円,,,,,
2024-08-01,マルネン株式会社,石油・資源,無,東京都千代田区富士見1-8-19住友不動産 千代田富士見ビル 11Ｆ,1995,代表取締役 薗部 奨,90 百万円,,,,,
2024-08-01,Ｊネットレンタカー宮崎株式会社,石油・資源,求人なし,宮崎県宮崎市祇園1-117福井石油（株）本社ビル 2Ｆ,1986,代表取締役 福井 芳文,20 百万円,,,,,
2024-08-01,株式会社サンシュウ,新エネルギー（太陽光・風力・地熱・バイオなど）,求人なし,奈良県橿原市田中町561-1,2011,代表取締役 槙尾 ちゆき,30 百万円,,,,,
2024-08-01,株式会社ＡＲＣＡ,新エネルギー（太陽光・風力・地熱・バイオなど）,求人なし,宮城県仙台市泉区根白石字花輪裏20-1,2011,代表取締役 河内 ひとみ,99 百万円,,,,,
2024-08-01,日本バイオマス発電株式会社,電力,求人なし,東京都新宿区高田馬場4-13-13東海オリエンタルビル 4Ｆ,2010,代表取締役 若狭 哲夫,80 百万円,,,,,
2024-08-01,株式会社Ｊ．Ｃプランニング,新エネルギー（太陽光・風力・地熱・バイオなど）,求人なし,埼玉県さいたま市浦和区領家3-11-1,2000,代表取締役 小川 和義,10 百万円,,,,,
2024-08-01,群桐エコロ株式会社,石油・資源,求人なし,群馬県太田市新田大町600-26,2007,代表取締役 山口 博,20 百万円,,,,,
2024-08-01,株式会社伊藤佑商事,石油・資源,求人なし,滋賀県蒲生郡日野町大字里口37,1979,代表取締役社長 伊藤 侑祐,10 百万円,,,,,
2024-08-01,株式会社共栄,ガス,求人なし,鹿児島県鹿児島市宇宿2-4-1,1954,代表取締役 栫 浩多郎,30 百万円,,,,,
2024-08-01,株式会社トラスト,新エネルギー（太陽光・風力・地熱・バイオなど）,求人なし,埼玉県北足立郡伊奈町本町1-134,2011,代表取締役 有村 利広,2 百万円,,,,,
2024-08-01,株式会社イデックスリテール熊本,石油・資源,求人なし,熊本県菊池郡大津町大字杉水3373-1,2011,代表取締役 田中 貴志,20 百万円,,,,,
2024-08-01,株式会社大和商会,ガス,求人なし,愛知県名古屋市中川区清船町5-1-3,1957,代表取締役 髙垣 寛,25 百万円,,,,,
2024-08-01,株式会社創電,新エネルギー（太陽光・風力・地熱・バイオなど）,無,愛知県豊橋市花田町字越水61-1創電ビル 2Ｆ,2006,代表取締役 吉田 豊,10 百万円,,,,,
2024-08-01,ビーコンストラクション株式会社,石油・資源,求人なし,東京都千代田区丸の内1-8-2,2008,代表取締役 濱渕 卓司,9 百万円,,,,,
2024-08-01,株式会社松原電機,新エネルギー（太陽光・風力・地熱・バイオなど）,求人なし,愛知県豊田市元宮町6-32-2,2012,代表取締役 松原 俊介,3 百万円,,,,,
2024-08-01,有限会社八王子電気,新エネルギー（太陽光・風力・地熱・バイオなど）,求人なし,岡山県岡山市中区江崎168-1,1975,取締役 石田 賢二,4 百万円,,,,,
2024-08-01,成瀬鋼業株式会社,石油・資源,求人なし,東京都江戸川区東小松川4-53-20,1967,代表取締役 栗原 淳太,7 百万円,,,,,
2024-08-01,株式会社太陽住建,新エネルギー（太陽光・風力・地熱・バイオなど）,求人なし,神奈川県横浜市南区井土ケ谷下町6-1リバーサイドマンション 1Ｆ,2009,代表取締役 河原 勇輝,13 百万円,,,,,
2024-08-01,和歌山縣ヘルス工業株式会社,石油・資源,求人なし,和歌山県和歌山市本町4-25,1980,代表取締役 知念 義徳,27 百万円,,,,,
2024-08-01,有限会社エコシステム,新エネルギー（太陽光・風力・地熱・バイオなど）,求人なし,熊本県熊本市東区御領6-2-32,2000,代表取締役 栃原 威一郎,10 百万円,,,,,
2024-08-01,株式会社ハマテック,新エネルギー（太陽光・風力・地熱・バイオなど）,求人なし,宮崎県児湯郡西米良村大字村所2-27,2009,代表取締役 濵砂道太,30 百万円,,,,,
2024-08-01,株式会社エコプラン,新エネルギー（太陽光・風力・地熱・バイオなど）,求人なし,北海道北見市西三輪4-696-5,2007,代表取締役 小笠原芳隆,10 百万円,,,,,
2024-08-01,株式会社サービスネット甲子園,ガス,求人なし,兵庫県西宮市津門住江町12-17,2007,代表取締役 藤田 政信,5 百万円,,,,,
2024-08-01,株式会社ジャパン・インベストメント・マネジメント,電力,求人なし,大阪府大阪市福島区鷺洲5-5-24リーガル福島 4Ｆ 403,2006,代表取締役 山下 幸三,3 百万円,,,,,
2024-08-01,株式会社レーベン,石油・資源,求人なし,京都府京都市中京区西ノ京池ノ内町19-9井上ビル 3Ｆ,2003,代表取締役 岡部 正人,10 百万円,,,,,
2024-08-01,株式会社エネルギーステーション,石油・資源,無,京都府向日市物集女町森ノ上6-20,1976,代表取締役 米田 竜馬,50 百万円,,,,■大阪ガス設備機器、大阪ガス住宅設備の機器販売、リフォーム、設計、施工■ガス工事、設計、施工 2023年9月doda掲載求人より引用,
2024-08-01,新電力株式会社,新エネルギー（太陽光・風力・地熱・バイオなど）,求人なし,東京都千代田区有楽町2-7-1有楽町イトシア 12Ｆ,1989,代表取締役 安住 敏郎,100 百万円,,,,,
2024-08-01,有限会社アルプスステーション,石油・資源,求人なし,山梨県南アルプス市西野2336-3,1976,代表取締役 望月 政英,3 百万円,,,,,
2024-08-01,ＧＳアライアンス株式会社,新エネルギー（太陽光・風力・地熱・バイオなど）,求人なし,兵庫県川西市小花2-22-11,2010,代表取締役 森 良平,,,,,,
2024-08-01,株式会社ＤＵＣ,石油・資源,求人なし,岐阜県瑞浪市薬師町4-50,2009,代表取締役 市岡 宏樹,10 百万円,,,,,
2024-08-01,株式会社サンヨーヒーテング,新エネルギー（太陽光・風力・地熱・バイオなど）,求人なし,宮城県柴田郡柴田町大字下名生字剣水61,1994,代表取締役 大宮 裕二,10 百万円,,,,,
2024-08-01,エナジーバンクジャパン株式会社,新エネルギー（太陽光・風力・地熱・バイオなど）,求人なし,大阪府大阪市中央区平野町4-1-2,2010,代表取締役社長 野口 隆浩,20 百万円,,,,,
2024-08-01,株式会社ヒューマンリンク,新エネルギー（太陽光・風力・地熱・バイオなど）,求人なし,東京都北区赤羽1-54-5メトロＡ・Ｉビル 4Ｆ,2010,代表取締役 平田 清嗣,20 百万円,,,,,
2024-08-01,株式会社フォレスト,石油・資源,無,東京都新宿区西新宿2-7-1小田急第一生命ビル 12Ｆ,2011,代表取締役 森 翔太,70 百万円,,,,,
2024-08-01,株式会社スカイテック,新エネルギー（太陽光・風力・地熱・バイオなど）,求人なし,東京都港区芝浦2-3-37芝浦中村ビル 5Ｆ,1998,代表取締役 国本 雅樹,45 百万円,,,,,
2024-08-01,株式会社ＢＢライン,新エネルギー（太陽光・風力・地熱・バイオなど）,求人なし,福岡県福岡市中央区天神1-13-21天神商栄ビル 6Ｆ,2011,代表取締役 青山 洋介,30 百万円,,,,,
2024-08-01,ＳＡＳ株式会社,石油・資源,無,福岡県福岡市中央区港2-4-2小宮ビル 2Ｆ,1993,代表取締役 岡下 忠孝,3 百万円,,,,,
2024-08-01,株式会社ケイズプラン,新エネルギー（太陽光・風力・地熱・バイオなど）,求人なし,福岡県福岡市博多区博多駅南5-6-11,2011,代表取締役 出口 勝憲,10 百万円,,,,,
2024-08-01,株式会社ＨＩＰＯＷＥＲ,新エネルギー（太陽光・風力・地熱・バイオなど）,無,東京都港区六本木5-2-1ほうらいやビル 6Ｆ,2011,代表取締役 安冨 輝,10 百万円,,,,,
2024-08-01,株式会社協和商事,新エネルギー（太陽光・風力・地熱・バイオなど）,求人なし,千葉県印旛郡酒々井町下台127-2302,1957,代表取締役 荻原 勇,3 百万円,,,,,
2024-08-01,株式会社サンティア,石油・資源,無,東京都江戸川区江戸川3-40第7頼長ビル1Ｆ,2003,代表取締役 守屋 敬善,3 百万円,,,,,
2024-08-01,高松産業株式会社,ガス,無,福岡県遠賀郡水巻町吉田東1-1-1,1954,代表取締役 住吉 弘徳,50 百万円,,,,,
2024-08-01,アースアクト株式会社,新エネルギー（太陽光・風力・地熱・バイオなど）,無,佐賀県佐賀市兵庫南1-3-1,2008,代表取締役 筒井 心,17 百万円,,,,情報が古い可能性があります。最新の情報を確認する場合はHP等をご覧ください。 ・省エネコンサル事業・新エネルギー事業やMS（メンテナンス）事業・自社建物賃貸事業・トータルビューティー事業 2021年9月doda掲載求人より引用,
2024-08-01,株式会社サカイガワ,新エネルギー（太陽光・風力・地熱・バイオなど）,求人なし,東京都町田市原町田4-15-133Ｆ,1994,代表取締役 佐藤 隆,14 百万円,,,,,
2024-08-01,株式会社ユニ・ロット,新エネルギー（太陽光・風力・地熱・バイオなど）,求人なし,大阪府大阪市中央区淡路町2-6-11淡路町パークビル 4Ｆ,2002,代表取締役 佐伯 猛志,238 百万円,,,,,
2024-08-01,富士通商株式会社,新エネルギー（太陽光・風力・地熱・バイオなど）,無,東京都中央区新川1-3-3グリーンオーク茅場町 4Ｆ,2009,代表取締役 于暁玲,61 百万円,,,,,
2024-08-01,株式会社ジェイウインドサービス,新エネルギー（太陽光・風力・地熱・バイオなど）,求人なし,東京都千代田区九段北4-2-5,2012,代表取締役 本庄 暢之,50 百万円,,,,,
2024-08-01,株式会社カンテック,新エネルギー（太陽光・風力・地熱・バイオなど）,無,東京都品川区西五反田1-26-2五反田サンハイツビルディング 2Ｆ,2010,代表取締役 大森 聡,10 百万円,,,,,
2024-08-01,東洋ミック株式会社,石油・資源,無,大阪府寝屋川市太間東町10-11,1992,代表取締役 髙橋 徹,10 百万円,,,,情報が古い可能性があります。最新の情報を確認する場合はHP等をご覧ください。 耐摩耗セラミックライニングセラミック成形品販売耐摩耗補修剤製造・販売 2023年7月doda掲載求人より引用,
2024-08-01,アクア・システム株式会社,石油・資源,無,東京都葛飾区東四つ木3-36-4,2012,代表取締役 厚木 清人,3 百万円,,,,,
2024-08-01,エネファースト株式会社,新エネルギー（太陽光・風力・地熱・バイオなど）,求人なし,東京都渋谷区恵比寿1-21-10えびすアシストビル 3Ｆ,2012,代表取締役 長尾 一德,23 百万円,,,,,
2024-08-01,くにうみアセットマネジメント株式会社,電力,求人なし,東京都港区元麻布2-1-13,2012,代表取締役 山﨑 養世,250 百万円,,,,,
2024-08-01,ＡｉＮＥＲＧＹ株式会社,新エネルギー（太陽光・風力・地熱・バイオなど）,求人なし,福島県会津若松市東栄町1-77,2012,代表取締役 折笠 哲也,6 百万円,,,,,
2024-08-01,株式会社岡田商事,石油・資源,求人なし,三重県津市河芸町中別保277,2009,代表取締役 岡田 志江,50 百万円,,,,,
2024-08-01,株式会社キャット,石油・資源,求人なし,神奈川県横浜市旭区白根7-25-18,1990,代表取締役 松岡 利雄,9 百万円,,,,,
2024-08-01,株式会社ＲｅｃｏＤ,石油・資源,求人なし,愛知県名古屋市昭和区桜山町5-99-6,2012,代表取締役 神田敦太,3 百万円,,,,,
2024-08-01,株式会社ＳＤテクノサービス,石油・資源,求人なし,千葉県千葉市中央区蘇我3-29-24,2012,代表取締役 関根 伴樹,10 百万円,,,,,
2024-08-01,株式会社エネ創,新エネルギー（太陽光・風力・地熱・バイオなど）,求人なし,栃木県宇都宮市野沢町363-3,2003,代表取締役 福田 修一,30 百万円,,,,,
2024-08-01,エネ・シード株式会社,新エネルギー（太陽光・風力・地熱・バイオなど）,求人なし,福岡県福岡市博多区千代1-17-1パピヨン24 2Ｆ,2012,代表取締役 舛本 孝文,100 百万円,,,,,
2024-08-01,大分ガスエネルギー株式会社,ガス,求人なし,大分県別府市餅ケ浜町5-35,1980,代表取締役 西本 安広,12 百万円,,,,,
2024-08-01,プラス株式会社,新エネルギー（太陽光・風力・地熱・バイオなど）,求人なし,福岡県福岡市中央区大名1-3-46大名イマンス 302,2012,代表取締役 髙松 豪,5 百万円,,,,,
2024-08-01,ニーズ株式会社,新エネルギー（太陽光・風力・地熱・バイオなど）,無,愛知県名古屋市港区十一屋1-70-7,2000,代表取締役 鈴木 雅人,8 百万円,,,,,
2024-08-01,イーレックスニューエナジー株式会社,新エネルギー（太陽光・風力・地熱・バイオなど）,求人なし,東京都中央区京橋2-2-1,2012,代表取締役 石丸 豊彦,10 百万円,,,,,
2024-08-01,株式会社ＡＲＲＯＷＳ,石油・資源,求人なし,熊本県八代市海士江町3318-1西田ビル 101,2012,代表取締役 小川 優人,30 百万円,,,,,
2024-08-01,株式会社佐藤エネルギー,石油・資源,求人なし,北海道函館市松陰町24-2,2012,代表取締役 佐藤 幸正,20 百万円,,,,,
2024-08-01,株式会社アルティメット,石油・資源,無,東京都渋谷区千駄ヶ谷5-30-7鈴木ビル 1Ｆ,2012,代表取締役 潮田 博之,5 百万円,,,,,
2024-08-01,マルエネ・リテールサポート株式会社,石油・資源,求人なし,東京都千代田区富士見1-8-19住友不動産千代田富士見ビル 11Ｆ,2012,代表取締役 辛島 広一,20 百万円,,,,,
2024-08-01,エコカーボン株式会社,新エネルギー（太陽光・風力・地熱・バイオなど）,無,東京都千代田区飯田橋2-11-10山田ラインビルＩＩＩ 2Ｆ,2007,代表取締役 坂本 勝一,35 百万円,,,,◆省エネルギーシステム事業◆省エネルギー診断◆補助金・助成金コンサルティング◆機器販売事業 2024年3月doda掲載求人より引用,
2024-08-01,株式会社力電,石油・資源,無,東京都江戸川区船堀3-8-11202,2012,代表取締役 橋本 力,3 百万円,,,,,
2024-08-01,コムシスクリエイト株式会社,新エネルギー（太陽光・風力・地熱・バイオなど）,求人なし,東京都品川区東五反田2-17-1,2012,代表取締役 佐々木 和秋,10 百万円,,,,,
2024-08-01,株式会社フレックス東大阪,ガス,求人なし,大阪府東大阪市弥生町3-40,2012,代表取締役 中谷 賀典,9 百万円,,,,,
2024-08-01,ＣｏｍＰｏｗｅｒ株式会社,石油・資源,求人なし,東京都港区芝浦3-7-13,2012,代表取締役 福井 エドワード,50 百万円,,,,,
2024-08-01,株式会社デンオウ,新エネルギー（太陽光・風力・地熱・バイオなど）,求人なし,千葉県野田市木間ケ瀬2303,1994,代表取締役 坂口 俊和,10 百万円,,,,,
2024-08-01,株式会社ＲＥＴＲＹ,新エネルギー（太陽光・風力・地熱・バイオなど）,求人なし,東京都中央区日本橋小網町19-8ＩＷ日本橋ビル5Ｆ,2011,代表取締役 森下 悦道,20 百万円,,,,,
2024-08-01,光陽アストロ株式会社,電力,求人なし,東京都台東区東上野3-32-2,2012,代表取締役 山中 勇輝,51 百万円,,,,,
2024-08-01,株式会社ウィンド・パワー,石油・資源,求人なし,茨城県神栖市南浜3-226,2010,代表取締役 小松﨑 衞,30 百万円,,,,,
2024-08-01,ミズノ工業株式会社,石油・資源,求人なし,東京都大田区多摩川1-26-10,1967,代表取締役 水野 ひろみ,10 百万円,,,,,
2024-08-01,株式会社エコネット伊勢センター,ガス,求人なし,三重県伊勢市東大淀町128-11,2008,代表取締役 中川 吉弘,3 百万円,,,,,
2024-08-01,株式会社楽生,新エネルギー（太陽光・風力・地熱・バイオなど）,求人なし,大阪府大阪市城東区鴫野西4-2-3902,2012,代表取締役 松村 拓朗,10 百万円,,,,,
2024-08-01,株式会社イノベーション・テクノロジー,石油・資源,求人なし,長野県松本市蟻ケ崎4-1-29201,2012,代表取締役 小松 茂美,,,,,,
2024-08-01,株式会社アイエステクノサービス,新エネルギー（太陽光・風力・地熱・バイオなど）,無,大阪府大阪市北区本庄東2-2-25クリエイト天八ビル 5Ｆ,2012,代表取締役 今井 直樹,30 百万円,,,,,
2024-08-01,アサヒエレベーション株式会社,新エネルギー（太陽光・風力・地熱・バイオなど）,求人なし,福岡県福岡市中央区渡辺通1-1-1サンセルコ 317,2012,代表取締役 丸尾 義則,3 百万円,,,,,
2024-08-01,株式会社ＴＥＣインターナショナル,石油・資源,求人なし,東京都千代田区霞が関3-7-1霞が関東急ビル,2012,代表取締役 狩谷 薫,60 百万円,,,,,
2024-08-01,株式会社エコラインシステム,石油・資源,求人なし,東京都江戸川区本一色2-6-12,2012,代表取締役 丸山 武司,1 百万円,,,,,
2024-08-01,やまとソーラープラント株式会社,新エネルギー（太陽光・風力・地熱・バイオなど）,求人なし,鹿児島県霧島市国分下井2297-10,2012,代表取締役 岩﨑 一美,5 百万円,,,,,
2024-08-01,うどん県電力株式会社,電力,求人なし,香川県高松市香南町西庄248-1（株）電工社エンジニアリング内,2012,代表取締役 十河 建志,20 百万円,,,,,
2024-08-01,Ｊ－Ａｌｉｖｅ株式会社,新エネルギー（太陽光・風力・地熱・バイオなど）,求人なし,福岡県大野城市栄町3-1-24,2012,代表取締役 一山 賢介,24 百万円,,,,,
2024-08-01,株式会社ウィンド１９,新エネルギー（太陽光・風力・地熱・バイオなど）,求人なし,静岡県富士市横割本町15-20曲松第2ビル 3Ｆ,2012,代表取締役 飯塚 久美子,21 百万円,,,,,
2024-08-01,株式会社Ｌ．Ａ．ＤＥＰＯ,新エネルギー（太陽光・風力・地熱・バイオなど）,求人なし,石川県金沢市湊2-120-15,2012,代表取締役 玉田 善久,30 百万円,,,,,
2024-08-01,日本環境エネシステム株式会社,新エネルギー（太陽光・風力・地熱・バイオなど）,求人なし,愛知県名古屋市中区大須4-13-46ウイストリアビル 202,2012,代表取締役 岡本 光生,24 百万円,,,,,
2024-08-01,福知山都市ガス株式会社,ガス,求人なし,京都府福知山市字奥野部6-8,2012,代表取締役 隅田 政志,300 百万円,,,,,
2024-08-01,リープトンエナジー株式会社,新エネルギー（太陽光・風力・地熱・バイオなど）,無,兵庫県神戸市中央区相生町1-2-1東成ビルディング 6Ｆ,2012,代表取締役 周 鳴飛,499 百万円,,,,情報が古い可能性があります。最新の情報を確認する場合はHP等をご覧ください。 ●太陽光発電システムの開発・販売●太陽電池モジュールの製造・販売●太陽光発電システム取付部材（架台・基礎杭）の製造・販売●太陽光発電所の設置・管理・メンテナンス自社で太陽電池モジュールの製造～販売までを手掛ける国内でも珍しいメーカー。脱炭酸社会へ向けてニーズの高い商品を扱い世界各国と取引があります。 2023年8月doda掲載求人より引用,
2024-08-01,エコ・キュレーション・ジャパン株式会社,電力,求人なし,東京都港区六本木4-2-35,2012,代表取締役 根布 和明,9 百万円,,,,,
2024-08-01,株式会社エコロミ,新エネルギー（太陽光・風力・地熱・バイオなど）,求人なし,東京都千代田区神田錦町3-23-1メットライフ神田錦町ビル 8Ｆ,2012,代表取締役 小峯 充史,40 百万円,,,,,
2024-08-01,パシフィコ・エナジー株式会社,石油・資源,求人なし,東京都港区六本木3-2-1六本木グランドタワー,2012,代表取締役 松尾 大樹,100 百万円,,,,,
2024-08-01,株式会社イクト,新エネルギー（太陽光・風力・地熱・バイオなど）,求人なし,静岡県袋井市山科2886-2,2012,代表取締役 平井 辰憲,20 百万円,,,,,
2024-08-01,日本未来エナジー株式会社,新エネルギー（太陽光・風力・地熱・バイオなど）,求人なし,宮城県仙台市泉区八乙女中央2-5-7,2012,代表取締役 増田 裕一郎,30 百万円,,,,,
2024-08-01,株式会社トッパーサン・ジャパン,新エネルギー（太陽光・風力・地熱・バイオなど）,求人なし,兵庫県神戸市北区山田町小部字一ツ鍬山10-12,2012,代表取締役 羅 家慶,55 百万円,,,,,
2024-08-01,株式会社ジャパンエコテクニカルズ,新エネルギー（太陽光・風力・地熱・バイオなど）,無,福岡県福岡市中央区浄水通2-1,2012,代表取締役 木下 能嗣,10 百万円,,,,,
2024-08-01,マルヰガス株式会社,ガス,求人なし,埼玉県さいたま市緑区道祖土3-15-8,1953,代表取締役 川島 剛,10 百万円,,,,,
2024-08-01,ＥＮＥＯＳリニューアブル・エナジー株式会社,石油・資源,求人なし,東京都港区六本木6-2-31六本木ヒルズノースタワー 10Ｆ,2012,代表取締役 竹内 一弘,"28,735 百万円",,,,,
2024-08-01,株式会社九州エネコ,新エネルギー（太陽光・風力・地熱・バイオなど）,求人なし,熊本県熊本市中央区九品寺2-8-21第2木村ビル 2Ｆ,2006,代表取締役 五藤 裕樹,10 百万円,,,,,
2024-08-01,株式会社スタン,ガス,求人なし,徳島県徳島市川内町平石流通団地21,2002,代表取締役 近藤 紳一郎,20 百万円,,,,,
2024-08-01,株式会社プレジャーハウス,新エネルギー（太陽光・風力・地熱・バイオなど）,無,愛知県名古屋市中区錦3-23-18ニューサカエビル6Ｆ,2008,代表取締役 布施 浩,10 百万円,,,,スマートハウス事業・太陽光発電システム・蓄電池システムの設計・販売・施工及びメンテナンスオール電化システム（電気温水器・エコキュート・IHクッキングヒーターなど）及び給湯器（ヒートポンプ給湯暖房機、石油給湯器など）・浴室乾燥機の販売・施工並びにメンテナンス空調機器の販売、施工及びメンテナンス浴室・キッチン・洗面台等の住宅リフォーム通信ネットワークソリューション事業営業代行サービス 他 2024年4月doda掲載求人より引用,
2024-08-01,千葉エコ・エネルギー株式会社,新エネルギー（太陽光・風力・地熱・バイオなど）,求人なし,千葉県千葉市稲毛区弥生町2-15,2012,代表取締役 馬上 丈司,10 百万円,,,,,
2024-08-01,いぶきグリーンエナジー株式会社,新エネルギー（太陽光・風力・地熱・バイオなど）,求人なし,滋賀県米原市大野木1751-5,2012,代表取締役 山室 智司,50 百万円,,,,,
2024-08-01,株式会社グッドフィールド,新エネルギー（太陽光・風力・地熱・バイオなど）,求人なし,広島県広島市東区曙4-4-8曙センタービル 802,2012,代表取締役 三宅 俊介,1 百万円,,,,,
2024-08-01,株式会社山善,新エネルギー（太陽光・風力・地熱・バイオなど）,求人なし,愛知県犬山市大字前原字前畑14-1,2013,代表取締役 村上 慶太郎,20 百万円,,,,,
2024-08-01,Ｓｐａｑ株式会社,新エネルギー（太陽光・風力・地熱・バイオなど）,求人なし,埼玉県越谷市川柳町2-395,2012,,1 百万円,,,,,
2024-08-01,ダイモクエネルギーカンパニー株式会社,電力,求人なし,千葉県成田市花崎町814,2012,代表取締役 大木 裕信,10 百万円,,,,,
2024-08-01,二和電設株式会社,新エネルギー（太陽光・風力・地熱・バイオなど）,求人なし,千葉県鎌ケ谷市初富808-471,2012,代表取締役 齊藤 潤輔,10 百万円,,,,,
2024-08-01,ＩＴＫソーラー北海道株式会社,新エネルギー（太陽光・風力・地熱・バイオなど）,求人なし,北海道札幌市中央区北四条西4-1伊藤・加藤ビルディング伊藤ビルディング 8Ｆ,2012,代表取締役 阪 豊彦,50 百万円,,,,,
2024-08-01,株式会社アドバンス,新エネルギー（太陽光・風力・地熱・バイオなど）,求人なし,東京都千代田区神田須田町1-16-5ヒューリック神田ビル 4Ｆ,2012,代表取締役 渋谷 君美義,99 百万円,,,,,
2024-08-01,株式会社Ａ－スタイル,新エネルギー（太陽光・風力・地熱・バイオなど）,求人なし,埼玉県川口市南鳩ヶ谷1-16-4,1996,代表取締役 遠藤 博,25 百万円,,,,,
2024-08-01,エネルギー環境設計株式会社,ガス,求人なし,東京都千代田区永田町2-17-5,2001,代表取締役 加治 均,10 百万円,,,,,
2024-08-01,コスモルブサービス株式会社,石油・資源,求人なし,和歌山県海南市下津町下津27-1,2007,代表取締役 城山 秋人,5 百万円,,,,,
2024-08-01,株式会社ウインドテックエンジニアリング,新エネルギー（太陽光・風力・地熱・バイオなど）,求人なし,三重県津市観音寺町604-79,2008,代表取締役 村上 貴允,20 百万円,,,,,
2024-08-01,株式会社北電社,石油・資源,無,埼玉県入間郡三芳町大字藤久保830,2002,代表取締役 中里 良平,10 百万円,,,,,
2024-08-01,有限会社カミヤ設備サービス,ガス,求人なし,愛知県岡崎市宇頭町字下山田9-1,1991,代表取締役 神谷 育由,3 百万円,,,,,
2024-08-01,株式会社大崎クリエーション,新エネルギー（太陽光・風力・地熱・バイオなど）,求人なし,宮城県大崎市古川七日町11-1なのかまち交流プラザ 302,1993,代表取締役 佐々木 貴之,20 百万円,,,,,
2024-08-01,カンキョー株式会社,新エネルギー（太陽光・風力・地熱・バイオなど）,求人なし,東京都練馬区東大泉7-21-39イズミ第一 102,1997,代表取締役 大塚 博久,25 百万円,,,,,
2024-08-01,株式会社クオリティーライフ,新エネルギー（太陽光・風力・地熱・バイオなど）,求人なし,愛知県名古屋市中村区太閤4-1-18フタバビル 2Ｆ,2009,代表取締役 原田 誠,1 百万円,,,,,
2024-08-01,株式会社大林クリーンエナジー,石油・資源,求人なし,東京都港区港南2-15-2,2012,代表取締役 菊谷 晋吾,10 百万円,,,,,
2024-08-01,株式会社ワイヤーエナジー,新エネルギー（太陽光・風力・地熱・バイオなど）,求人なし,徳島県徳島市東船場町1-13-3Ｆ,2012,代表取締役 浦野 広樹,30 百万円,,,,,
2024-08-01,有限会社エポック機械,電力,求人なし,神奈川県横須賀市池田町4-1-9,2001,取締役 髙橋 真一,3 百万円,,,,,
2024-08-01,Ａｇｇｒｅｋｏ　Ｊａｐａｎ株式会社,電力,求人なし,東京都千代田区丸の内1-6-5丸の内北口ビルディング9ＦＷｅＷｏｒｋ内,2011,代表取締役 ヴィンセント・ルリー,33 百万円,,,,,
2024-08-01,有限会社都市電気,石油・資源,無,埼玉県越谷市大字袋山1915-21,2005,代表取締役 佐藤 俊行,3 百万円,,,,,
2024-08-01,株式会社エバークラフト,エネルギー（電力・ガス・石油・新エネルギー）業界,求人なし,愛知県清須市春日中沼20,2012,代表取締役 村本 健,,,,,,
2024-08-01,株式会社大千,新エネルギー（太陽光・風力・地熱・バイオなど）,求人なし,東京都あきる野市油平217-10,2012,代表取締役 大野 俊輔,3 百万円,,,,,
2024-08-01,しずおか未来エネルギー株式会社,新エネルギー（太陽光・風力・地熱・バイオなど）,求人なし,静岡県静岡市葵区黒金町12-5丸伸ビル,2012,代表取締役 服部 乃利子,7 百万円,,,,,
2024-08-01,株式会社パネイル,電力,求人なし,東京都中央区東日本橋2-28-4ＣＥＴビル 2Ｆ,2012,代表取締役 山西 加織,10 百万円,,,,,
2024-08-01,美環ソーラーバレイ株式会社,新エネルギー（太陽光・風力・地熱・バイオなど）,求人なし,徳島県美馬市脇町木ノ内3788-2,2012,代表取締役 喜多 輝光,50 百万円,,,,,
2024-08-01,有限会社ミズテック,石油・資源,無,福岡県福岡市中央区今川1-1-19メゾン・ド・唐人 201,2005,取締役 水守 勝美,3 百万円,,,,,
2024-08-01,株式会社イオ,電力,無,東京都三鷹市上連雀8-13-14メゾンブランシュ 1Ｆ,1992,代表取締役 伊藤 友一,13 百万円,,,,情報が古い可能性があります。最新の情報を確認する場合はHP等をご覧ください。 ■集合インターホン改修業＜事業資格＞・一般建設業許可（東京都知事 般-4 107722号）・電気通信工事業・消防設備工事業・電気工事業・登録電気工事事業者（東京都知事 届出 第249026） 2023年4月doda掲載求人より引用,
2024-08-01,株式会社ティーレックス,新エネルギー（太陽光・風力・地熱・バイオなど）,求人なし,東京都足立区千住橋戸町6,2011,代表取締役 中馬 圭司,15 百万円,,,,,
2024-08-01,株式会社ＪＡドリーム,ガス,求人なし,兵庫県姫路市三左衛門堀西の町216,1988,代表取締役 松芳 啓之,48 百万円,,,,,
2024-08-01,株式会社ＦＫエナジー,新エネルギー（太陽光・風力・地熱・バイオなど）,無,福岡県福岡市博多区西月隈5-18-43,2013,代表取締役 蘇 慶,100 百万円,,,,,
2024-08-01,株式会社イーエス電気,新エネルギー（太陽光・風力・地熱・バイオなど）,求人なし,青森県八戸市大字長苗代字内舟渡56-1,2013,代表取締役 畑中 寿之,9 百万円,,,,,
2024-08-01,ＰＶテクニカルサービス株式会社,新エネルギー（太陽光・風力・地熱・バイオなど）,求人なし,岐阜県岐阜市梅河町1-12-2楠目ビル,2013,代表取締役 楠目 泰隆,10 百万円,,,,,
2024-08-01,土佐グリーンパワー株式会社,電力,求人なし,高知県高知市仁井田4354,2013,代表取締役 中村 正紀,125 百万円,,,,,
2024-08-01,株式会社ウッドヴェル,新エネルギー（太陽光・風力・地熱・バイオなど）,求人なし,岡山県岡山市北区下石井2-1-18ＯＧＷ岡山下石井ビル9Ｆ,2013,代表取締役 鈴木 順善,1 百万円,,,,,
2024-08-01,株式会社キミットメンテナンス,石油・資源,求人なし,千葉県千葉市稲毛区作草部町1374-2椿森ウェルズ21 パート2－Ｂ号室,2013,代表取締役 志水 公彦,5 百万円,,,,,
2024-08-01,株式会社テックプランニング,新エネルギー（太陽光・風力・地熱・バイオなど）,求人なし,茨城県石岡市東石岡3-12-21,2001,代表取締役 植田 美代子,40 百万円,,,,,
2024-08-01,英工電設株式会社,電力,求人なし,栃木県宇都宮市兵庫塚3-36-11,2004,代表取締役 渡邉 敏夫,5 百万円,,,,,
2024-08-01,熊谷商事株式会社,ガス,無,神奈川県横浜市泉区下和泉4-17-28,1974,代表取締役 熊谷 輝幸,20 百万円,,,,,
2024-08-01,株式会社ノザワコーポレーション,新エネルギー（太陽光・風力・地熱・バイオなど）,求人なし,新潟県新潟市中央区有明台1-5,2000,代表取締役 野沢 慎吾,10 百万円,,,,,
2024-08-01,株式会社ペガソス・エレクトラ,石油・資源,求人なし,神奈川県横浜市港北区新横浜2-6-12ＳＴＡＦビル 7Ｆ,2009,代表取締役 吉川 元宏,145 百万円,,,,,
2024-08-01,株式会社ナカムラ電工,電力,求人なし,東京都世田谷区砧3-29-3,2013,代表取締役 中村 貴志,4 百万円,,,,,
2024-08-01,株式会社ＢＰＳ大東,電力,無,大阪府大東市大字龍間1159-7筆,2013,代表取締役社長 東野 隼士,99 百万円,,,,,
2024-08-01,杉本電気セルワークス有限会社,電力,求人なし,京都府宇治市槇島町吹前53-2,1998,代表取締役 上野晋弥,3 百万円,,,,,
2024-08-01,ソランソーラーインスティテュート株式会社,新エネルギー（太陽光・風力・地熱・バイオなど）,求人なし,大阪府高槻市南平台1-6-10,2008,代表取締役 櫻田 則男,3 百万円,,,,,
2024-08-01,株式会社市川アストモスターミナル,ガス,求人なし,千葉県市川市高谷新町6-2,1973,代表取締役 片寄 智樹,10 百万円,,,,,
2024-08-01,株式会社フクデン,新エネルギー（太陽光・風力・地熱・バイオなど）,求人なし,岡山県岡山市南区泉田2-6-15,1976,代表取締役 福田 崇,16 百万円,,,,,
2024-08-01,株式会社エヌアンドエス,新エネルギー（太陽光・風力・地熱・バイオなど）,求人なし,滋賀県草津市野路東5-26-32,1989,代表取締役 野口 哲,3 百万円,,,,,
2024-08-01,株式会社アドバンスメンテナンス,新エネルギー（太陽光・風力・地熱・バイオなど）,求人なし,東京都千代田区神田須田町1-16-5,2013,代表取締役 渋谷 君美義,80 百万円,,,,,
2024-08-01,株式会社フロンティアエナジー,新エネルギー（太陽光・風力・地熱・バイオなど）,求人なし,北海道千歳市千代田町4-14千歳第一ビル 2Ｆ,2013,代表取締役 三村挑嗣,10 百万円,,,,,
2024-08-01,株式会社クレアデザインテック,新エネルギー（太陽光・風力・地熱・バイオなど）,求人なし,千葉県柏市柏4-2-1リーフスクエア柏ビル2Ａ,2013,代表取締役 石田 眞悟,3 百万円,,,,,
2024-08-01,有限会社綜合電研,石油・資源,求人なし,岩手県盛岡市東緑が丘5-9,2003,,3 百万円,,,,,
2024-08-01,株式会社パワーステーション茨城,石油・資源,求人なし,茨城県北茨城市磯原町磯原889-1,2005,代表取締役 簗嶋 武彦,250 百万円,,,,,
2024-08-01,株式会社加藤テック,ガス,求人なし,東京都八王子市小宮町965,1969,代表取締役 加藤 総勇,10 百万円,,,,,
2024-08-01,ＧＯＬＤ・ＣＯＭＯＮ株式会社,新エネルギー（太陽光・風力・地熱・バイオなど）,求人なし,東京都港区西新橋1-17-6永野ビル 2Ｆ,2012,代表取締役 太田 富雄,8 百万円,,,,,
2024-08-01,有限会社ザ・ベストワン,新エネルギー（太陽光・風力・地熱・バイオなど）,求人なし,東京都中野区中央5-14-4モンテベルデ新中野 208,2000,代表取締役 大田 宏一,10 百万円,,,,,
2024-08-01,株式会社ＴＲＩＰＬＥ－Ｅ,新エネルギー（太陽光・風力・地熱・バイオなど）,求人なし,東京都中央区日本橋本町1-5-3第一日高ビル2Ｆ,2007,代表取締役 井口 知也,10 百万円,,,,,
2024-08-01,株式会社明星,石油・資源,求人なし,岡山県倉敷市福田町浦田2174-14,1994,代表取締役 須藤 よしえ,30 百万円,,,,,
2024-08-01,株式会社ＡＣＲＡＦＴ,新エネルギー（太陽光・風力・地熱・バイオなど）,求人なし,東京都八王子市大和田町1-9-12,2007,代表取締役 本間 明裕,2 百万円,,,,,
2024-08-01,株式会社オキタ石油,石油・資源,求人なし,広島県広島市南区青崎1-6-6,1965,代表取締役 沖田 勝,10 百万円,,,,,
2024-08-01,バイオマスエナジー株式会社,新エネルギー（太陽光・風力・地熱・バイオなど）,求人なし,長崎県諫早市泉町18-22イケダビル 2Ｆ,2006,代表取締役 平本 光識,"1,170 百万円",,,,,
2024-08-01,株式会社フューズテック,電力,無,東京都江東区亀戸7-57-8都営亀戸七丁目アパート8号棟 1Ｆ,2006,代表取締役 布施 則明,5 百万円,,,,,
2024-08-01,株式会社リガーレ,新エネルギー（太陽光・風力・地熱・バイオなど）,求人なし,東京都渋谷区代官山町14-20603,2013,代表取締役 高浦 雅之,9 百万円,,,,,
2024-08-01,株式会社タケイエナジー,新エネルギー（太陽光・風力・地熱・バイオなど）,求人なし,愛知県名古屋市中区栄3-27-33ロータリーマンション栄 406,2013,代表取締役 武井 理,1 百万円,,,,,
2024-08-01,株式会社ソレイユ・イノベーション,新エネルギー（太陽光・風力・地熱・バイオなど）,求人なし,東京都港区西新橋3-5-1橋場ビル 5Ｆ,2013,代表取締役 備後雄介,14 百万円,,,,,
2024-08-01,日東エネルギー・ホールディングス株式会社,石油・資源,求人なし,東京都足立区六木1-19-13,2013,代表取締役 赤津 正弥,10 百万円,,,,,
2024-08-01,株式会社ほくたい,新エネルギー（太陽光・風力・地熱・バイオなど）,求人なし,福井県福井市成和2-1118-2,2013,代表取締役 高崎 智央,20 百万円,,,,,
2024-08-01,株式会社ａｔｔａｃｈｅ,新エネルギー（太陽光・風力・地熱・バイオなど）,求人なし,埼玉県越谷市レイクタウン6-21-8306,2013,代表取締役 井口 誠,1 百万円,,,,,
2024-08-01,株式会社ウィンド・パワー・エンジニアリング,新エネルギー（太陽光・風力・地熱・バイオなど）,求人なし,茨城県神栖市南浜3-226,2014,代表取締役 長山 幸浩,10 百万円,,,,,
2024-08-01,株式会社津軽バイオマスエナジー,電力,求人なし,青森県平川市中佐渡下石田35-1,2013,代表取締役 水木 宏之,315 百万円,,,,,
2024-08-01,株式会社丸源ガス,ガス,求人なし,愛媛県松山市道後一万8-26,1979,代表取締役 森 和幸,10 百万円,,,,,
2024-08-01,リコピンガス株式会社,ガス,求人なし,福岡県福岡市博多区堅粕4-27-10101,2005,代表取締役 富永 英二,10 百万円,,,,,
2024-08-01,株式会社アガガスネットワークサービス,石油・資源,求人なし,愛知県名古屋市港区大手町6-23,1973,代表取締役 澤田 幸徳,10 百万円,,,,,
2024-08-01,株式会社安心頼ホーム,新エネルギー（太陽光・風力・地熱・バイオなど）,無,福岡県福岡市東区多の津1-14-1ＦＲＣビル 7Ｆ,2010,代表取締役 松本 政洋,10 百万円,,,,太陽光発電、蓄電池、オール電化（給湯器、IHクッキングヒーター）などの省エネ環境機器の販売・施工・メンテナンス 2023年9月doda掲載求人より引用,
2024-08-01,有限会社橋本設備興業,ガス,求人なし,神奈川県藤沢市善行1-5-8グノーム湘南 101,1991,代表取締役 橋本 和人,5 百万円,,,,,
2024-08-01,株式会社トウカン弥富,新エネルギー（太陽光・風力・地熱・バイオなど）,無,愛知県弥富市三好3-57,2006,代表取締役 中島 聖智,3 百万円,,,,産業廃棄物中間処理業 2024年5月doda掲載求人より引用,
2024-08-01,二和エンジニアリング株式会社,石油・資源,無,千葉県鎌ケ谷市初富808-471,2009,代表取締役 仁平 勇,20 百万円,,,,【小売業】企画・販売・施工・管理■新エネルギー事業住宅用太陽光発電システム産業用太陽光発電システム家庭用蓄電システム住宅オール電化システム 2023年10月doda掲載求人より引用,
2024-08-01,株式会社コスモファイブ,新エネルギー（太陽光・風力・地熱・バイオなど）,求人なし,東京都中央区日本橋茅場町2-14-5石川ビル 502,1984,代表取締役 木村 安男,10 百万円,,,,,
2024-08-01,環境エネルギー株式会社,石油・資源,求人なし,広島県福山市曙町6-9-24,2013,代表取締役 野田 修嗣,90 百万円,,,,,
2024-08-01,エネラック株式会社,新エネルギー（太陽光・風力・地熱・バイオなど）,求人なし,京都府八幡市欽明台西8-3,2013,代表取締役 東 充紀,25 百万円,,,,,
2024-08-01,株式会社ブランディング・イノベーション,石油・資源,無,福岡県八女市本村806-1,2013,代表取締役 中島 一郎,5 百万円,,,,,
2024-08-01,新電力保安株式会社,石油・資源,無,東京都江東区青海2-7-4,2011,代表取締役 瀬戸 秀一,50 百万円,,,,,
2024-08-01,富士恒産株式会社,ガス,無,東京都江戸川区松江7-15-4,1984,代表取締役 末廣 元成,10 百万円,,,,,
2024-08-01,フタバコミュニケーション株式会社,電力,求人なし,福岡県宗像市日の里7-13-8,2005,代表取締役 椛島 裕里子,10 百万円,,,,,
2024-08-01,株式会社青空,石油・資源,無,神奈川県茅ヶ崎市中海岸4-9-1サザンハウス弐番館102,2008,代表取締役 青木 弥光夫,,,,,,
2024-08-01,エニシムライゼスト株式会社,電力,求人なし,神奈川県横須賀市小川町19-9小川町ビル 4Ｆ,2011,代表取締役 岡田 政和,21 百万円,,,,,
2024-08-01,富士綜合サービス株式会社,石油・資源,求人なし,東京都江戸川区松江7-15-4,1969,代表取締役 竹内 弘史,10 百万円,,,,,
2024-08-01,株式会社エスワン電気,石油・資源,無,東京都葛飾区水元3-14-25,2011,代表取締役 今井 重則,8 百万円,,,,,
2024-08-01,株式会社ひがでん,サブコン,無,東京都葛飾区東四つ木1-9-10,2007,代表取締役 東 雄作,5 百万円,,,,,
2024-08-01,パワー・ジェネレーション・ジャパン株式会社,新エネルギー（太陽光・風力・地熱・バイオなど）,求人なし,愛知県名古屋市中区大井町8-8第三安田ビル 3Ｆ,2012,代表取締役 渡辺 征喜,50 百万円,,,,,
2024-08-01,頸城運送倉庫株式会社,石油・資源,求人なし,新潟県上越市上源入153-10,1917,代表取締役 渡部 陽,80 百万円,,,,,
2024-08-01,ＥＮＥＯＳリニューアブル・エナジー・マネジメント株式会社,新エネルギー（太陽光・風力・地熱・バイオなど）,求人なし,東京都港区六本木6-2-31六本木ヒルズノースタワー 総合受付10Ｆ,2013,代表取締役 田井 義信,26 百万円,,,,,
2024-08-01,サンアースソーラージャパン株式会社,新エネルギー（太陽光・風力・地熱・バイオなど）,求人なし,東京都千代田区麹町2-4麹町鶴屋八幡ビル 2Ｆ,2013,代表取締役 野村 敏子,50 百万円,,,,,
2024-08-01,電力保全サービス株式会社,電力,求人なし,愛知県名古屋市東区東桜2-9-34,2013,代表取締役 小川 大輔,10 百万円,,,,,
2024-08-01,株式会社協電,石油・資源,求人なし,東京都北区赤羽3-26-12,1978,代表取締役 二階堂 正明,10 百万円,,,,,
2024-08-01,有限会社モラール,石油・資源,求人なし,兵庫県神戸市東灘区魚崎南町6-1-21,1998,代表取締役 物袋 辰雄,3 百万円,,,,,
2024-08-01,株式会社エンブルー,新エネルギー（太陽光・風力・地熱・バイオなど）,求人なし,東京都千代田区神田須田町1-24-5ＴＨＥＣＲＯＳＳ神田 5Ｆ,2013,代表取締役社長 三浦 洋之,100 百万円,,,,,
2024-08-01,ネクストエナジー・アンド・リソース株式会社,新エネルギー（太陽光・風力・地熱・バイオなど）,求人なし,長野県駒ヶ根市赤穂11465-6,2013,代表取締役 伊藤 敦,100 百万円,,,,,
2024-08-01,紋別バイオマス発電株式会社,石油・資源,求人なし,北海道紋別市新港町4-6,2013,代表取締役 長谷川 香織,490 百万円,,,,,
2024-08-01,株式会社Ｊシステム,新エネルギー（太陽光・風力・地熱・バイオなど）,求人なし,石川県金沢市問屋町1-78,2008,代表取締役 後山 潤一,10 百万円,,,,,
2024-08-01,株式会社やまもとや商店,石油・資源,求人なし,宮城県石巻市相野谷字杉ケ崎3-1,1963,代表取締役 佐藤 克夫,10 百万円,,,,,
2024-08-01,株式会社レインボー,電力,求人なし,宮城県遠田郡美里町北浦字蓮沼浦111,2003,代表取締役 髙城 圭一,10 百万円,,,,,
2024-08-01,盈泰ジャパン株式会社,新エネルギー（太陽光・風力・地熱・バイオなど）,無,千葉県松戸市本町11-5明治安田生命松戸ビル 1Ｆ,2008,代表取締役 鞠 文軍,20 百万円,,,,,
2024-08-01,株式会社宮城商店,石油・資源,求人なし,宮城県本吉郡南三陸町志津川字御前下15-3,1951,代表取締役 宮城 洋平,10 百万円,,,,,
2024-08-01,システム住機株式会社,石油・資源,無,東京都豊島区巣鴨1-19-14,2013,代表取締役 森山 繁髙,9 百万円,,,,,
2024-08-01,ＭＥＤ　Ｅｎｇｉｎｅｅｒｉｎｇ株式会社,新エネルギー（太陽光・風力・地熱・バイオなど）,求人なし,奈良県奈良市北之庄西町1-5-6,2013,代表取締役 代田 孝二,5 百万円,,,,,
2024-08-01,株式会社ＦＵＫＵＳＨＯ,新エネルギー（太陽光・風力・地熱・バイオなど）,求人なし,福岡県北九州市八幡西区上の原3-5-10,2013,代表取締役 福岡 竜太,58 百万円,,,,,
2024-08-01,株式会社シーラソーラー,新エネルギー（太陽光・風力・地熱・バイオなど）,求人なし,愛知県名古屋市中区丸の内2-18-14,2013,代表取締役 淵脇 健嗣,46 百万円,,,,,
2024-08-01,株式会社愛知環境デザイン,新エネルギー（太陽光・風力・地熱・バイオなど）,求人なし,愛知県一宮市木曽川町門間字大坪24-2,2013,代表取締役 富永 佳典,3 百万円,,,,,
2024-08-01,エクセル電源開発株式会社,新エネルギー（太陽光・風力・地熱・バイオなど）,求人なし,大阪府大阪市中央区南船場1-13-20リアライズ南船場ビル,2013,代表取締役 渡邉 俊明,20 百万円,,,,,
2024-08-01,株式会社インティアート,新エネルギー（太陽光・風力・地熱・バイオなど）,求人なし,埼玉県三郷市高州2-50-3,2013,代表取締役 菊地 貴秋,1 百万円,,,,,
2024-08-01,有限会社ガスセンターオギハラ,石油・資源,求人なし,静岡県富士市大淵216,1999,取締役 荻原 一歩,3 百万円,,,,,
2024-08-01,株式会社くろしおガスセンター,ガス,求人なし,高知県高知市一宮2826,2010,代表取締役 小野 昌男,8 百万円,,,,,
2024-08-01,有限会社ＧＡＳリビング・エイコー,ガス,求人なし,徳島県徳島市住吉4-5-63,1999,代表取締役 久保 花子,3 百万円,,,,,
2024-08-01,株式会社綜合創研,新エネルギー（太陽光・風力・地熱・バイオなど）,求人なし,長崎県長崎市住吉町21-7,1983,代表取締役 池田 武司,15 百万円,,,,,
2024-08-01,宮崎電力テックソリューションズ株式会社,新エネルギー（太陽光・風力・地熱・バイオなど）,求人なし,宮崎県宮崎市日ノ出町65-1,2013,代表取締役 小野 晋太郎,20 百万円,,,,,
2024-08-01,Ｉ．Ｒ．Ｃ株式会社,新エネルギー（太陽光・風力・地熱・バイオなど）,求人なし,福岡県太宰府市五条2-4-222Ｆ,2013,代表取締役 谷之口 光雄,10 百万円,,,,,
2024-08-01,株式会社木次商事,石油・資源,求人なし,山梨県北杜市高根町箕輪新町9-3,1974,代表取締役 木次 功一,14 百万円,,,,,
2024-08-01,有限会社兜石油店,石油・資源,求人なし,香川県高松市庵治町623,1957,代表取締役 兜 健,9 百万円,,,,,
2024-08-01,神楽電力株式会社,電力,求人なし,島根県江津市浅利町150,2005,代表取締役 矢口 伸二,38 百万円,,,,,
2024-08-01,株式会社飛躍陽,新エネルギー（太陽光・風力・地熱・バイオなど）,求人なし,鹿児島県鹿児島市吉野町1759-1,2010,代表取締役 楊 洪波,7 百万円,,,,,
2024-08-01,磯部チッソガス株式会社,ガス,求人なし,東京都港区芝公園2-4-1,1985,代表取締役 成田 昌信,30 百万円,,,,,
2024-08-01,株式会社Ｇ・テック,ガス,求人なし,富山県富山市上野新町2-66,2004,代表取締役 牧野 禎美,29 百万円,,,,,
2024-08-01,株式会社海馬,エネルギー（電力・ガス・石油・新エネルギー）業界,求人なし,東京都豊島区西巣鴨1-17-3,2007,代表取締役 浅野 隼人,10 百万円,,,,,
2024-08-01,粋裕株式会社,新エネルギー（太陽光・風力・地熱・バイオなど）,無,東京都台東区根岸1-2-17住友不動産上野ビル7号館 1Ｆ,1994,代表取締役 伊藤 豊尚,40 百万円,,,,再生可能エネルギー事業・小売電気事業・不動産土地活用 2023年12月doda掲載求人より引用,
2024-08-01,ベストバリューエネルギー株式会社,石油・資源,無,京都府京都市下京区五条通大宮南門前町480富士火災京都ビル 2Ｆ,2008,代表取締役 森川 宏,8 百万円,,,,,
2024-08-01,表屋株式会社,石油・資源,求人なし,愛知県知立市西町宮腰29,2011,代表取締役 岡部 司,35 百万円,,,,,
2024-08-01,株式会社エボル,石油・資源,求人なし,北海道釧路市星が浦大通1-7-1,2008,代表取締役 宮田 昌利,70 百万円,,,,,
2024-08-01,株式会社ガスコープエネルギー,ガス,求人なし,北海道北斗市七重浜2-29-13,2013,代表取締役 山下 拓郎,20 百万円,,,,,
2024-08-01,株式会社アセットイノベーション,新エネルギー（太陽光・風力・地熱・バイオなど）,求人なし,岩手県奥州市水沢姉体町字寺ノ西37-1,2013,代表取締役 中澤 加那子,3 百万円,,,,,
2024-08-01,株式会社フリーダムコーポレーション,石油・資源,求人なし,茨城県筑西市布川1249-11ハーマナイズ21 202,2012,代表取締役 柴山 貞夫,3 百万円,,,,,
2024-08-01,ユア・エネルギー開発株式会社,新エネルギー（太陽光・風力・地熱・バイオなど）,求人なし,東京都千代田区神田錦町1-4-8ブロケードビル 3Ｆ,2013,代表取締役 酒井 淳,10 百万円,,,,,
2024-08-01,株式会社ネクストエンジニアリング,新エネルギー（太陽光・風力・地熱・バイオなど）,無,茨城県水戸市赤塚1-16エスコート赤塚ＷＥＳＴ－Ａ 202,2013,代表取締役 小寺 雄三,10 百万円,,,,,
2024-08-01,新電力福島株式会社,新エネルギー（太陽光・風力・地熱・バイオなど）,求人なし,福島県郡山市方八町1-2-10,2012,代表取締役 村上 史成,1 百万円,,,,,
2024-08-01,北海道北部風力送電株式会社,電力,求人なし,北海道稚内市末広5-5-1国境ビル 1Ｆ,2013,代表取締役 吉村 知己,"1,025 百万円",,,,,
2024-08-01,株式会社太陽堂,新エネルギー（太陽光・風力・地熱・バイオなど）,求人なし,静岡県浜松市中央区法枝町89-3,2013,代表取締役 三輪 耕司,20 百万円,,,,,
2024-08-01,株式会社翔栄エナジー,電力,求人なし,大阪府大阪市西区新町1-3-16,2013,代表取締役 宇佐神 慎,8 百万円,,,,,
2024-08-01,株式会社リユースホーム,石油・資源,無,大阪府大阪市中央区平野町2-3-7,2013,代表取締役 三宅 繁,3 百万円,,,,,
2024-08-01,株式会社ＳＡＮＷＡ未来,新エネルギー（太陽光・風力・地熱・バイオなど）,無,長崎県大村市岩松町963-1ユーミー岩松Ａ棟102,2013,代表取締役 森尾 卓也,20 百万円,,,,,
2024-08-01,地域エネルギー開発株式会社,石油・資源,求人なし,東京都港区新橋3-3-14田村町ビル 8Ｆ,2013,代表取締役 大谷 明,50 百万円,,,,,
2024-08-01,センチュリー・エナジー株式会社,新エネルギー（太陽光・風力・地熱・バイオなど）,無,東京都千代田区大手町1-1-1大手町パークビルディング 7Ｆ,1990,代表取締役 山中 正,100 百万円,,,,●再生可能エネルギー発電事業 及び その企画・設計・施工・運営・管理等に関わる全ての事業●環境保全に関するエンジニアリング・コンサルティング及び技術ノウハウの提供●再生可能エネルギー発電事業に関する建設工事及び不動産事業 2023年10月doda掲載求人より引用,
2024-08-01,株式会社コデンパワーエンジニアリング,石油・資源,求人なし,埼玉県北足立郡伊奈町西小針6-108,1997,代表取締役 恒石 隆顕,30 百万円,,,,,
2024-08-01,株式会社ＲＹＸＴＥＣ,新エネルギー（太陽光・風力・地熱・バイオなど）,求人なし,神奈川県横浜市中区若葉町2-31-1,2010,代表取締役 原田 泰輝,10 百万円,,,,,
2024-08-01,有限会社大西石油,石油・資源,求人なし,富山県南砺市細木126,2004,代表取締役 大西 正起,10 百万円,,,,,
2024-08-01,株式会社エネファント,新エネルギー（太陽光・風力・地熱・バイオなど）,求人なし,岐阜県多治見市下沢町3-35-1,2011,代表取締役 磯﨑 顕三,30 百万円,,,,,
2024-08-01,おひさまライフ株式会社,新エネルギー（太陽光・風力・地熱・バイオなど）,求人なし,長野県長野市稲里町田牧305-3,2011,代表取締役 川尻 一雄,3 百万円,,,,,
2024-08-01,株式会社ＣＳＳ,石油・資源,求人なし,北海道札幌市中央区北五条西2-5ＪＲタワーオフィスプラザさっぽろ 11Ｆ,2013,代表取締役 吉住 謙,59 百万円,,,,,
2024-08-01,株式会社新日本電力,新エネルギー（太陽光・風力・地熱・バイオなど）,求人なし,宮城県仙台市太白区長町3-6-1,2013,代表取締役 吉野 康平,10 百万円,,,,,
2024-08-01,株式会社ＩＴＤホールディングス,石油・資源,求人なし,東京都新宿区西新宿7-19-3,2013,代表取締役 山下 正廣,50 百万円,,,,,
2024-08-01,株式会社ＭＥＧＣＯＭＰＡＮＹ,石油・資源,求人なし,東京都練馬区東大泉6-34-17,2013,代表取締役 草間 恵子,5 百万円,,,,,
2024-08-01,大和グリーンエネルギー株式会社,新エネルギー（太陽光・風力・地熱・バイオなど）,求人なし,東京都千代田区大手町1-1-1大手町パークビルディング 7Ｆ,2013,代表取締役 向 毅,9 百万円,,,,,
2024-08-01,株式会社ソリド,新エネルギー（太陽光・風力・地熱・バイオなど）,無,茨城県水戸市平須町68,2013,代表取締役 崔 明智,20 百万円,,,,■太陽光パネルの設置工事■太陽光発電所の建設工事一式（部分工事含む）■その他特殊工事＜許可登録＞特定建設業 茨城県知事許可（特-28）第34820号産業廃棄物収集運搬業 茨城県知事許可 第00801180675号 2023年11月doda掲載求人より引用,
2024-08-01,フューチャーメディアコミュニケーションズ株式会社,新エネルギー（太陽光・風力・地熱・バイオなど）,求人なし,静岡県沼津市本田町14-12,2003,代表取締役 神山 佳也,5 百万円,,,,,
2024-08-01,有限会社ゴコー,石油・資源,求人なし,愛知県一宮市三条字郷南東49-1,2000,代表取締役 柴 五三六,5 百万円,,,,,
2024-08-01,株式会社山卯,ガス,求人なし,岐阜県美濃市段町123-1,1952,代表取締役 山口 祐司,8 百万円,,,,,
2024-08-01,フロンティアジャパン株式会社,新エネルギー（太陽光・風力・地熱・バイオなど）,求人なし,北海道札幌市中央区北一条西13-4ＦＷＤ札幌ビル 7Ｆ,2009,代表取締役 佐藤 光展,10 百万円,,,,,
2024-08-01,エクセルギー・パワー・システムズ株式会社,新エネルギー（太陽光・風力・地熱・バイオなど）,求人なし,東京都文京区本郷7-3-1アントレプレナープラザ 505,2011,代表取締役 ムセル・マイク・イグナス,450 百万円,,,,,
2024-08-01,株式会社アイ・ジー・エス,ガス,求人なし,和歌山県和歌山市次郎丸30,1980,代表取締役 泉 實,95 百万円,,,,,
2024-08-01,新・エネルギーシステム株式会社,電力,求人なし,滋賀県大津市におの浜4-1-25,2006,代表取締役 中堀 勝己,20 百万円,,,,,
2024-08-01,株式会社フレックス大東,石油・資源,無,大阪府大東市氷野2-2-87,2011,代表取締役 中谷 賀典,10 百万円,,,,,
2024-08-01,株式会社サンテクノ,新エネルギー（太陽光・風力・地熱・バイオなど）,無,愛知県名古屋市中区大井町2-19,2006,代表取締役 尾﨑 明日紀,3 百万円,,,,,
2024-08-01,第二石油株式会社,石油・資源,求人なし,兵庫県姫路市土山1-3-5土山竹内ビル 1Ｆ,1963,代表取締役 竹内 十郎,10 百万円,,,,,
2024-08-01,株式会社ＥＭＣＫ,電力,求人なし,福岡県筑後市大字和泉1080,2011,代表取締役 加藤 武敏,3 百万円,,,,,
2024-08-01,ウチダランディング株式会社,石油・資源,無,福岡県福岡市博多区博多駅前2-19-27九勧博多駅前ビル 5Ｆ,1981,代表取締役 浦塚 聖司,10 百万円,,,,■荷役業務■コンビナート地域および一般地域の防災、警備保障業務■船舶代理店業■石油出荷基地設備および給油所設備の保安点検および補修 2023年11月doda掲載求人より引用,
2024-08-01,サイファポール株式会社,石油・資源,無,東京都港区芝浦1-9-4302,2013,代表取締役 山下 泰明,20 百万円,,,,,
2024-08-01,株式会社エネフィックス,新エネルギー（太陽光・風力・地熱・バイオなど）,求人なし,群馬県高崎市箕郷町下芝466-7,2013,代表取締役 中野 敏彦,9 百万円,,,,,
2024-08-01,東京電気工業株式会社,新エネルギー（太陽光・風力・地熱・バイオなど）,求人なし,東京都千代田区九段北1-4-33Ｆ,2013,代表取締役 吉川 恵子,29 百万円,,,,,
2024-08-01,株式会社トータルインプローブ,新エネルギー（太陽光・風力・地熱・バイオなど）,求人なし,千葉県市原市五井中央西1-33-15五井イワナビル 4Ｆ,2013,代表取締役 刈屋 光義,10 百万円,,,,,
2024-08-01,株式会社ＬＩＨＯライジング,新エネルギー（太陽光・風力・地熱・バイオなど）,求人なし,愛媛県新居浜市大生院1830-1,2013,代表取締役 李 向輝,5 百万円,,,,,
2024-08-01,さとやまエネルギー株式会社,石油・資源,求人なし,長野県松本市安曇2613-1,2013,代表取締役 前田 仁,28 百万円,,,,,
2024-08-01,中尾地熱発電株式会社,電力,求人なし,岐阜県高山市奥飛騨温泉郷中尾206,2013,代表取締役 中谷 哲也,494 百万円,,,,,
2024-08-01,株式会社エネクス,石油・資源,求人なし,東京都港区赤坂2-14-57Ｆ,2013,代表取締役 瀬戸山 喬昭,30 百万円,,,,,
2024-08-01,ＵＮＩＶＥＲＧＹ株式会社,石油・資源,求人なし,東京都港区六本木3-16-26ハリファックスビルディング 6Ｆ,2013,代表取締役 鍵川 健太,30 百万円,,,,,
2024-08-01,エネルギア株式会社,石油・資源,求人なし,宮崎県宮崎市田代町222-3,1993,代表取締役 岡 泰雄,10 百万円,,,,,
2024-08-01,株式会社ＧＥトラスト,石油・資源,求人なし,東京都千代田区麹町3-5-4麹町インテリジェントビル 9Ｆ,2013,代表取締役 久保田 誠二,9 百万円,,,,,
2024-08-01,Ｔｅｃｈ　Ｃｏｎｎｅｃｔ株式会社,新エネルギー（太陽光・風力・地熱・バイオなど）,求人なし,東京都国分寺市富士本3-14-24,2000,代表取締役 藤井 正,40 百万円,,,,,
2024-08-01,株式会社常陸那珂ジェネレーション,電力,求人なし,茨城県那珂郡東海村大字照沼768-23,2013,代表取締役 小関 尚史,"6,000 百万円",,,,,
2024-08-01,株式会社エネックス東海,石油・資源,求人なし,愛知県名古屋市中区丸の内2-2-15東照ビル 2Ｆ,2013,代表取締役 井形 忠介,18 百万円,,,,,
2024-08-01,ルミナエナジー株式会社,石油・資源,無,東京都江東区青海2-7-4ｔｈｅＳＯＨＯ,2012,代表取締役 遠藤 元基,25 百万円,,,,,
2024-08-01,エネルギーアンドシステムプランニング株式会社,新エネルギー（太陽光・風力・地熱・バイオなど）,求人なし,東京都港区芝4-11-4,2013,代表取締役 安孫子 崇弘,6 百万円,,,,,
2024-08-01,アーバンエナジー株式会社,石油・資源,求人なし,神奈川県横浜市鶴見区末広町2-1,2013,代表取締役 小林 厚,50 百万円,,,,,
2024-08-01,株式会社ボルテック,新エネルギー（太陽光・風力・地熱・バイオなど）,求人なし,福岡県筑紫野市天拝坂1-9-1,2010,代表取締役 三宅 真二,5 百万円,,,,,
2024-08-01,株式会社レノバ・アセット・マネジメント,新エネルギー（太陽光・風力・地熱・バイオなど）,求人なし,東京都中央区京橋2-2-1京橋エドグラン 18Ｆ,2013,代表取締役 鈴木 良太,9 百万円,,,,,
2024-08-01,株式会社コムネット,石油・資源,求人なし,東京都杉並区上井草1-9-23第5若菜ビル 1Ｆ,1994,代表取締役 岩村 雄二,3 百万円,,,,,
2024-08-01,株式会社Ｍ＆Ａコンサルティング,新エネルギー（太陽光・風力・地熱・バイオなど）,求人なし,東京都品川区西五反田8-2-10,1969,代表取締役 山田 直大,10 百万円,,,,,
2024-08-01,ジャパン・ニュー・エナジー株式会社,新エネルギー（太陽光・風力・地熱・バイオなど）,求人なし,東京都中央区新富2-11-43Ｆ,2013,代表取締役 坂本 秀男,60 百万円,,,,,
2024-08-01,新エネルギー工業株式会社,新エネルギー（太陽光・風力・地熱・バイオなど）,求人なし,東京都墨田区吾妻橋1-23-30,1999,代表取締役 荒川 昭夫,60 百万円,,,,,
2024-08-01,株式会社九州エネルギーパートナーズ,新エネルギー（太陽光・風力・地熱・バイオなど）,求人なし,熊本県熊本市南区近見8-7-40,2010,代表取締役 矢野 嘉宏,10 百万円,,,,,
2024-08-01,リエス株式会社,電力,求人なし,東京都豊島区東池袋4-21-1ｏｗｌｔｏｗｅｒｏｆｆｉｃｅ 6Ｆ,2007,代表取締役 青木 博幸,50 百万円,,,,,
2024-08-01,株式会社ダブルウィングス,石油・資源,求人なし,東京都中央区新富2-1-7,2013,代表取締役 福島 美乃里,10 百万円,,,,,
2024-08-01,株式会社松尾ホールディングス,新エネルギー（太陽光・風力・地熱・バイオなど）,求人なし,福岡県北九州市八幡西区町上津役東2-2-25,1971,代表取締役 松尾 智章,50 百万円,,,,,
2024-08-01,Ｆ－ＷＡＶＥ株式会社,新エネルギー（太陽光・風力・地熱・バイオなど）,求人なし,東京都千代田区平河町2-4-13ノーブルコート平河町 703,2014,代表取締役 アンドリュー・ヘインズ,100 百万円,,,,,
2024-08-01,株式会社Ｇ－ＴＥＣＨ,新エネルギー（太陽光・風力・地熱・バイオなど）,求人なし,東京都千代田区丸の内3-2-2丸の内二重橋ビル 2Ｆ,2014,代表取締役 平林 眞一,92 百万円,,,,,
2024-08-01,株式会社テルサンパワー,石油・資源,無,福岡県福岡市博多区博多駅前1-1-1新三井ビル11Ｆ,2013,代表取締役 王 偉峰,30 百万円,,,,,
2024-08-01,株式会社アストモスガスセンター神奈川,ガス,求人なし,東京都町田市鶴間7-31-1,1998,代表取締役 中野 憲之,10 百万円,,,,,
2024-08-01,株式会社イデアスタイル,新エネルギー（太陽光・風力・地熱・バイオなど）,求人なし,千葉県木更津市金田東1-33-5,2010,代表取締役 柳澤 信二,9 百万円,,,,,
2024-08-01,共同プランテック株式会社,エネルギー（電力・ガス・石油・新エネルギー）業界,求人なし,東京都中央区日本橋小網町3-14茅場町Ｋ1ビル 3Ｆ－Ａ,1977,代表取締役 木村 修,15 百万円,,,,,
2024-08-01,株式会社サンエー,新エネルギー（太陽光・風力・地熱・バイオなど）,無,神奈川県横須賀市三春町4-1-10,1999,代表取締役 庵﨑 栄,21 百万円,,,,,
2024-08-01,グリーンパワー株式会社,新エネルギー（太陽光・風力・地熱・バイオなど）,求人なし,東京都大田区蒲田5-30-11,1990,代表取締役 秋吉 清一郎,60 百万円,,,,,
2024-08-01,株式会社有明グリーンエネルギー,電力,求人なし,熊本県荒尾市水野1088-19,2014,代表取締役 石崎 信雄,90 百万円,,,,,
2024-08-01,丸紅クリーンパワー株式会社,新エネルギー（太陽光・風力・地熱・バイオなど）,求人なし,東京都千代田区大手町1-4-2,2013,代表取締役 成田 正士,105 百万円,,,,,
2024-08-01,有限会社リンク・サイト,石油・資源,求人なし,東京都江東区毛利2-2-8,2000,取締役 池田 健一,3 百万円,,,,,
2024-08-01,株式会社環境総合エンジニアリング,石油・資源,求人なし,福岡県福岡市中央区高砂1-24-20ちくぎん福岡ビル 8Ｆ,2014,代表取締役 道木 公吾,50 百万円,,,,,
2024-08-01,熊本いいくに県民発電所株式会社,新エネルギー（太陽光・風力・地熱・バイオなど）,求人なし,熊本県熊本市中央区上水前寺1-6-41ＯＣＯビル 903,2014,代表取締役 石原 靖也,10 百万円,,,,,
2024-08-01,株式会社大彰電気,エネルギー（電力・ガス・石油・新エネルギー）業界,求人なし,大阪府大阪市鶴見区諸口4-6-3,2014,代表取締役 安父 信彰,10 百万円,,,,,
2024-08-01,気仙沼地域エネルギー開発株式会社,石油・資源,求人なし,宮城県気仙沼市南町1-2-6,2012,代表取締役 髙橋 正樹,1 百万円,,,,,
2024-08-01,株式会社國分,新エネルギー（太陽光・風力・地熱・バイオなど）,無,熊本県八代市千反町1-7-5,2014,代表取締役 國分 貞子,20 百万円,,,,情報が古い可能性があります。最新の情報を確認する場合はHP等をご覧ください。 太陽光発電システムの販売、エクステリア関連商品の販売、太陽光発電システムの施工、オール電化製品の施工、住宅リフォーム、建築工事業、電気工事業、水道施設工事業、管工事業、不動産の賃貸、管理、売買及び仲介並びにコンサルタント業務、付帯する一切の業務 2022年5月doda掲載求人より引用,
2024-08-01,株式会社グリーンエナジー津,電力,求人なし,三重県津市雲出鋼管町1,2014,代表取締役 境 禎明,100 百万円,,,,,
2024-08-01,Ｈｙｄｒｏｇｅｎ　Ｔｅｃｈｎｏｌｏｇｙ株式会社,新エネルギー（太陽光・風力・地熱・バイオなど）,求人なし,東京都中央区八重洲1-1-3,2014,代表取締役 山本 泰弘,30 百万円,,,,,
2024-08-01,オペラ株式会社,新エネルギー（太陽光・風力・地熱・バイオなど）,求人なし,東京都港区六本木6-16-11,2005,代表取締役 大川 実,50 百万円,,,,,
2024-08-01,株式会社グラスビトウィーン,石油・資源,求人なし,東京都町田市矢部町2692-7,1974,代表取締役 草間 京子,10 百万円,,,,,
2024-08-01,渋川ガス株式会社,ガス,求人なし,群馬県渋川市渋川1092-1,1972,代表取締役 三橋 新太郎,80 百万円,,,,,
2024-08-01,エナジーイノベーションズジャパン株式会社,新エネルギー（太陽光・風力・地熱・バイオなど）,求人なし,東京都台東区下谷1-4-11,2014,代表取締役 田中 正美,10 百万円,,,,,
2024-08-01,エコプレクサス・ジャパン株式会社,新エネルギー（太陽光・風力・地熱・バイオなど）,求人なし,東京都新宿区新宿4-3-17,2012,代表取締役 ジョン・ゴーマン,321 百万円,,,,,
2024-08-01,株式会社シバヤマ,石油・資源,無,東京都江戸川区一之江3-18-8,1998,代表取締役 柴山 邦代,3 百万円,,,,,
2024-08-01,株式会社Ｒｉｃｈｅ,電力,求人なし,東京都調布市染地3-1-501,2007,代表取締役 飯島 康雅,3 百万円,,,,,
2024-08-01,株式会社シーブリーズデザイン,ガス,求人なし,神奈川県茅ヶ崎市東海岸南1-7-2,2012,代表取締役 海上 勇樹,3 百万円,,,,,
2024-08-01,株式会社エコマテリアル,石油・資源,無,東京都港区虎ノ門5-11-1オランダヒルズ森タワーＲｏＰ 504,2004,代表取締役 千葉 鴻儀,100 百万円,,,,情報が古い可能性があります。最新の情報を確認する場合はHP等をご覧ください。 ●プラスチック製品の再生処理並びに再生製品の販売●金属・紙製品の再生処理並びに再生製品の販売●事務用機器及び情報処理機器・家電製品の再生処理並びに再生製品の販売●プラスチック製品・金属・紙製品の再生に必要な機械及び部品の販売●再生事業並びにリサイクルに関連する総合コンサルティング業務●中国進出並びに中国ビジネスコンサルティング業務 2022年8月doda掲載求人より引用,
2024-08-01,株式会社ＤＨＡ,新エネルギー（太陽光・風力・地熱・バイオなど）,求人なし,兵庫県伊丹市北伊丹6-36-1,2005,代表取締役 濱﨑 実,10 百万円,,,,,
2024-08-01,イベルドローラ・リニューアブルズ・ジャパン株式会社,石油・資源,求人なし,東京都中央区築地2-15-19ミレニアム築地 7Ｆ,2014,代表取締役 ホセ・オリオール・オヨス,90 百万円,,,,,
2024-08-01,株式会社シエスタゲート,新エネルギー（太陽光・風力・地熱・バイオなど）,求人なし,東京都中央区銀座7-9-16銀座ロータリービル 7Ｆ,2011,代表取締役 樋口 幸雄,20 百万円,,,,,
2024-08-01,株式会社イーセル,電力,求人なし,広島県広島市西区井口5-6-4,2011,代表取締役 田中 稔道,10 百万円,,,,,
2024-08-01,株式会社エムウインズ八竜,電力,求人なし,秋田県山本郡三種町大口字釜谷32-3,2004,代表取締役 高橋 恵一,330 百万円,,,,,
2024-08-01,アイユーソーラー株式会社,新エネルギー（太陽光・風力・地熱・バイオなど）,求人なし,兵庫県神戸市垂水区平磯4-3-21702,1974,代表取締役 友野 収,10 百万円,,,,,
2024-08-01,株式会社クァム,新エネルギー（太陽光・風力・地熱・バイオなど）,求人なし,東京都港区南青山3-10-32オープンレジデンシア南青山504,2009,代表取締役 光田 賢吾,10 百万円,,,,,
2024-08-01,株式会社センスアンドケイズ,新エネルギー（太陽光・風力・地熱・バイオなど）,求人なし,兵庫県尼崎市潮江1-15-3アミング潮江イースト15ー3号棟 1Ｆ,2011,代表取締役 神谷 哲生,5 百万円,,,,,
2024-08-01,株式会社福井グリーンパワー,新エネルギー（太陽光・風力・地熱・バイオなど）,求人なし,福井県大野市七板41-2,2014,代表取締役 梅村 栄作,150 百万円,,,,,
2024-08-01,ＲＴＳ中部株式会社,ガス,求人なし,愛知県名古屋市港区知多2-2217,2014,代表取締役 深野 隆一,3 百万円,,,,,
2024-08-01,東京日石オートガス株式会社,石油・資源,求人なし,東京都世田谷区経堂1-41-9,2014,代表取締役 髙野公志,10 百万円,,,,,
2024-08-01,テクノケア株式会社,新エネルギー（太陽光・風力・地熱・バイオなど）,求人なし,東京都中央区日本橋人形町1-11-12,2014,代表取締役 穴田 輔,3 百万円,,,,,
2024-08-01,武蔵エネグリーン株式会社,新エネルギー（太陽光・風力・地熱・バイオなど）,求人なし,東京都台東区東上野3-34-5田山第二ビル 4Ｆ,2014,代表取締役 山田 芳弘,7 百万円,,,,,
2024-08-01,株式会社エコビルド,新エネルギー（太陽光・風力・地熱・バイオなど）,無,神奈川県大和市代官3-12-27,1991,代表取締役 中村 豊,3 百万円,,,,,
2024-08-01,株式会社東京パワーエナジー,電力,求人なし,埼玉県さいたま市浦和区針ヶ谷1-8-18,2013,代表取締役 青木 伸文,8 百万円,,,,,
2024-08-01,関西データコム株式会社,新エネルギー（太陽光・風力・地熱・バイオなど）,無,大阪府大阪市淀川区西中島3-9-13ＮＬＣ新大阪8号館 102,2008,代表取締役 川井 忠義,1 百万円,,,,,
2024-08-01,株式会社ダイマツ,新エネルギー（太陽光・風力・地熱・バイオなど）,求人なし,埼玉県新座市畑中2-9-35,2010,代表取締役 近藤 義典,5 百万円,,,,,
2024-08-01,三重電業株式会社,新エネルギー（太陽光・風力・地熱・バイオなど）,求人なし,三重県津市あのつ台4-7-7,1952,代表取締役 楠 幸治,21 百万円,,,,,
2024-08-01,株式会社プロマテリアル,新エネルギー（太陽光・風力・地熱・バイオなど）,求人なし,青森県青森市大字駒込字桐ノ沢19-4,2005,代表取締役 齋藤 正倫,65 百万円,,,,,
2024-08-01,岸本木材株式会社,新エネルギー（太陽光・風力・地熱・バイオなど）,求人なし,兵庫県姫路市網干区垣内東町155,1969,代表取締役 岸本 育代,98 百万円,,,,,
2024-08-01,株式会社シモテック,石油・資源,求人なし,愛知県知立市来迎寺町広海道35-1,2001,代表取締役 下村 修功,5 百万円,,,,,
2024-08-01,日の出ＰＭ株式会社,石油・資源,求人なし,東京都港区海岸1-7-1,2012,代表取締役 上野 光太郎,100 百万円,,,,,
2024-08-01,株式会社桑野太陽光発電,新エネルギー（太陽光・風力・地熱・バイオなど）,求人なし,徳島県徳島市中前川町5-1-115,2014,代表取締役 仁志 吉宏,10 百万円,,,,,
2024-08-01,株式会社ＭＡＳＨＵＰＳ,石油・資源,求人なし,東京都港区麻布台1-7-3神谷町スクエアビル 5Ｆ,2013,代表取締役 福井 雄造,7 百万円,,,,,
2024-08-01,株式会社ベストジャパンエナジー,新エネルギー（太陽光・風力・地熱・バイオなど）,求人なし,大阪府大阪市天王寺区上本町4-14-17エーアイビル 3Ｆ,1998,代表取締役社長 西原 在源,10 百万円,,,,,
2024-08-01,株式会社シーテック通信工業,石油・資源,無,東京都江東区亀戸6-46-11亀戸6丁目ハウス 2Ｆ,2011,代表取締役 寺田 好作,3 百万円,,,,,
2024-08-01,サンテックエナジーディベロップメント株式会社,新エネルギー（太陽光・風力・地熱・バイオなど）,求人なし,東京都新宿区西新宿3-6-11,2014,代表取締役 フボ,100 百万円,,,,,
2024-08-01,株式会社ホーム工芸,電力,求人なし,愛知県名古屋市緑区若田3-106,2007,,4 百万円,,,,,
2024-08-01,株式会社ＮＥＸＰＯＩＮＴ,新エネルギー（太陽光・風力・地熱・バイオなど）,求人なし,東京都中央区日本橋堀留町1-5-11堀留Ｄビル 3Ｆ,2010,代表取締役 佐久間 昭弘,235 百万円,,,,,
2024-08-01,ブルーコンシャスグループ株式会社,新エネルギー（太陽光・風力・地熱・バイオなど）,無,大阪府大阪市北区中之島2-3-33大阪三井物産ビル 13Ｆ,2011,代表取締役 髙松 豪,10 百万円,,,,,
2024-08-01,株式会社ヴィータ,新エネルギー（太陽光・風力・地熱・バイオなど）,求人なし,東京都港区浜松町1-18-16住友浜松町ビル 6Ｆ,2001,代表取締役 飯田 真作,3 百万円,,,,,
2024-08-01,株式会社トラスト・エンジニアリング・パートナーズ,電力,求人なし,東京都港区麻布永坂町1,2002,代表取締役 舞鴫 庄蔵,10 百万円,,,,,
2024-08-01,株式会社アイラック,新エネルギー（太陽光・風力・地熱・バイオなど）,求人なし,東京都中央区日本橋茅場町1-13-13七宝ビルディング 6Ｆ,2006,代表取締役 野原 伸彦,30 百万円,,,,,
2024-08-01,株式会社ユー・アール・ディー,新エネルギー（太陽光・風力・地熱・バイオなど）,無,大阪府大阪市北区梅田1-1-3,2012,代表取締役 戸知 隆,2 百万円,,,,,
2024-08-01,有限会社エフアイシステム,石油・資源,求人なし,大阪府堺市北区百舌鳥梅町3-40-8,2004,取締役 寺田 幸史,3 百万円,,,,,
2024-08-01,ウィンアイコ・ジャパン株式会社,新エネルギー（太陽光・風力・地熱・バイオなど）,求人なし,東京都渋谷区恵比寿南1-1-1ヒューマックス恵比寿ビル 7Ｆ,2013,代表取締役 陳 思銘,23 百万円,,,,,
2024-08-01,株式会社ＤＥＮＺ,石油・資源,求人なし,東京都足立区綾瀬7-18-7,2014,代表取締役 濱野 剛,10 百万円,,,,,
2024-08-01,エコ・ロハスジャパン株式会社,新エネルギー（太陽光・風力・地熱・バイオなど）,無,東京都渋谷区恵比寿南1-2-8雨宮ビル,2008,代表取締役 矢塚 寿昌,50 百万円,,,,,
2024-08-01,株式会社ノースフィールド,新エネルギー（太陽光・風力・地熱・バイオなど）,無,愛知県名古屋市名東区高針2-2417ＴＥＮビル 1Ｆ,1989,代表取締役 北原 宏,10 百万円,,,,,
2024-08-01,ライフテクノ株式会社,石油・資源,無,大阪府摂津市別府3-19-8,2012,代表取締役 青木 郁夫,3 百万円,,,,■太陽光発電システム・オール電化・電気工事の請負、監理及びメンテナンス ■住宅設備工事の請負、監理及びメンテナンス ■水道工事の請負、監理及びメンテナンス ■上記に関連する一切の事業 2023年11月doda掲載求人より引用,
2024-08-01,株式会社グローカル,新エネルギー（太陽光・風力・地熱・バイオなど）,求人なし,広島県呉市中通2-6-6コトブキ工業ビル,2013,代表取締役 奥原 征一郎,24 百万円,,,,,
2024-08-01,株式会社アサヒ給湯岐阜,石油・資源,求人なし,岐阜県岐阜市茜部大川1-103,2004,代表取締役 吉田 務,30 百万円,,,,,
2024-08-01,株式会社広島ケロシンサービス,石油・資源,求人なし,広島県広島市安佐南区伴西2-3-5,1995,代表取締役 末續 斉一,10 百万円,,,,,
2024-08-01,株式会社プレグリップエナジー,石油・資源,求人なし,東京都中央区日本橋人形町3-10-1かしきち人形町ビル 2Ｆ,2014,代表取締役 野﨑 人孝,20 百万円,,,,,
2024-08-01,株式会社エナジーバンクパートナーズ,石油・資源,求人なし,北海道札幌市中央区北五条西6-1-23第二北海道通信ビル,2003,代表取締役 品川 功,100 百万円,,,,,
2024-08-01,有限会社エヌ・ディ・ケー,石油・資源,求人なし,神奈川県横浜市旭区白根6-51-11,2001,代表取締役 野々山 聡,3 百万円,,,,,
2024-08-01,株式会社ギガソーラー,新エネルギー（太陽光・風力・地熱・バイオなど）,求人なし,東京都港区東新橋2-9-2パラッツォジーラソーレ 7Ｆ,2014,代表取締役 青木 克伸,10 百万円,,,,,
2024-08-01,総合エネック株式会社,電力,求人なし,栃木県宇都宮市西川田本町2-8-24ＡＲＡビル 2Ｆ,2014,代表取締役 山本 達也,3 百万円,,,,,
2024-08-01,ｎｅｅｄｓ．ｃｏｒｐｏｒａｔｉｏｎ株式会社,新エネルギー（太陽光・風力・地熱・バイオなど）,求人なし,三重県津市末広町31-2,2014,代表取締役 伊藤 純一,,,,,,
2024-08-01,富士エコソリューション株式会社,新エネルギー（太陽光・風力・地熱・バイオなど）,求人なし,東京都中央区新川1-3-3グリーンオーク茅場町 4Ｆ,2014,代表取締役 于暁玲,40 百万円,,,,,
2024-08-01,ＧＳＳＧソーラージャパン株式会社,新エネルギー（太陽光・風力・地熱・バイオなど）,求人なし,東京都港区高輪1-3-13ＮＢＦ高輪ビル 7Ｆ,2014,代表取締役 鷲見 仁康,,,,,,
2024-08-01,株式会社キュアノス,新エネルギー（太陽光・風力・地熱・バイオなど）,求人なし,千葉県柏市十余二248-80,2014,代表取締役 久保田 賢二,3 百万円,,,,,
2024-08-01,株式会社ベアティ,電力,求人なし,埼玉県さいたま市大宮区大成町2-417-5,2014,代表取締役 中田 聖弥,3 百万円,,,,,
2024-08-01,ＥＣＯ信頼サービス株式会社,新エネルギー（太陽光・風力・地熱・バイオなど）,無,福岡県福岡市東区馬出1-17-1ＥＣＯ信頼ビル,2014,代表取締役 樋口 龍二,88 百万円,,,,情報が古い可能性があります。最新の情報を確認する場合はHP等をご覧ください。 ■蓄電池・太陽光発電システム・オール電化商品の販売施工■住宅建設・販売■住宅ローン借り換えのご案内■システムキッチン・システムバス導入などリフォーム全般■ドローン活用・火災保険無料調査■電気自動車販売■業務・店舗用空調機の販売取り付け及び保守メンテナンス■新電力の提案■経営者コンサルタント■美容健康商財・酸素カプセル 2023年7月doda掲載求人より引用,
2024-08-01,日本ジョイントシステム株式会社,石油・資源,無,埼玉県日高市大字高萩643-1ボナール松本 1Ｆ,2009,代表取締役 大谷 悦弘,8 百万円,,,,,
2024-08-01,株式会社インターコミュニケーションズ,石油・資源,無,埼玉県さいたま市大宮区宮町4-114-1205,2007,代表取締役 吉田 明広,1 百万円,,,,,
2024-08-01,株式会社インタープランニング,新エネルギー（太陽光・風力・地熱・バイオなど）,求人なし,埼玉県狭山市柏原3161-32,2004,代表取締役 根岸 幸嗣,10 百万円,,,,,
2024-08-01,アジアバンクホールディングス株式会社,新エネルギー（太陽光・風力・地熱・バイオなど）,求人なし,東京都港区虎ノ門1-23-1,2014,代表取締役 井上 浩士,50 百万円,,,,,
2024-08-01,大和計装株式会社,石油・資源,求人なし,大阪府東大阪市本庄西2-2-3,1978,代表取締役 木村 展久,20 百万円,,,,,
2024-08-01,ハネジー・ジャパン株式会社,石油・資源,求人なし,東京都新宿区西新宿6-10-1日土地西新宿ビル8Ｆ,2014,代表取締役 小杉 冬梅,40 百万円,,,,,
2024-08-01,グリーンエンジニアリング株式会社,石油・資源,無,東京都港区新橋1-18-12新橋一丁目ビル 6Ｆ,2013,代表取締役 伊藤 進一,65 百万円,,,,,
2024-08-01,株式会社レクソル,電力,求人なし,千葉県我孫子市我孫子1-12-20,2014,代表取締役 西河常仁,10 百万円,,,,,
2024-08-01,ひおき地域エネルギー株式会社,新エネルギー（太陽光・風力・地熱・バイオなど）,求人なし,鹿児島県日置市伊集院町妙円寺2-54-10,2014,代表取締役 中尾 雄,20 百万円,,,,,
2024-08-01,株式会社木下エネルギーパーク,新エネルギー（太陽光・風力・地熱・バイオなど）,求人なし,広島県広島市佐伯区五日市町大字石内5998-1,2014,代表取締役 神原 雅弘,10 百万円,,,,,
2024-08-01,株式会社ひかりコレクト,新エネルギー（太陽光・風力・地熱・バイオなど）,求人なし,東京都中央区日本橋箱崎町17-9箱崎升喜ビル 3ＦＤ,2014,代表取締役 松谷 星人,50 百万円,,,,,
2024-08-01,株式会社地球クラブ,新エネルギー（太陽光・風力・地熱・バイオなど）,求人なし,東京都渋谷区渋谷3-29-8,2014,代表取締役 尾辻 雅昭,30 百万円,,,,,
2024-08-01,株式会社伊禮石油,石油・資源,求人なし,沖縄県浦添市仲間1-2-11,2014,代表取締役 長崎 修二,30 百万円,,,,,
2024-08-01,高知エイネン株式会社,ガス,求人なし,高知県高知市葛島2-5-23,1984,代表取締役 渡部 洋三,10 百万円,,,,,
2024-08-01,株式会社ＳＵＮホールディングス,新エネルギー（太陽光・風力・地熱・バイオなど）,求人なし,東京都中央区京橋2-12-955ー1京橋 302,2014,代表取締役 高永 俊,80 百万円,,,,,
2024-08-01,株式会社スガマタ,石油・資源,求人なし,栃木県下野市石橋840-11,1969,代表取締役 小野澤 康,20 百万円,,,,,
2024-08-01,株式会社ライフサポート北越後,ガス,求人なし,新潟県新発田市島潟1184-1,2012,代表取締役 石山 正博,100 百万円,,,,,
2024-08-01,株式会社ＳｏｌａｒＦｌａｍｅ,新エネルギー（太陽光・風力・地熱・バイオなど）,求人なし,東京都荒川区町屋6-33-7,2012,代表取締役 赤石澤 建志,69 百万円,,,,,
2024-08-01,日本新エネルギー開発株式会社,新エネルギー（太陽光・風力・地熱・バイオなど）,求人なし,埼玉県草加市吉町4-1-31ジョリィアビタシオンＡ 101,2011,代表取締役 牧野 徹,36 百万円,,,,,
2024-08-01,ＳＵＭＥＣ　Ｊａｐａｎ株式会社,新エネルギー（太陽光・風力・地熱・バイオなど）,求人なし,東京都新宿区西新宿4-5-1幸伸ビル 9Ｆ,2014,代表取締役 周 漢卿,10 百万円,,,,,
2024-08-01,株式会社ジャパンウィンドエンジニアリング,新エネルギー（太陽光・風力・地熱・バイオなど）,求人なし,東京都港区赤坂2-9-3第一松浦ビル 2Ｆ,2014,代表取締役 中渡瀬秀廣,9 百万円,,,,,
2024-08-01,株式会社サンライフ興業,新エネルギー（太陽光・風力・地熱・バイオなど）,求人なし,東京都中央区銀座8-14-5銀座ＫＭビル 8Ｆ,2014,代表取締役 濱田 伸興,30 百万円,,,,,
2024-08-01,株式会社センチュリー,石油・資源,求人なし,茨城県古河市下大野710-1,2001,代表取締役 浅井 寿,3 百万円,,,,,
2024-08-01,エネ・タント株式会社,石油・資源,求人なし,東京都品川区大井1-11-1大井西銀座ビル 6Ｆ,2014,代表取締役 吉田 圭佑,8 百万円,,,,,
2024-08-01,サンエナジー株式会社,新エネルギー（太陽光・風力・地熱・バイオなど）,求人なし,愛知県豊田市花丘町2-73-1,2014,代表取締役 日高 利雄,5 百万円,,,,,
2024-08-01,株式会社つくばグリーンパワープラント,新エネルギー（太陽光・風力・地熱・バイオなど）,求人なし,茨城県土浦市木田余3384-1,2014,代表取締役 河村 聡志,10 百万円,,,,,
2024-08-01,福島フェニックス電力株式会社,電力,求人なし,東京都千代田区丸の内1-7-12,2014,代表取締役 石井 美孝,100 百万円,,,,,
2024-08-01,株式会社ウェブ,新エネルギー（太陽光・風力・地熱・バイオなど）,無,奈良県奈良市三条桧町5-16,2010,代表取締役 寺西 宣之,20 百万円,,,,,
2024-08-01,Ｂｌｏｏｍ　Ｅｎｅｒｇｙ　Ｊａｐａｎ株式会社,石油・資源,求人なし,東京都港区港南2-16-1,2012,代表取締役 ショーン・ソダーバーグ,100 百万円,,,,,
2024-08-01,ユノカ商事株式会社,電力,求人なし,宮崎県宮崎市大塚町水流5117-5匠家ビル 2Ｆ,2008,代表取締役 中吉 大介,10 百万円,,,,,
2024-08-01,株式会社名都通信システム,石油・資源,求人なし,愛知県岡崎市康生通南2-30,1997,代表取締役 安川 正勝,58 百万円,,,,,
2024-08-01,株式会社エス・ケー,石油・資源,求人なし,愛知県名古屋市中村区高須賀町字北西出29-1,2007,代表取締役 森 明美,4 百万円,,,,,
2024-08-01,株式会社ＥＮＥＯＳ水素サプライ＆サービス,新エネルギー（太陽光・風力・地熱・バイオなど）,求人なし,東京都千代田区大手町1-1-2大手門タワー・ＪＸビル,2014,代表取締役 樋口 雅之,30 百万円,,,,,
2024-08-01,株式会社エネルギーギャップ,新エネルギー（太陽光・風力・地熱・バイオなど）,求人なし,東京都中央区銀座2-15-2ＫＲ Ｇｉｎｚａ Ⅱ 7Ｆ,2014,代表取締役 郭 海彬,300 百万円,,,,,
2024-08-01,株式会社セヤマ,新エネルギー（太陽光・風力・地熱・バイオなど）,求人なし,栃木県足利市県町1316,2014,代表取締役 瀨山 智久,3 百万円,,,,,
2024-08-01,ＲＢＩ　ＳＯＬＡＲ株式会社,新エネルギー（太陽光・風力・地熱・バイオなど）,求人なし,東京都港区西新橋1-5-9,2013,代表取締役 富所 孝平,27 百万円,,,,,
2024-08-01,株式会社中部上下水エンジニアリング,石油・資源,求人なし,愛知県名古屋市中区栄2-11-30セントラルビル 8Ｆ,1986,代表取締役 西村 秀三,10 百万円,,,,,
2024-08-01,株式会社中エネ,新エネルギー（太陽光・風力・地熱・バイオなど）,無,愛知県名古屋市中区富士見町13-19富士見町八木ビル 502,2007,代表取締役 加藤 洋平,70 百万円,,,,,
2024-08-01,株式会社花巻バイオマスエナジー,新エネルギー（太陽光・風力・地熱・バイオなど）,求人なし,岩手県花巻市大畑第9地割92-24,2014,代表取締役 高橋 明朗,315 百万円,,,,,
2024-08-01,アークテックソーラージャパン株式会社,新エネルギー（太陽光・風力・地熱・バイオなど）,求人なし,東京都港区虎ノ門2-5-5櫻ビル 6Ｆ,2014,代表取締役 蔡 浩,10 百万円,,,,,
2024-08-01,株式会社オカショウ,石油・資源,求人なし,東京都江東区清澄2-1-2,2014,代表取締役 村井 正文,10 百万円,,,,,
2024-08-01,株式会社生活クラブエナジー,電力,求人なし,東京都中央区日本橋人形町3-4-14,2014,代表取締役 半澤 彰浩,65 百万円,,,,,
2024-08-01,株式会社グッド・エナジー,新エネルギー（太陽光・風力・地熱・バイオなど）,求人なし,東京都台東区東上野2-1-11サンフィールドビル 5Ｆ,2014,代表取締役 市川 雅也,70 百万円,,,,,
2024-08-01,株式会社Ｒ．Ｅ．Ｉ,ガス,求人なし,東京都新宿区高田馬場2-1-2田島ビル 6Ｆ,2014,代表取締役 中脇啓二,30 百万円,,,,,
2024-08-01,株式会社未来環境エナジー,新エネルギー（太陽光・風力・地熱・バイオなど）,求人なし,東京都千代田区平河町1-7-15柳下フラッツ 5Ｆ、6Ｆ,2014,代表取締役 林 芳信,95 百万円,,,,,
2024-08-01,明和エンジニアリング株式会社,新エネルギー（太陽光・風力・地熱・バイオなど）,求人なし,東京都港区西新橋1-7-14京阪神虎ノ門ビル 10Ｆ,1999,代表取締役 木川 陽介,50 百万円,,,,,
2024-08-01,恒逸ＪＡＰＡＮ株式会社,石油・資源,求人なし,東京都豊島区北大塚3-34-1,2014,代表取締役 方 賢水,80 百万円,,,,,
2024-08-01,株式会社アクト,新エネルギー（太陽光・風力・地熱・バイオなど）,求人なし,愛知県名古屋市守山区森孝2-128,2010,代表取締役 筑紫 大,30 百万円,,,,,
2024-08-01,愛知クリーンエナジー株式会社,電力,求人なし,愛知県名古屋市西区名駅2-27-8,2014,代表取締役 林 憲司,50 百万円,,,,,
2024-08-01,株式会社平和モビリティサービス,石油・資源,求人なし,愛知県名古屋市守山区西新1-1,2014,代表取締役 監物 克之,10 百万円,,,,,
2024-08-01,オートモービルアイ有限会社,石油・資源,求人なし,茨城県石岡市田島1-1-40,1994,代表取締役 石﨑 忠信,3 百万円,,,,,
2024-08-01,株式会社ブロス,新エネルギー（太陽光・風力・地熱・バイオなど）,求人なし,福島県郡山市大槻町字城ノ内3,2014,代表取締役 坂田 和夫,10 百万円,,,,,
2024-08-01,株式会社ドクターフィットＥＣＯ,新エネルギー（太陽光・風力・地熱・バイオなど）,求人なし,宮城県仙台市太白区富田字上野東18-2,2014,代表取締役 山本 健嗣,3 百万円,,,,,
2024-08-01,日本フロン北陸株式会社,石油・資源,求人なし,富山県富山市黒崎121-1,2014,代表取締役 早川 祐治,30 百万円,,,,,
2024-08-01,株式会社ライズ,石油・資源,無,東京都福生市大字熊川1712,2013,代表取締役 浅海 克也,5 百万円,,,,,
2024-08-01,太陽グリーンエナジー株式会社,新エネルギー（太陽光・風力・地熱・バイオなど）,求人なし,埼玉県比企郡嵐山町大字大蔵388,2014,代表取締役 後藤 英之,10 百万円,,,,,
2024-08-01,株式会社ジェネックス,新エネルギー（太陽光・風力・地熱・バイオなど）,求人なし,愛知県碧南市向陽町4-79ウィルビル 3Ｆ,2008,代表取締役 福田 徳浩,25 百万円,,,,,
2024-08-01,Ｓｕｎｇｒｏｗ　Ｊａｐａｎ株式会社,新エネルギー（太陽光・風力・地熱・バイオなど）,無,東京都中央区京橋1-13-1ＷＯＲＫ・ＶＩＬＬＡ・ＫＹＯＢＡＳＨＩ401室,2014,代表取締役 コウユウ,65 百万円,,,,,
2024-08-01,株式会社Ｋエナジー,新エネルギー（太陽光・風力・地熱・バイオなど）,求人なし,東京都千代田区霞が関3-2-1霞が関コモンゲート西館 22Ｆ,2012,代表取締役 中島 義雄,100 百万円,,,,,
2024-08-01,株式会社アイダソーラージャパン,石油・資源,求人なし,大阪府大阪市北区梅田1-2-21300,2015,代表取締役 肖軍,9 百万円,,,,,
2024-08-01,ミキエナジー株式会社,新エネルギー（太陽光・風力・地熱・バイオなど）,求人なし,奈良県橿原市膳夫町514-2,2015,代表取締役 菖蒲 秀高,100 百万円,,,,,
2024-08-01,大英ソーラー株式会社,新エネルギー（太陽光・風力・地熱・バイオなど）,求人なし,福岡県北九州市八幡西区下上津役4-3-15,2014,代表取締役 大園 英彦,30 百万円,,,,,
2024-08-01,日本環境電設株式会社,新エネルギー（太陽光・風力・地熱・バイオなど）,求人なし,奈良県橿原市土橋町360-3,2012,代表取締役 山本 武也,3 百万円,,,,,
2024-08-01,アーキアエナジー株式会社,新エネルギー（太陽光・風力・地熱・バイオなど）,求人なし,東京都港区虎ノ門1-13-1古澤ビル2Ｆ,2015,代表取締役 植田 徹也,53 百万円,,,,,
2024-08-01,ＥＮＥＲＣＯＮ　Ｓｅｒｖｉｃｅｓ　Ｊａｐａｎ株式会社,石油・資源,求人なし,茨城県水戸市南町2-4-46,2006,代表取締役 ステファン・ブラウンス,23 百万円,,,,,
2024-08-01,サーラｅエナジー株式会社,電力,求人なし,愛知県豊橋市駅前大通1-55サーラタワー,2015,代表取締役 渥美 典久,30 百万円,,,,,
2024-08-01,株式会社トラストコーポレーション,新エネルギー（太陽光・風力・地熱・バイオなど）,求人なし,群馬県前橋市大渡町1-12-6,1957,代表取締役 相﨑 賢一郎,10 百万円,,,,,
2024-08-01,ＳＧ　ＷＩＮＤ　ＪＡＰＡＮ株式会社,新エネルギー（太陽光・風力・地熱・バイオなど）,求人なし,秋田県にかほ市平沢字井戸尻45,2015,代表取締役 須藤 重徳,10 百万円,,,,,
2024-08-01,ＡＩＳＩＮ　ＭＡＴＥＲＩＡＬ株式会社,新エネルギー（太陽光・風力・地熱・バイオなど）,求人なし,茨城県つくば市牧園1-5牧園事務所 101,2015,代表取締役 江副 弘一郎,72 百万円,,,,,
2024-08-01,田邊ガステクノ株式会社,石油・資源,無,神奈川県横浜市西区北幸2-9-30横浜西口加藤ビル 6Ｆ,2010,代表取締役 田邊 光,10 百万円,,,,,
2024-08-01,株式会社Ｅ３,新エネルギー（太陽光・風力・地熱・バイオなど）,求人なし,東京都千代田区神田小川町3-14,2014,代表取締役社長 鈴木 直之,50 百万円,,,,,
2024-08-01,日本風力エネルギー株式会社,電力,無,東京都港区虎ノ門2-10-4オークラプレステージタワー 17Ｆ,2015,代表取締役 ラウル・リエンダ・セビージャ,74 百万円,,,,,
2024-08-01,九州エナジー株式会社,電力,求人なし,鹿児島県鹿児島市鴨池新町6-6鴨池南国ビル 7Ｆ,2015,代表取締役 田島 浩彦,30 百万円,,,,,
2024-08-01,ネクストパワーやまと株式会社,電力,求人なし,鹿児島県鹿児島市西別府町2995-10,2015,代表取締役 岩﨑 健太,50 百万円,,,,,
2024-08-01,マウントエナジージャパン株式会社,新エネルギー（太陽光・風力・地熱・バイオなど）,求人なし,福岡県福岡市中央区大名2-11-13古河大名ビル 9Ｆ,2015,代表取締役 山本 龍之介,20 百万円,,,,,
2024-08-01,花巻バイオチップ株式会社,新エネルギー（太陽光・風力・地熱・バイオなど）,求人なし,岩手県花巻市大畑第9地割92-24,2015,代表取締役 高橋 明朗,87 百万円,,,,,
2024-08-01,みやまスマートエネルギー株式会社,電力,求人なし,福岡県みやま市瀬高町小川15-1,2015,代表取締役社長 横尾 健一,20 百万円,,,,,
2024-08-01,株式会社パワーガード,新エネルギー（太陽光・風力・地熱・バイオなど）,求人なし,福岡県福岡市博多区博多駅前3-10-24藤井ビルＵＲ都市機構博多駅前3丁目 1Ｆ,2015,代表取締役 エリック・ホウ・ユー・チョン,30 百万円,,,,,
2024-08-01,日本環境エネルギー開発株式会社,新エネルギー（太陽光・風力・地熱・バイオなど）,求人なし,東京都千代田区麹町1-6-9910,2015,代表取締役 澤 一誠,5 百万円,,,,,
2024-08-01,エネルギア・パワー山口株式会社,電力,求人なし,山口県防府市鐘紡町3-1,2015,代表取締役 岩崎 央,"2,000 百万円",,,,,
2024-08-01,トリナ・ソーラー・ジャパン・エナジー株式会社,新エネルギー（太陽光・風力・地熱・バイオなど）,求人なし,東京都港区六本木1-8-7ＭＦＰＲ六本木麻布台ビル2Ｆ,2015,代表取締役 陳 鋒,300 百万円,,,,,
2024-08-01,有限会社宮崎霧島燃料,石油・資源,求人なし,宮崎県宮崎市祇園2-127,2001,代表取締役 坂元 直樹,3 百万円,,,,,
2024-08-01,アジアゲートウェイ株式会社,電力,求人なし,東京都千代田区神田錦町3-7-2逸侶ビル 5Ｆ,2015,代表取締役 木村 友則,80 百万円,,,,,
2024-08-01,株式会社花山サンゼット,新エネルギー（太陽光・風力・地熱・バイオなど）,求人なし,宮城県栗原市花山字本沢北ノ前60-1,2015,代表取締役 阿部 幹司,,,,,,
2024-08-01,ゼロワットパワー株式会社,新エネルギー（太陽光・風力・地熱・バイオなど）,求人なし,千葉県柏市若柴178-4柏の葉キャンパスＫＯＩＬ,2015,代表取締役 佐藤 和彦,5 百万円,,,,,
2024-08-01,ふくしま新電力株式会社,電力,求人なし,福島県福島市北沢又字上日行壇3-36,2015,代表取締役 相良 元章,9 百万円,,,,,
2024-08-01,エムズネクスト株式会社,新エネルギー（太陽光・風力・地熱・バイオなど）,求人なし,東京都荒川区荒川3-78-4,2015,代表取締役 宮下 賢,5 百万円,,,,,
2024-08-01,株式会社エコ革,新エネルギー（太陽光・風力・地熱・バイオなど）,求人なし,栃木県佐野市高萩町1322-9,2013,代表取締役 伊藤 繁三,100 百万円,,,,,
2024-08-01,株式会社宇佐美エンジニアリング,石油・資源,無,愛知県名古屋市中区丸の内3-21-23宇佐美丸の内ビル 8Ｆ,2015,代表取締役社長 藤田 浩,30 百万円,,,,,
2024-08-01,株式会社太陽エコシス,ガス,求人なし,福岡県朝倉郡筑前町篠隈156-6サンベール朝倉,1968,代表取締役 松本 茂,10 百万円,,,,,
2024-08-01,有限会社ライフゲート,石油・資源,求人なし,東京都文京区本駒込4-15-7品川マンション 201,1996,取締役 渡邊 明雄,3 百万円,,,,,
2024-08-01,株式会社サンコーすまいる,ガス,求人なし,石川県金沢市小坂町西77-3,1966,代表取締役 山田 要,30 百万円,,,,,
2024-08-01,株式会社エネプライム,新エネルギー（太陽光・風力・地熱・バイオなど）,無,東京都新宿区津久戸町4-6第3都ビル 9Ｆ,2015,代表取締役 河野 勇樹,40 百万円,,,,,
2024-08-01,株式会社ＳＫＣエナジー,ガス,求人なし,愛知県名古屋市中川区高畑1-238ＥＳＰＡＣＥ・ＵＮ4Ａ,2015,代表取締役 近藤 貴士,9 百万円,,,,,
2024-08-01,株式会社パワービクトリー・ジャパン,新エネルギー（太陽光・風力・地熱・バイオなど）,求人なし,千葉県松戸市秋山90,2015,代表取締役 鳴海 輝正,9 百万円,,,,,
2024-08-01,ＪＲ東日本エネルギー開発株式会社,新エネルギー（太陽光・風力・地熱・バイオなど）,無,東京都千代田区神田須田町1-25ＪＲ神田万世橋ビル 15Ｆ,2015,代表取締役 松本 義弘,50 百万円,,,,情報が古い可能性があります。最新の情報を確認する場合はHP等をご覧ください。 風力等再生可能エネルギーの企画・開発・運営等 2022年6月doda掲載求人より引用,
2024-08-01,株式会社ＥＮＥＯＳスカイサービス,ガス,求人なし,東京都港区港南1-8-15Ｗビル,2015,代表取締役 魚住 顕太郎,100 百万円,,,,,
2024-08-01,イージーパワー株式会社,新エネルギー（太陽光・風力・地熱・バイオなど）,求人なし,東京都新宿区新宿2-4-2カーサ御苑 503,2015,代表取締役 竹村 英明,15 百万円,,,,,
2024-08-01,株式会社新東亞資源交易,石油・資源,求人なし,東京都中央区新富1-7-7新富センタービル4Ｆ,2015,代表取締役 朴 相宣,5 百万円,,,,,
2024-08-01,株式会社ＥＳＲホールディングス,新エネルギー（太陽光・風力・地熱・バイオなど）,求人なし,東京都目黒区上目黒1-23-1中目黒アリーナ 405,2015,代表取締役 田村 優弥,10 百万円,,,,,
2024-08-01,三剣合同会社,新エネルギー（太陽光・風力・地熱・バイオなど）,求人なし,東京都港区赤坂9-1-7赤坂レジデンシャル 418,2015,代表社員 永山 裕史,1 百万円,,,,,
2024-08-01,オールロード株式会社,電力,求人なし,兵庫県神戸市北区幸陽町1-8-8シャルマンコーポ神戸花山609号,2010,代表取締役 船谷 英世,1 百万円,,,,,
2024-08-01,株式会社ユニークプラス,電力,無,大阪府大阪市中央区淡路町4-7-5本町ハイエストビル 5Ｆ,2015,代表取締役 谷口 誠也,10 百万円,,,,情報が古い可能性があります。最新の情報を確認する場合はHP等をご覧ください。 ■オール電化・太陽光発電・蓄電池の立案及び販売・施工・メンテナンス事業■関電ガスの取次及びガス給湯器の販売・施工事業■リフォーム全般の販売・施工事業■インターネット広告事業 2022年6月doda掲載求人より引用,
2024-08-01,株式会社ゼロプラス,電力,求人なし,東京都品川区大崎5-4-3ＯＮＯビル 4Ｆ,2015,代表取締役 佐野 武敏,5 百万円,,,,,
2024-08-01,芝浦電力株式会社,電力,無,福岡県福岡市中央区那の津3-9-1ＴＨＥ ＮＥＷ ＧＡＥＡ ＢＵＩＬＤＩＮＧ 天神北,2015,代表取締役 中路 尚文,100 百万円,,,,情報が古い可能性があります。最新の情報を確認する場合はHP等をご覧ください。 電力の売買及び仲介業務発電及び電力の供給業務自然エネルギーの供給業務送配電業務発電、送電、変電並びに機械、器具等の売買及び賃貸借エネルギー関連設備の工事、維持及び運用に関する業務発電・受電設備の保安、管理業務蓄電システムその他エネルギー商品の調達、販売セミナー、研修会の企画及び開催温室効果ガス排出権の取得、譲渡及びその他の取引並びに媒介又は代行前各号に附帯関連する一切の業務 2023年6月doda掲載求人より引用,
2024-08-01,株式会社ｅ電力ソリューションズ,電力,求人なし,東京都港区虎ノ門3-6-2第2秋山ビル,2015,代表取締役 虞 立群,30 百万円,,,,,
2024-08-01,パシフィックパワー株式会社,石油・資源,無,東京都千代田区神田錦町3-22テラススクエア 16Ｆ,2015,代表取締役 合津 美智子,180 百万円,,,,,
2024-08-01,新光石油株式会社,石油・資源,求人なし,大分県大分市萩原1-1-343Ｆ,2014,代表取締役 波多江 乾治,50 百万円,,,,,
2024-08-01,株式会社Ｈ．Ｅエナジー,新エネルギー（太陽光・風力・地熱・バイオなど）,無,北海道札幌市中央区南七条西1-13第2弘安ビル 4Ｆ,2015,代表取締役 瀬尾 浩史,20 百万円,,,,・再生可能エネルギーを利用した発電施設の工事・システムの設計(施工図面、設備構成)・太陽光発電設備の施工、販売、運営、管理 2024年4月doda掲載求人より引用,
2024-08-01,オデッセイグループ株式会社,新エネルギー（太陽光・風力・地熱・バイオなど）,求人なし,東京都中央区日本橋人形町2-33-8,2015,代表取締役 蒋 馳,20 百万円,,,,,
2024-08-01,ヤノ技研株式会社,新エネルギー（太陽光・風力・地熱・バイオなど）,求人なし,岐阜県瑞穂市祖父江330-1,2015,代表取締役 矢野 晃一,3 百万円,,,,,
2024-08-01,ＭＡＥＴＥＬ　ＣＯＮＳＴＲＵＣＴＩＯＮ　ＪＡＰＡＮ株式会社,新エネルギー（太陽光・風力・地熱・バイオなど）,求人なし,東京都港区西新橋2-18-2新橋ＮＫＫビル8Ｆ,2015,代表取締役 ゴザルボ・モラグレガ・ホセ・マヌエル,40 百万円,,,,,
2024-08-01,日本エネック株式会社,石油・資源,求人なし,大阪府池田市神田3-12-30,2007,代表取締役 中川 雄一朗,5 百万円,,,,,
2024-08-01,エコプロ株式会社,新エネルギー（太陽光・風力・地熱・バイオなど）,求人なし,兵庫県明石市松の内2-1-850 ヤングビル 2Ｆ,2015,代表取締役 米ケ田 直人,70 百万円,,,,,
2024-08-01,株式会社エネマン,新エネルギー（太陽光・風力・地熱・バイオなど）,求人なし,東京都千代田区二番町3-10,2015,代表取締役 三尾 泰一郎,16 百万円,,,,,
2024-08-01,株式会社タイガーホールディングス,新エネルギー（太陽光・風力・地熱・バイオなど）,求人なし,神奈川県横浜市港北区新横浜1-3-1,2014,代表取締役 金子 眞人,50 百万円,,,,,
2024-08-01,株式会社トドック電力,新エネルギー（太陽光・風力・地熱・バイオなど）,求人なし,北海道札幌市中央区北八条西18-35-100エアリービル 7Ｆ,2015,代表取締役 尾﨑 信介,100 百万円,,,,,
2024-08-01,株式会社ＥＥＣサポート,新エネルギー（太陽光・風力・地熱・バイオなど）,無,愛知県名古屋市北区大曽根2-8-26エステイト大曽根702,2015,代表取締役 後藤 昭人,2 百万円,,,,,
2024-08-01,株式会社釧路火力発電所,電力,求人なし,北海道釧路市興津1-13-1,2015,代表取締役 石坂 弘紀,100 百万円,,,,,
2024-08-01,ヤマタホールディングス株式会社,新エネルギー（太陽光・風力・地熱・バイオなど）,求人なし,鳥取県鳥取市千代水2-130,2015,代表取締役 山田 雄作,10 百万円,,,,,
2024-08-01,Ｆｕｔｕｒｅ　Ａｓｓｅｔ　Ｍａｎａｇｅｍｅｎｔ株式会社,新エネルギー（太陽光・風力・地熱・バイオなど）,求人なし,東京都中央区京橋2-12-2ＮＥＷＳＸ 5Ｆ,2015,代表取締役 チェングプラパ・ナット,253 百万円,,,,,
2024-08-01,株式会社中野商店,石油・資源,求人なし,岩手県北上市和賀町藤根17地割78-5,1987,代表取締役 中野 厚,13 百万円,,,,,
2024-08-01,鹿児島電力株式会社,電力,求人なし,鹿児島県鹿児島市平之町11-1アドラシオン平之町 1Ｆ,2015,代表取締役 脇田 克郎,10 百万円,,,,,
2024-08-01,株式会社三光ソリューション,新エネルギー（太陽光・風力・地熱・バイオなど）,求人なし,山口県下松市大字西豊井173-1ビル Ｋ3,2015,代表取締役 池永 純一,3 百万円,,,,,
2024-08-01,株式会社アシスト,電力,求人なし,新潟県新潟市中央区花町2069新潟花町ビル 5Ｆ,2014,代表取締役 長谷川 卓,9 百万円,,,,,
2024-08-01,株式会社Ｌａｚｏ,新エネルギー（太陽光・風力・地熱・バイオなど）,求人なし,東京都三鷹市上連雀2-4-3大商ビル 7Ｆ,2015,代表取締役 中島 翔,10 百万円,,,,,
2024-08-01,株式会社御影バイオエナジー,新エネルギー（太陽光・風力・地熱・バイオなど）,求人なし,北海道上川郡清水町字御影北1線40-1,2015,代表取締役 延與 雄一郎,20 百万円,,,,,
2024-08-01,株式会社Ｖａｌｕｅ,電力,求人なし,東京都千代田区麹町1-10-11麹町広洋ビル 5Ｆ,2011,代表取締役 池田 能文,90 百万円,,,,,
2024-08-01,株式会社アップライト新潟,新エネルギー（太陽光・風力・地熱・バイオなど）,求人なし,新潟県新潟市中央区鐙西1-17-5,2012,代表取締役 阿部 昌広,50 百万円,,,,,
2024-08-01,株式会社やまがた新電力,新エネルギー（太陽光・風力・地熱・バイオなど）,求人なし,山形県山形市松波3-8-28松波プラザ2ＦＤ号室,2015,代表取締役 清野 伸昭,70 百万円,,,,,
2024-08-01,株式会社ＡＭＡＺＥ,新エネルギー（太陽光・風力・地熱・バイオなど）,求人なし,三重県伊勢市小木町707-1,2015,代表取締役 入江 豪,10 百万円,,,,,
2024-08-01,パワーセービング株式会社,新エネルギー（太陽光・風力・地熱・バイオなど）,求人なし,東京都港区台場2-2-2,2015,代表取締役 胡 春燕,9 百万円,,,,,
2024-08-01,福島ガス発電株式会社,ガス,求人なし,東京都千代田区丸の内1-7-12,2015,代表取締役 石井 美孝,537 百万円,,,,,
2024-08-01,株式会社ナチュラルプロモーション,新エネルギー（太陽光・風力・地熱・バイオなど）,求人なし,東京都台東区上野7-4-9細田ビル 6Ｆ,2015,代表取締役 金子 郷太,1 百万円,,,,,
2024-08-01,株式会社東空,新エネルギー（太陽光・風力・地熱・バイオなど）,求人なし,東京都千代田区神田小川町3-7-5ＶＯＲＴ神保町 7Ｆ,2015,代表取締役 中村 和也,30 百万円,,,,,
2024-08-01,エバーグリーン・リテイリング株式会社,石油・資源,求人なし,東京都中央区京橋2-2-1京橋エドグラン 14Ｆ,2015,代表取締役 一郡 克行,468 百万円,,,,,
2024-08-01,エバーグリーン・マーケティング株式会社,電力,求人なし,東京都中央区京橋2-2-1京橋エドグラン 14Ｆ,2015,代表取締役 田中 稔道,504 百万円,,,,,
2024-08-01,役に立つ株式会社,新エネルギー（太陽光・風力・地熱・バイオなど）,求人なし,東京都新宿区西新宿1-26-2新宿野村ビル 32Ｆ,2015,代表取締役 瀧澤 洋一,1 百万円,,,,,
2024-08-01,かみすパワー株式会社,電力,求人なし,茨城県神栖市奥野谷6170-32,2015,代表取締役 成田 正士,102 百万円,,,,,
2024-08-01,コナジー・ジャパン株式会社,石油・資源,求人なし,東京都中央区日本橋3-9-1日本橋三丁目スクエア11Ｆ,2015,代表取締役 ニコラス・ジェームズ・グローノー,50 百万円,,,,,
2024-08-01,株式会社ユニット,新エネルギー（太陽光・風力・地熱・バイオなど）,求人なし,愛知県名古屋市北区黒川本通4-31-1,2015,代表取締役 星子 裕一,1 百万円,,,,,
2024-08-01,ＮＲＥオペレーションズ株式会社,新エネルギー（太陽光・風力・地熱・バイオなど）,無,東京都港区虎ノ門2-10-4オークラプレステージタワー 17Ｆ,2015,代表取締役 ラウル・リエンダ・セビージャ,5 百万円,,,,,
2024-08-01,株式会社再エネ思考電力,新エネルギー（太陽光・風力・地熱・バイオなど）,無,愛媛県松山市南吉田町30-1,2015,代表取締役 木村 賢太,11 百万円,,,,■電力小売事業■電力買取事業■再生可能エネルギーを使用した商品の企画・開発・販売 2024年3月doda掲載求人より引用,
2024-08-01,株式会社国土ガスハイウェイ,ガス,求人なし,東京都港区虎ノ門5-13-1虎ノ門40ＭＴビル 9Ｆ,2015,代表取締役 松﨑 浩憲,207 百万円,,,,,
2024-08-01,三菱商事エナジーソリューションズ株式会社,電力,求人なし,東京都千代田区丸の内2-6-1丸の内パークビルディング 24Ｆ,2013,代表取締役 土谷 真史,300 百万円,,,,,
2024-08-01,株式会社エスビーエヌ,新エネルギー（太陽光・風力・地熱・バイオなど）,求人なし,埼玉県吉川市木売2-10-8ＮＫビル 4Ｆ,2015,代表取締役 井口 誠,1 百万円,,,,,
2024-08-01,ＮＸエネルギー東北株式会社,ガス,求人なし,宮城県岩沼市土ケ崎2-3-1,1975,代表取締役 永松 康治,10 百万円,,,,,
2024-08-01,エナライン株式会社,石油・資源,無,東京都港区浜松町2-1-12,2010,代表取締役 仲世古 英樹,20 百万円,,,,■BIM事業■地盤調査・補償事業■再生可能エネルギー事業（太陽電池発電所事業）■不動産事業（アウトドアヴィレッヂの建設計画・開発）＜グループ会社：エナラインビルディング(株)、(株)トムソンハウス＞ 2024年5月doda掲載求人より引用,
2024-08-01,レネックス株式会社,電力,無,東京都港区芝4-10-1,2015,代表取締役 石井 鉄也,56 百万円,,,,,
2024-08-01,株式会社北九州パワー,電力,求人なし,福岡県北九州市小倉北区浅野3-8-1ＡＩＭビル 8Ｆ,2015,代表取締役 富高 紳夫,99 百万円,,,,,
2024-08-01,バイオマスパワーテクノロジーズ株式会社,新エネルギー（太陽光・風力・地熱・バイオなど）,求人なし,三重県松阪市小片野町1790-1,2015,代表取締役 北角 強,100 百万円,,,,,
2024-08-01,株式会社リヴルクス,新エネルギー（太陽光・風力・地熱・バイオなど）,求人なし,東京都品川区東品川2-5-5ハバワンビル 3Ｆ,2015,代表取締役 星野 修,30 百万円,,,,,
2024-08-01,新電力フロンティア株式会社,電力,求人なし,大阪府大阪市淀川区西中島4-13-12新大阪北田ビル 4Ｆ,2015,代表取締役 若木 康宗,12 百万円,,,,,
2024-08-01,日本環境エネルギー株式会社,電力,求人なし,福岡県北九州市八幡西区皇后崎町10-3,2015,代表取締役 根上 幸久,40 百万円,,,,,
2024-08-01,Ｃｌｅａｎ　Ｅｎｅｒｇｙ　Ｊａｐａｎ株式会社,新エネルギー（太陽光・風力・地熱・バイオなど）,求人なし,栃木県宇都宮市馬場通り2-1-1ＮＭＦ宇都宮ビル 6Ｆ,2013,代表取締役 アンダーソン・レット・ドナルド,42 百万円,,,,,
2024-08-01,Ｆ．Ａ．Ａ株式会社,新エネルギー（太陽光・風力・地熱・バイオなど）,求人なし,静岡県静岡市清水区鳥坂143-1,2015,代表取締役 川原 大功,10 百万円,,,,,
2024-08-01,ローカルエナジー株式会社,石油・資源,求人なし,鳥取県米子市角盤町1-55-2中海テレビ放送センタービル 3Ｆ,2015,代表取締役 加藤 典裕,90 百万円,,,,,
2024-08-01,Ｓｈｉｆｔ　Ｅｎｅｒｇｙ　Ｊａｐａｎ株式会社,新エネルギー（太陽光・風力・地熱・バイオなど）,無,福岡県福岡市早良区百道浜2-4-27ＡＩビル 6Ｆ,2016,,10 百万円,,,,,
2024-08-01,日田グリーン電力株式会社,新エネルギー（太陽光・風力・地熱・バイオなど）,求人なし,大分県日田市大字東有田2813-22,2016,代表取締役 森山 和浩,6 百万円,,,,,
2024-08-01,株式会社グリーン電力エンジニアリング,新エネルギー（太陽光・風力・地熱・バイオなど）,求人なし,東京都千代田区丸の内1-11-1,2016,代表取締役 遠藤 昭二,100 百万円,,,,,
2024-08-01,一般社団法人ソーラーシェアリング協会,新エネルギー（太陽光・風力・地熱・バイオなど）,求人なし,千葉県市原市五井中央西2-10-7勉強堂ビル 3Ｆ,2013,代表理事 大村 淳,,,,,,
2024-08-01,ゲンキ電設株式会社,電力,無,愛知県名古屋市守山区幸心4-314,2016,代表取締役 錦見 元輝,10 百万円,,,,,
2024-08-01,株式会社コベルコパワー真岡,電力,求人なし,栃木県真岡市鬼怒ケ丘1-12-1,2016,代表取締役 小山 武志,600 百万円,,,,,
2024-08-01,株式会社宮崎プロパン,ガス,求人なし,宮崎県宮崎市大字赤江字飛江田878-1,1971,代表取締役 金本 順,3 百万円,,,,,
2024-08-01,エネクスフリートロジサービス株式会社,石油・資源,求人なし,福岡県福岡市中央区荒津1-4-13,2016,代表取締役 江口 勝人,10 百万円,,,,,
2024-08-01,新日本パワーサプライ株式会社,電力,求人なし,東京都中野区中野4-1-1中野サンプラザ 9Ｆ,2016,代表取締役 足立 真一,20 百万円,,,,,
2024-08-01,ＴＳＥ株式会社,新エネルギー（太陽光・風力・地熱・バイオなど）,求人なし,東京都千代田区丸の内2-5-2三菱ビル 3Ｆ,2016,代表取締役 髙木 淳次,30 百万円,,,,,
2024-08-01,Ｋ＆Ｋプロステック株式会社,新エネルギー（太陽光・風力・地熱・バイオなど）,求人なし,大阪府高槻市郡家新町10-8,2016,代表取締役 北嶋 忍,8 百万円,,,,,
2024-08-01,株式会社アイキャン,新エネルギー（太陽光・風力・地熱・バイオなど）,求人なし,福岡県福岡市博多区博多駅東3-10-15博多駅東アトルビル 3Ｆ,2006,代表取締役 今村 竜次,10 百万円,,,,,
2024-08-01,株式会社ダイビングシステムサービス,ガス,求人なし,兵庫県尼崎市東浜町6-2,1987,代表取締役 田中 正治,10 百万円,,,,,
2024-08-01,株式会社ビル技研,新エネルギー（太陽光・風力・地熱・バイオなど）,求人なし,千葉県野田市上花輪206,1978,代表取締役 佐用 功貴,20 百万円,,,,,
2024-08-01,株式会社メリーワーク,石油・資源,求人なし,北海道夕張郡由仁町本町151,1995,代表取締役 山本 博行,15 百万円,,,,,
2024-08-01,株式会社加藤商店,石油・資源,求人なし,岐阜県羽島郡笠松町東陽町12-4,1988,代表取締役 加藤 光,5 百万円,,,,,
2024-08-01,株式会社丸亀ガス燃料,ガス,求人なし,香川県丸亀市中府町5-2-2,1968,代表取締役 伊賀 満彦,3 百万円,,,,,
2024-08-01,株式会社丸善電業,石油・資源,求人なし,福岡県福岡市博多区吉塚4-3-371号,2012,代表取締役 田中 秀善,5 百万円,,,,,
2024-08-01,株式会社黒田電気商会,電力,求人なし,千葉県千葉市稲毛区穴川町382-5,1973,代表取締役 黒田 佳孝,10 百万円,,,,,
2024-08-01,株式会社大谷商会,石油・資源,無,大分県由布市湯布院町川上2939-1,2014,代表取締役 大谷 章,5 百万円,,,,情報が古い可能性があります。最新の情報を確認する場合はHP等をご覧ください。 ■LPガス販売・メンテナンス■ガソリンスタンド運営■レンタカーサービス■シニアホームサービス■配達サービス（ウォーターサーバー、お米、灯油）■ガス機器販売■リフォームサービス（キッチン・バス・トイレ）■太陽光発電機器販売 2021年11月doda掲載求人より引用,
2024-08-01,株式会社油新,石油・資源,求人なし,滋賀県犬上郡豊郷町大字高野瀬256-5,1989,代表取締役 青山 新弥,10 百万円,,,,,
2024-08-01,野本商事株式会社,石油・資源,求人なし,高知県香南市夜須町坪井473-1,1963,代表取締役 野本 眞市,10 百万円,,,,,
2024-08-01,ＤＴＳ飛騨水力発電株式会社,電力,求人なし,岐阜県飛騨市神岡町麻生野514-22,2014,代表取締役 永瀬 俊哉,100 百万円,,,,,
2024-08-01,オルティス・エナジー・ジャパン株式会社,新エネルギー（太陽光・風力・地熱・バイオなど）,求人なし,東京都港区新橋5-13-10Ｖｏｒｔ新橋ＮＥＸ5Ｆ,2016,代表取締役 フランシスコ・カルピンテロ・ペレス,40 百万円,,,,,
2024-08-01,アールジェイ・インベストメント株式会社,新エネルギー（太陽光・風力・地熱・バイオなど）,求人なし,東京都港区虎ノ門1-2-8虎ノ門琴平タワー 9Ｆ,2016,代表取締役社長 藤原 勝,100 百万円,,,,,
2024-08-01,もがみバイオマス発電株式会社,新エネルギー（太陽光・風力・地熱・バイオなど）,求人なし,山形県新庄市大字福田字福田山711-21,2016,代表取締役 柿﨑 力治朗,100 百万円,,,,,
2024-08-01,那珂グリーンパワー株式会社,電力,求人なし,東京都新宿区西新宿1-25-1,2016,代表取締役 大野 則和,100 百万円,,,,,
2024-08-01,株式会社エルニコ,新エネルギー（太陽光・風力・地熱・バイオなど）,求人なし,東京都千代田区神田富山町17-3リプロ神田ビル 4Ｆ,2016,代表取締役 菅原 真一,8 百万円,,,,,
2024-08-01,ひっぽ電力株式会社,電力,求人なし,宮城県伊具郡丸森町筆甫字小筆甫45-1,2016,代表取締役 目黒 忠七,3 百万円,,,,,
2024-08-01,フラワーペイメント株式会社,電力,求人なし,東京都千代田区丸の内3-3-1新東京ビル,2016,代表取締役 若濱 真之介,51 百万円,,,,,
2024-08-01,三井不動産ＴＧスマートエナジー株式会社,ガス,求人なし,東京都中央区日本橋室町2-1-1三井二号館 5Ｆ,2016,代表取締役 水元 潔,100 百万円,,,,,
2024-08-01,ブルースカイ総合開発株式会社,新エネルギー（太陽光・風力・地熱・バイオなど）,求人なし,東京都港区東新橋1-5-2汐留シティセンター 8Ｆ,2012,代表取締役 羽田野 修平,40 百万円,,,,,
2024-08-01,日本グリーン電力開発株式会社,新エネルギー（太陽光・風力・地熱・バイオなど）,求人なし,東京都千代田区一ツ橋2-5-5岩波書店一ツ橋ビル 9Ｆ,1998,代表取締役 君塚 元,10 百万円,,,,,
2024-08-01,株式会社エナジートラストカンパニー,電力,求人なし,東京都台東区西浅草3-23-12101,2016,代表取締役 瀬戸 洋介,1 百万円,,,,,
2024-08-01,Ｐｅｒｓｏｎ　Ｅｎｅｒｇｙ株式会社,新エネルギー（太陽光・風力・地熱・バイオなど）,求人なし,広島県広島市中区宝町1-15宝町ビル 2Ｆ,2013,代表取締役 佐々木 洋,3 百万円,,,,,
2024-08-01,株式会社ノースエナジー,新エネルギー（太陽光・風力・地熱・バイオなど）,無,北海道札幌市中央区北四条西4-1-3伊藤ビル 4Ｆ,2014,代表取締役 小坂 榮成,100 百万円,,,,,
2024-08-01,信夫山福島電力株式会社,新エネルギー（太陽光・風力・地熱・バイオなど）,求人なし,福島県福島市松山町25,2016,代表取締役 渡邊 和弘,50 百万円,,,,,
2024-08-01,株式会社ジャパンゲート,新エネルギー（太陽光・風力・地熱・バイオなど）,求人なし,東京都立川市錦町2-3-3オリンピック錦町ビル6Ｆ,2016,代表取締役 苦木 大輔,13 百万円,,,,,
2024-08-01,株式会社ＲＩＣＨ　ＬＩＦＥ,新エネルギー（太陽光・風力・地熱・バイオなど）,求人なし,兵庫県神戸市中央区八幡通3-2-5Ｉ・Ｎ東洋ビル 3Ｆ,2016,代表取締役 安田 晋一郎,5 百万円,,,,,
2024-08-01,香川電力株式会社,電力,求人なし,香川県高松市天神前10-5高松セントラルスカイビルディング 4Ｆ,2016,代表取締役 宮前 博行,100 百万円,,,,,
2024-08-01,合資会社椙江商店,石油・資源,求人なし,愛知県東海市高横須賀町町新田5-1,1933,代表社員 椙江 公一,,,,,,
2024-08-01,株式会社未来創建,新エネルギー（太陽光・風力・地熱・バイオなど）,求人なし,香川県坂出市西庄町1034-7,2016,代表取締役 池内 健太,8 百万円,,,,,
2024-08-01,株式会社Ｉ＆Ｉ,電力,無,大阪府大阪市西区南堀江1-11-1三共四ツ橋ビル4Ｆ,2016,代表取締役 吉川 光,8 百万円,,,,■payサービス■新電力■新ガス■インターネット回線 2023年9月doda掲載求人より引用,
2024-08-01,株式会社陽幸,新エネルギー（太陽光・風力・地熱・バイオなど）,求人なし,奈良県生駒市有里町43-1,2016,代表取締役 松本 剛,10 百万円,,,,,
2024-08-01,株式会社クローバー・テクノロジーズ,電力,求人なし,大阪府大阪市西区新町1-5-7四ツ橋ビルディング 6Ｆ,2016,代表取締役 淺岡 保裕,10 百万円,,,,,
2024-08-01,秋田洋上風力発電株式会社,新エネルギー（太陽光・風力・地熱・バイオなど）,求人なし,秋田県能代市能代町字日和山下18-32,2016,代表取締役 岡垣 啓司,100 百万円,,,,,
2024-08-01,エネルギーパワー株式会社,電力,求人なし,大阪府大阪市中央区北久宝寺町2-1-10,2016,代表取締役社長 米澤 量登,40 百万円,,,,,地方上場
2024-08-01,株式会社ニチモ,新エネルギー（太陽光・風力・地熱・バイオなど）,求人なし,東京都中央区日本橋室町4-3-18東京建物室町ビル 9Ｆ,2016,代表取締役 日浦 一朗,90 百万円,,,,,
2024-08-01,株式会社サンエコ,新エネルギー（太陽光・風力・地熱・バイオなど）,求人なし,北海道北広島市大曲柏葉5-2-6,2015,代表取締役 田口 登,5 百万円,,,,,
2024-08-01,ブルースカイアセットマネジメント株式会社,新エネルギー（太陽光・風力・地熱・バイオなど）,無,東京都港区東新橋1-5-2汐留シティセンター 8Ｆ,2013,代表取締役 窪村 梨絵,10 百万円,,,,情報が古い可能性があります。最新の情報を確認する場合はHP等をご覧ください。 自社アセットをメインとしたアセットマネジメントを運営。全国145 か所、約 460MW の太陽光発電所を保有する合同会社の資産管理を実施。 2023年7月doda掲載求人より引用,
2024-08-01,総合電気通信工事株式会社,石油・資源,無,埼玉県所沢市大字城889-7,2012,代表取締役 廣田 憲彦,,,,,,
2024-08-01,桜木総建株式会社,新エネルギー（太陽光・風力・地熱・バイオなど）,求人なし,千葉県八街市東吉田225-15,2015,代表取締役 松原 立,50 百万円,,,,,
2024-08-01,ＴＥＡＭ　ＬＯＨＡＳ株式会社,新エネルギー（太陽光・風力・地熱・バイオなど）,無,千葉県八千代市村上1610-62Ｆ,2006,代表取締役 大木 基次,10 百万円,,,,,
2024-08-01,ＰＯＷＥＲ　ＥＬＥＣＴＲＯＮＩＣＳ　ＪＡＰＡＮ株式会社,新エネルギー（太陽光・風力・地熱・バイオなど）,求人なし,東京都港区東麻布3-4-18ＶＯＲＴ麻布十番 5Ｆ,2013,代表取締役 サルボ・リリョ・ダビド,1 百万円,,,,,
2024-08-01,ソーラーフェニックス株式会社,石油・資源,求人なし,東京都千代田区丸の内1-8-3丸の内トラストタワー 20Ｆ,1991,代表取締役 谷口 実,35 百万円,,,,,
2024-08-01,Ｇｒｅｅｎｖｏｌｔ　Ｓｏｌａｒ　Ｊａｐａｎ株式会社,新エネルギー（太陽光・風力・地熱・バイオなど）,求人なし,東京都港区六本木3-16-26,2013,代表取締役 スピリドン・マルティネス,77 百万円,,,,,
2024-08-01,ＬＯＨＡＳ　ＪＡＰＡＮ株式会社,新エネルギー（太陽光・風力・地熱・バイオなど）,求人なし,東京都港区芝2-5-15,2010,代表取締役 下沖 和幸,10 百万円,,,,,
2024-08-01,ジャパンプロチウム株式会社,石油・資源,求人なし,東京都新宿区西新宿6-12-1,2006,,10 百万円,,,,,
2024-08-01,Ｍｙ　Ｅｎｅｒｇｙ　Ｂａｎｋ株式会社,新エネルギー（太陽光・風力・地熱・バイオなど）,求人なし,東京都港区虎ノ門3-22-14,2011,代表取締役 具留度 ブライアン,,,,,,
2024-08-01,Ｋ，Ｓ　ｓｕｎｂｕｉｌｄ株式会社,新エネルギー（太陽光・風力・地熱・バイオなど）,無,神奈川県横浜市港北区日吉5-31-16,2013,代表取締役 笠石 忠広,3 百万円,,,,情報が古い可能性があります。最新の情報を確認する場合はHP等をご覧ください。 創業から13年を迎え、まだまだ成長過程の会社ではありますが、“誠実一筋”に事業展開を行い、太陽光発電・蓄電池の設置工事は年間約250件にのぼる実績があります。 その他オール電化、エコキュート工事、Ｖ２Ｈ設置工事なども行っております。 2023年7月doda掲載求人より引用,
2024-08-01,Ａｌｔｅｒｎａｔｉｖｅ　Ｅｎｅｒｇｉｅｓ株式会社,新エネルギー（太陽光・風力・地熱・バイオなど）,求人なし,東京都千代田区五番町12-72043,2013,代表取締役 菅井 亮太,75 百万円,,,,,
2024-08-01,藤井防災エネルギー株式会社,石油・資源,求人なし,福井県越前市国府2-5-10,1966,代表取締役 藤井 洋造,15 百万円,,,,,
2024-08-01,株式会社アートホームガス,ガス,求人なし,滋賀県湖南市中央2-94-2,2008,代表取締役 辻 昭朗,3 百万円,,,,,
2024-08-01,株式会社ＺＥデザイン,電力,無,東京都中央区八重洲1-5-15田中八重洲ビル 2Ｆ,2013,代表取締役 髙橋 伸也,99 百万円,,,,,
2024-08-01,ＷＷＳ－ＪＡＰＡＮ株式会社,新エネルギー（太陽光・風力・地熱・バイオなど）,求人なし,京都府京都市中京区六角通室町西入玉蔵町121美濃利ビル 501,2015,代表取締役 岡山 秀行,5 百万円,,,,,
2024-08-01,ヤマト・Ｈ２Ｅｎｅｒｇｙ　Ｊａｐａｎ株式会社,新エネルギー（太陽光・風力・地熱・バイオなど）,無,大阪府大阪市淀川区西中島4-2-26,2014,代表取締役 平瀬 育生,50 百万円,,,,情報が古い可能性があります。最新の情報を確認する場合はHP等をご覧ください。 水素ステーション（定置式・パッケージ型・簡易型水素ステーション）各種高圧ガス設備、高圧ガス配管工事、水素燃料電池式非常用電源システム、ポータブル燃料電池の設計・製作・販売 2022年9月doda掲載求人より引用,
2024-08-01,株式会社Ｓｏｕ－Ｓｕｎ　Ｅｎｅｒｇｙ,新エネルギー（太陽光・風力・地熱・バイオなど）,求人なし,福岡県福岡市博多区吉塚8-8-61Ｆ,2013,代表取締役 丸山 聡太郎,10 百万円,,,,,
2024-08-01,株式会社グリーンバイオマスファクトリー,新エネルギー（太陽光・風力・地熱・バイオなど）,求人なし,宮崎県児湯郡都農町大字川北18964-15,2009,代表取締役 岸田 勇次郎,210 百万円,,,,,
2024-08-01,株式会社デネブ再生可能エネルギー,新エネルギー（太陽光・風力・地熱・バイオなど）,求人なし,東京都千代田区六番町6-20,2012,代表取締役 ステフェン・ラルフ・ダビド,5 百万円,,,,,
2024-08-01,北海道石油ガス株式会社,ガス,求人なし,北海道札幌市白石区栄通8-6-8プロスパービル,2016,代表取締役 田中 龍二,1 百万円,,,,,
2024-08-01,株式会社ソルグリーン,新エネルギー（太陽光・風力・地熱・バイオなど）,求人なし,茨城県水戸市笠原町507-1,2015,代表取締役 岡田 雅也,1 百万円,,,,,
2024-08-01,神栖パワープラント合同会社,石油・資源,求人なし,茨城県神栖市奥野谷6170-55,2015,代表社員 浜村 敏雄,20 百万円,,,,,
2024-08-01,ＰＨＯＴＯＮ　ＪＡＰＡＮ合同会社,新エネルギー（太陽光・風力・地熱・バイオなど）,求人なし,東京都渋谷区渋谷2-15-1渋谷クロスタワー 13Ｆ,2014,職務執行者 大川 礼次郎,10 百万円,,,,,
2024-08-01,ＪＡ三井エナジーソリューションズ株式会社,新エネルギー（太陽光・風力・地熱・バイオなど）,求人なし,東京都中央区銀座8-13-1,2014,代表取締役 阿久津 真吾,366 百万円,,,,,
2024-08-01,株式会社エネリューション,新エネルギー（太陽光・風力・地熱・バイオなど）,求人なし,東京都千代田区一番町10-8一番町ウエストビル 5Ｆ,2015,代表取締役 清水佳昇,5 百万円,,,,,
2024-08-01,インベナジー・サービシズ・ジャパン合同会社,新エネルギー（太陽光・風力・地熱・バイオなど）,求人なし,東京都千代田区永田町2-11-1山王パークタワー21Ｆ,2013,,29 百万円,,,,,
2024-08-01,太陽光事業施工販売合同会社,新エネルギー（太陽光・風力・地熱・バイオなど）,求人なし,沖縄県名護市大南1-10-18,2015,代表社員 三宅 邦夫,,,,,,
2024-08-01,株式会社アルバトロス・テクノロジー,新エネルギー（太陽光・風力・地熱・バイオなど）,求人なし,東京都中央区日本橋人形町2-12-5,2012,代表取締役 秋元 博路,310 百万円,,,,,
2024-08-01,合同会社エナシティ,新エネルギー（太陽光・風力・地熱・バイオなど）,求人なし,東京都渋谷区恵比寿南2-1-8,2015,,5 百万円,,,,,
2024-08-01,株式会社エルゴジャパンエナジー,新エネルギー（太陽光・風力・地熱・バイオなど）,求人なし,東京都港区芝5-29-19ＰＭＯ田町ＩＶ8Ｆ,2013,代表取締役 大橋 純,20 百万円,,,,,
2024-08-01,合同会社おひさまメンテナンス,新エネルギー（太陽光・風力・地熱・バイオなど）,求人なし,愛知県名古屋市中区千代田2-10-24,2014,代表社員 百目木 努,1 百万円,,,,,
2024-08-01,福一合同会社,新エネルギー（太陽光・風力・地熱・バイオなど）,求人なし,福岡県福岡市東区香椎照葉7-5-3照葉ザ・タワー 2908,2015,代表社員 周●,10 百万円,,,,,
2024-08-01,株式会社エムアイエネルギーソリューション,電力,求人なし,東京都港区東新橋1-10-2,2016,代表取締役 藤井 惠介,50 百万円,,,,,
2024-08-01,嶋田ＬＰガス株式会社,ガス,求人なし,兵庫県西宮市鳴尾町2-25-7,2016,代表取締役 嶋田 克朗,3 百万円,,,,,
2024-08-01,特定非営利活動法人北海道グリーンファンド,新エネルギー（太陽光・風力・地熱・バイオなど）,求人なし,北海道札幌市中央区北五条西2-5ＪＲタワーオフィスプラザさっぽろ 20Ｆ,2000,理事 鈴木 亨,187 百万円,,,,,
2024-08-01,ファームランド株式会社,石油・資源,求人なし,群馬県前橋市問屋町1-1-1ＮＦ第2ビル 5Ｆ,2013,代表取締役 岩井 雅之,40 百万円,,,,,
2024-08-01,株式会社エステールｅｃｐ,新エネルギー（太陽光・風力・地熱・バイオなど）,求人なし,東京都西多摩郡瑞穂町大字箱根ケ崎179-1根岸ビル201,2016,代表取締役 泉 里惠子,8 百万円,,,,,
2024-08-01,ＧＤＩ株式会社,新エネルギー（太陽光・風力・地熱・バイオなど）,求人なし,東京都港区芝2-5-10芝公園ＮＤビル 6Ｆ,2015,代表取締役 吉本 将平,28 百万円,,,,,
2024-08-01,株式会社グルディオ,新エネルギー（太陽光・風力・地熱・バイオなど）,求人なし,山梨県大月市駒橋1-2-27大月織物会館 1Ｆ,2005,代表取締役 近藤 幸城,5 百万円,,,,,
2024-08-01,株式会社ＦＵＴＵＲＯ,新エネルギー（太陽光・風力・地熱・バイオなど）,無,愛知県名古屋市瑞穂区洲山町3-43-3,2015,代表取締役 瀬辺 良光,5 百万円,,,,,
2024-08-01,エネロ株式会社,ガス,求人なし,愛媛県松山市東石井5-11-25,1963,代表取締役 水代 健,22 百万円,,,,,
2024-08-01,日本小形風力発電株式会社,新エネルギー（太陽光・風力・地熱・バイオなど）,求人なし,埼玉県ふじみ野市北野2-9-7,2016,代表取締役 半澤 弘行,9 百万円,,,,,
2024-08-01,株式会社カイロス,新エネルギー（太陽光・風力・地熱・バイオなど）,求人なし,東京都千代田区霞が関1-4-1日土地ビル2ＦＳＥＮＱ霞が関,2016,代表取締役 有吉 彰英,5 百万円,,,,,
2024-08-01,株式会社バイタルフォース,石油・資源,求人なし,大阪府大阪市中央区内本町2-1-19内本町松屋ビル10－970,2012,代表取締役 澤井 孝夫,20 百万円,,,,,
2024-08-01,株式会社埼京エレテック,石油・資源,無,埼玉県さいたま市桜区大字神田638-4,1995,代表取締役 松本 光弘,3 百万円,,,,,
2024-08-01,ジーシーエル・ソーラー・ジャパン株式会社,新エネルギー（太陽光・風力・地熱・バイオなど）,求人なし,東京都千代田区大手町1-9-2大手町フィナンシャルシティグランキューブ18Ｆ,2016,代表取締役 張 坤,5 百万円,,,,,
2024-08-01,中部エネルギー株式会社,ガス,無,愛知県一宮市奥町字野方84-1,2016,代表取締役 小林 吉勝,9 百万円,,,,,
2024-08-01,株式会社アムテッド,新エネルギー（太陽光・風力・地熱・バイオなど）,求人なし,東京都新宿区西新宿3-7-1新宿パークタワーＮ 30Ｆ,2016,代表取締役 笠原 唯男,5 百万円,,,,,
2024-08-01,株式会社エナジーＯ＆Ｍ,新エネルギー（太陽光・風力・地熱・バイオなど）,求人なし,東京都墨田区亀沢4-17-12関電工錦糸町ビル 102,2016,代表取締役 大塚 豊,35 百万円,,,,,
2024-08-01,株式会社Ｊバイオフードリサイクル,新エネルギー（太陽光・風力・地熱・バイオなど）,求人なし,神奈川県横浜市鶴見区弁天町3-1,2016,,60 百万円,,,,,
2024-08-01,盛岡ベース株式会社,新エネルギー（太陽光・風力・地熱・バイオなど）,無,岩手県盛岡市中央通2-7-12ＳＨＩＭＡＢＬＧ． 1Ｆ,2016,代表取締役 金子 啓一,3 百万円,,,,,
2024-08-01,ＨＩＮＯＤＥ　ＥＮＥＲＧＹ株式会社,新エネルギー（太陽光・風力・地熱・バイオなど）,求人なし,東京都中央区京橋1-6-13,2016,代表取締役 ガルシア・カルドナ・デービッド・オーランド,9 百万円,,,,,
2024-08-01,未来創造株式会社,新エネルギー（太陽光・風力・地熱・バイオなど）,求人なし,山形県米沢市大字竹井2588-458,2001,代表取締役 渡部 秀之,9 百万円,,,,,
2024-08-01,サン・プラント株式会社,新エネルギー（太陽光・風力・地熱・バイオなど）,求人なし,栃木県矢板市木幡912,2013,代表取締役 齋藤 義正,4 百万円,,,,,
2024-08-01,株式会社エヌエスイー,新エネルギー（太陽光・風力・地熱・バイオなど）,求人なし,東京都世田谷区南烏山6-28-14エステェビル201,1993,代表取締役 福島 勇,15 百万円,,,,,
2024-08-01,株式会社セラウェーブ,新エネルギー（太陽光・風力・地熱・バイオなど）,無,東京都多摩市永山1-17-10,2011,代表取締役 髙橋 実,10 百万円,,,,,
2024-08-01,株式会社クリーンプラネット,新エネルギー（太陽光・風力・地熱・バイオなど）,無,東京都千代田区丸の内1-5-1新丸の内ビル 10Ｆ,2012,代表取締役 吉野 英樹,45 百万円,,,,,
2024-08-01,株式会社ボルテック,石油・資源,無,神奈川県川崎市川崎区塩浜2-22-1,1986,代表取締役 木下 勝博,60 百万円,,,,,
2024-08-01,株式会社ダイワテック,新エネルギー（太陽光・風力・地熱・バイオなど）,求人なし,東京都港区芝大門1-4-10大蔵ビル5Ａ,1982,代表取締役 岡 忠志,55 百万円,,,,,
2024-08-01,株式会社アクアテック,石油・資源,求人なし,愛知県名古屋市守山区大字中志段味字下寺林6-19,2012,代表取締役 福谷 英則,5 百万円,,,,,
2024-08-01,株式会社プログレスジャパン,新エネルギー（太陽光・風力・地熱・バイオなど）,求人なし,大阪府大阪市平野区長吉川辺3-6-25,2002,代表取締役 一宮 洋平,10 百万円,,,,,
2024-08-01,株式会社タツミ,石油・資源,求人なし,奈良県磯城郡田原本町室町208-2,2004,代表取締役 坂本 力,10 百万円,,,,,
2024-08-01,株式会社ソーラーエンジニア,新エネルギー（太陽光・風力・地熱・バイオなど）,無,大阪府大阪市北区菅原町11-11ＤＡＩＳＡＫＵ、ＡＭビル602,2012,代表取締役 村尾 祐介,20 百万円,,,,,
2024-08-01,大和株式会社,石油・資源,求人なし,東京都中央区日本橋1-18-14第三正明ビル 8Ｆ,2005,代表取締役 竹内 太郎,10 百万円,,,,,
2024-08-01,株式会社ガンズコーポレーション,石油・資源,無,千葉県浦安市日の出5-3Ｃ305セレナヴィータ新浦安,2009,代表取締役 田仲 純一郎,10 百万円,,,,,
2024-08-01,京都新電力株式会社,電力,求人なし,京都府京都市左京区聖護院蓮華蔵町56,2016,代表取締役 谷川 友男,16 百万円,,,,,
2024-08-01,株式会社ウィンド・パワー・グループ,新エネルギー（太陽光・風力・地熱・バイオなど）,求人なし,茨城県神栖市南浜3-226,2013,代表取締役 小松﨑 衞,40 百万円,,,,,
2024-08-01,Ｆｉｒｓｔ・Ｓｏｌａｒ・Ｊａｐａｎ合同会社,石油・資源,求人なし,東京都千代田区霞が関3-2-5霞が関ビルディング 31Ｆ,2012,,,,,,,
2024-08-01,合同会社ＯＴＳ,新エネルギー（太陽光・風力・地熱・バイオなど）,求人なし,愛知県名古屋市中区千代田3-15-12,2015,代表社員 百目木 努,20 百万円,,,,,
2024-08-01,シャンクス合同会社,新エネルギー（太陽光・風力・地熱・バイオなど）,無,長野県長野市青木島町綱島647-4,2016,代表社員 田中 一明,,,,,,
2024-08-01,有限会社サン・プロ,新エネルギー（太陽光・風力・地熱・バイオなど）,求人なし,佐賀県小城市牛津町勝1165-2,2003,代表取締役 山口 幸治,3 百万円,,,,,
2024-08-01,大月ウッドサプライ株式会社,新エネルギー（太陽光・風力・地熱・バイオなど）,求人なし,山梨県大月市笹子町白野666-1,2016,代表取締役 長瀬 有弘,10 百万円,,,,,
2024-08-01,リエスパワーネクスト株式会社,電力,求人なし,東京都豊島区東池袋4-21-1,2016,代表取締役 青木 博幸,100 百万円,,,,,
2024-08-01,リアル・デベロップメント株式会社,新エネルギー（太陽光・風力・地熱・バイオなど）,求人なし,石川県金沢市鳴和1-18-3,2016,代表取締役 阪田 幸信,20 百万円,,,,,
2024-08-01,日本風力サービス株式会社,新エネルギー（太陽光・風力・地熱・バイオなど）,求人なし,東京都港区芝2-5-10芝公園ＮＤビル 6Ｆ,2016,代表取締役 倉田 隆広,9 百万円,,,,,
2024-08-01,株式会社リバンク,電力,求人なし,岡山県岡山市北区西古松2-17-10,2016,代表取締役 中村 友哉,40 百万円,,,,,
2024-08-01,株式会社りのぶる,新エネルギー（太陽光・風力・地熱・バイオなど）,求人なし,愛知県名古屋市名東区上社1-1805ＶＩＰ95,2016,代表取締役 武方 永吾,5 百万円,,,,,
2024-08-01,太洋商事株式会社,ガス,求人なし,愛知県名古屋市中川区富田町大字千音寺字烏帽子275,2004,代表取締役 堀 慎治,12 百万円,,,,,
2024-08-01,株式会社川島石油,石油・資源,求人なし,徳島県吉野川市川島町学字北久保32,1986,代表取締役 十川 敬,5 百万円,,,,,
2024-08-01,株式会社リジョイス・ビズ,新エネルギー（太陽光・風力・地熱・バイオなど）,求人なし,福岡県福岡市博多区古門戸町1-10,2016,代表取締役 大宮 尚憲,1 百万円,,,,,
2024-08-01,株式会社山田商会ホールディング,電力,求人なし,愛知県名古屋市熱田区桜田町19-21,2016,代表取締役 山田 豊久,30 百万円,,,,,
2024-08-01,株式会社エンバイロメント・プロダクト・カンパニー,新エネルギー（太陽光・風力・地熱・バイオなど）,無,東京都千代田区内神田2-16-11内神田渋谷ビル5Ｆ,2016,代表取締役 奥出 由香,30 百万円,,,,情報が古い可能性があります。最新の情報を確認する場合はHP等をご覧ください。 ■再生可能エネルギー（太陽光発電所開発・販売）■仮囲いフラットパネル レンタル■物品販売（輸入商品・OEM商品開発・販売） 2022年10月doda掲載求人より引用,
2024-08-01,岡山電力株式会社,電力,求人なし,岡山県岡山市北区南中央町2-11リアライズ大雲寺ビル 5Ｆ,2016,代表取締役 小澤 佳史,30 百万円,,,,,
2024-08-01,森のエネルギー株式会社,電力,求人なし,長野県諏訪郡富士見町富士見3785-3,2016,代表取締役 坂越 健一,2 百万円,,,,,
2024-08-01,うすきエネルギー株式会社,電力,求人なし,大分県臼杵市大字佐志生5154-1,2016,代表取締役 小出 浩平,10 百万円,,,,,
2024-08-01,株式会社ケープラ,新エネルギー（太陽光・風力・地熱・バイオなど）,求人なし,栃木県小山市城北1-1-11,2016,代表取締役 梶川 明大,10 百万円,,,,,
2024-08-01,エネラボ株式会社,電力,求人なし,大阪府大阪市中央区北浜3-1-22あいおいニッセイ同和損保淀屋橋ビル 9Ｆ,2016,代表取締役 尾崎 加代子,10 百万円,,,,,
2024-08-01,ティーダッシュ合同会社,電力,求人なし,東京都中央区京橋2-2-1京橋エドグラン 14Ｆ,2016,社長 田中 稔道,10 百万円,,,,,
2024-08-01,ＲＥＮコーポレーション株式会社,新エネルギー（太陽光・風力・地熱・バイオなど）,求人なし,愛知県名古屋市北区平安2-13-21ニュー平安ビル3Ｆ,2016,代表取締役 牧山 亨,23 百万円,,,,,
2024-08-01,ＫａｅＲｕｕ株式会社,電力,求人なし,岡山県新見市高尾362-1,2016,代表取締役 佐野 慎一,15 百万円,,,,,
2024-08-01,アスアール株式会社,新エネルギー（太陽光・風力・地熱・バイオなど）,求人なし,青森県弘前市大字土堂字長瀬253-2,2017,代表取締役 小山内 高雄,4 百万円,,,,,
2024-08-01,おおすみ半島スマートエネルギー株式会社,電力,求人なし,鹿児島県肝属郡肝付町前田3543-3,2017,代表取締役 村上 博紀,20 百万円,,,,,
2024-08-01,やめエネルギー株式会社,電力,求人なし,福岡県八女市本村425-42清水ビル 2Ｆ,2017,代表取締役 本村 勇一郎,22 百万円,,,,,
2024-08-01,株式会社神威,新エネルギー（太陽光・風力・地熱・バイオなど）,求人なし,石川県金沢市西念4-4-25西村ビル 505,2017,,3 百万円,,,,,
2024-08-01,青森県民エナジー株式会社,電力,求人なし,青森県八戸市根城9-22-18協同組合八戸商工センター,2017,代表取締役 富岡 敏夫,9 百万円,,,,,
2024-08-01,ツネイシグリーンエナジー株式会社,新エネルギー（太陽光・風力・地熱・バイオなど）,求人なし,広島県福山市沼隈町大字常石1083,2017,代表取締役 川北 雅弘,10 百万円,,,,,
2024-08-01,ＴＡＯＫＥ株式会社,新エネルギー（太陽光・風力・地熱・バイオなど）,求人なし,東京都港区芝4-9-3芝石井ビル 4Ｆ,2017,代表取締役 陸 劍洲,10 百万円,,,,,
2024-08-01,株式会社トーヨーエネルギーソリューション,新エネルギー（太陽光・風力・地熱・バイオなど）,求人なし,東京都港区新橋4-11-1Ａ－ＰＬＡＣＥ新橋 3Ｆ,2017,代表取締役 岡田 吉充,50 百万円,,,,,
2024-08-01,株式会社Ｇｒｅａｔ　Ａｔｔｒａｃｔｏｒ,新エネルギー（太陽光・風力・地熱・バイオなど）,求人なし,東京都中央区日本橋兜町17-2兜町第6葉山ビル 4Ｆ,2017,代表取締役 三浦 靖太郎,5 百万円,,,,,
2024-08-01,株式会社ライフデザイン,電力,求人なし,東京都渋谷区桜丘町4-14ＶＯＲＴ渋谷桜丘ビル 5Ｆ,2017,代表取締役 田中 大輝,1 百万円,,,,,
2024-08-01,福島送電株式会社,電力,求人なし,福島県福島市中町4-20,2016,代表取締役 小野 和彦,13 百万円,,,,,
2024-08-01,ＥＮＥＯＳバイオマスパワー室蘭合同会社,新エネルギー（太陽光・風力・地熱・バイオなど）,求人なし,北海道室蘭市港北町1-3-1,2016,社長 青井 伸夫,100 百万円,,,,,
2024-08-01,七ツ島バイオマスパワー合同会社,新エネルギー（太陽光・風力・地熱・バイオなど）,求人なし,鹿児島県鹿児島市東千石町1-38,2016,,500 百万円,,,,,
2024-08-01,ＬＳ　ＥＬＥＣＴＲＩＣ株式会社　東京事務所,新エネルギー（太陽光・風力・地熱・バイオなど）,求人なし,東京都千代田区霞が関3-2-6東京倶楽部ビル 13Ｆ,,,,,,,,
2024-08-01,ＧＥＳ株式会社,新エネルギー（太陽光・風力・地熱・バイオなど）,無,神奈川県横浜市中区長者町2-5-18ピアセントラル 402,2017,代表取締役 司馬 駿一,1 百万円,,,,,
2024-08-01,株式会社ビッグバンズ,新エネルギー（太陽光・風力・地熱・バイオなど）,求人なし,宮崎県宮崎市柳丸町153-1パティオ柳丸 1Ｆ,2017,代表取締役 井上 晃,2 百万円,,,,,
2024-08-01,子田株式会社,新エネルギー（太陽光・風力・地熱・バイオなど）,求人なし,茨城県つくばみらい市川崎188-1,2016,代表取締役 堂本 栄貴,88 百万円,,,,,
2024-08-01,渡部石油株式会社,石油・資源,求人なし,愛知県名古屋市天白区植田3-1824,2017,代表取締役 渡部 軍治,3 百万円,,,,,
2024-08-01,株式会社ＺＯＮＥ,電力,無,大阪府箕面市牧落3-14-30,2017,代表取締役 白間 淳一,10 百万円,,,,,
2024-08-01,ＥＭＧルブリカンツ合同会社,石油・資源,求人なし,神奈川県横浜市鶴見区安善町2-1-1,2016,社長 小池 健一,350 百万円,,,,,
2024-08-01,ペイメントサポート株式会社,電力,求人なし,東京都中央区新富1-16-8新富町営和ビル 4Ｆ,2017,代表取締役 深尾 佳大,1 百万円,,,,,
2024-08-01,アストマックス・エネルギー株式会社,電力,求人なし,東京都品川区東五反田2-10-2東五反田スクエア 5Ｆ,2017,代表取締役 鴨崎 晃,3 百万円,,,,,
2024-08-01,新電力開発株式会社,新エネルギー（太陽光・風力・地熱・バイオなど）,無,東京都港区新橋2-20-15新橋駅前ビル1号館 706,2017,代表取締役 坂口 愼一郎,50 百万円,,,,【地域の森林を再生しながら脱炭素社会に貢献】■再生可能エネルギー発電（バイオマス）事業企画開発業務■発電所運営管理業務及びコンサルタント業務■バイオマス燃料調達販売業務■不動産売買・賃貸業務■その他関連業務 2023年8月doda掲載求人より引用,
2024-08-01,株式会社ＩＣＥＳ,電力,求人なし,大阪府吹田市春日1-16-1502号室,2017,代表取締役 松本 和也,3 百万円,,,,,
2024-08-01,株式会社Ｅ．Ｇ．Ｔ,電力,求人なし,愛知県名古屋市中区丸の内3-19-23第5Ｆ・Ｐ・Ｓビル 5Ｆ,2017,代表取締役 坂林 勇樹,10 百万円,,,,,
2024-08-01,Ｎｅｂｉｏ　ＳＵＰＥＲ電力株式会社,新エネルギー（太陽光・風力・地熱・バイオなど）,求人なし,東京都渋谷区代々木3-28-6いちご西参道ビル 6Ｆ,2017,代表取締役 西園 尚宏,50 百万円,,,,,
2024-08-01,エネトレード株式会社,電力,求人なし,東京都港区白金1-27-6,2017,代表取締役 坂越 健一,17 百万円,,,,,
2024-08-01,株式会社エコリレート,新エネルギー（太陽光・風力・地熱・バイオなど）,求人なし,埼玉県春日部市豊野町1-8-11,2017,代表取締役 疋野 健,8 百万円,,,,,
2024-08-01,株式会社三池火力発電所,電力,求人なし,東京都千代田区平河町1-7-16,2017,代表取締役 鎌田 宏之,100 百万円,,,,,
2024-08-01,株式会社エスケーエナジー大阪,石油・資源,求人なし,大阪府大阪市淀川区西中島5-14-5ニッセイ新大阪南口ビル 3Ｆ,2017,代表取締役 野田 佳裕,10 百万円,,,,,
2024-08-01,ＥＧＣ株式会社,新エネルギー（太陽光・風力・地熱・バイオなど）,求人なし,愛知県名古屋市守山区大森4-1002,2017,代表取締役 江口 勝義,20 百万円,,,,,
2024-08-01,ライセンエネルギー株式会社,新エネルギー（太陽光・風力・地熱・バイオなど）,求人なし,東京都中央区京橋2-12-2ＮＥＷＳ・Ｘビル 8Ｆ,2017,代表取締役 李 斌,9 百万円,,,,,
2024-08-01,株式会社ＳＫＹエナジー岡山,新エネルギー（太陽光・風力・地熱・バイオなど）,求人なし,岡山県岡山市北区今3-10-10,2017,代表取締役 山本 和男,3 百万円,,,,,
2024-08-01,Ｌ．ＰＲＯＪＥＣＴ株式会社,新エネルギー（太陽光・風力・地熱・バイオなど）,無,岡山県倉敷市老松町3-9-27グランドールビル 2Ｆ,2017,代表取締役 吉村 孝暁,5 百万円,,,,,
2024-08-01,ＣＥＰＯ半田バイオマス発電株式会社,電力,求人なし,愛知県半田市日東町4-1,2017,代表取締役 安井 稔,499 百万円,,,,,
2024-08-01,ＯＲジオ南茅部株式会社,新エネルギー（太陽光・風力・地熱・バイオなど）,求人なし,北海道函館市川汲町1545,2017,代表取締役 髙山 知也,,,,,,
2024-08-01,株式会社ＭＡＲＴＨＡＳ,新エネルギー（太陽光・風力・地熱・バイオなど）,求人なし,東京都港区港南2-16-1品川イーストワンタワー 4Ｆ,2017,代表取締役 瀨戸山順子,10 百万円,,,,,
2024-08-01,市原八幡埠頭バイオマス発電合同会社,新エネルギー（太陽光・風力・地熱・バイオなど）,求人なし,千葉県市原市八幡海岸通2-10,2016,,,,,,,
2024-08-01,あおいホーム株式会社,新エネルギー（太陽光・風力・地熱・バイオなど）,求人なし,愛知県名古屋市中区丸の内2-2-5丸の内ヒビノ・オフィスラインズ6Ａ,2017,代表取締役 田邊 雄一,10 百万円,,,,,
2024-08-01,株式会社エネオール,ガス,求人なし,佐賀県唐津市和多田大土井5-15,2017,代表取締役 坂本 和久,10 百万円,,,,,
2024-08-01,株式会社新日本エネルギー,電力,求人なし,東京都杉並区高円寺北3-22-16坊やビル3Ｆ,2017,代表取締役 清水 孝裕,1 百万円,,,,,
2024-08-01,川越ガス株式会社,ガス,求人なし,三重県三重郡川越町大字当新田623,2006,代表取締役 田井 利幸,10 百万円,,,,,
2024-08-01,株式会社イノベーション,新エネルギー（太陽光・風力・地熱・バイオなど）,求人なし,大阪府大阪市西区北堀江2-2-24プラディーパ北堀江 803～805,2017,代表取締役 村上 勇斗,7 百万円,,,,,
2024-08-01,株式会社ＤＫ－Ｐｏｗｅｒ,電力,求人なし,大阪府吹田市垂水町3-21-10ダイキン工業江坂ビル,2017,代表取締役 松浦 哲哉,47 百万円,,,,,
2024-08-01,バンプーパワージャパン,新エネルギー（太陽光・風力・地熱・バイオなど）,求人なし,東京都千代田区霞が関3-2-5霞が関ビルディング33Ｆ,,,,,,,,
2024-08-01,ジャパンスマイルエナジー株式会社,新エネルギー（太陽光・風力・地熱・バイオなど）,無,愛知県名古屋市西区天神山町7-18ＢＬＡＵ浄心東館 2Ｆ,2017,代表取締役 髙橋 一将,10 百万円,,,,■住宅用太陽光発電システムの販売・施工■蓄電池システム・充電器の販売・施工■オール電化製品の販売・施工■屋根・外壁塗装・リフォーム全般 2024年5月doda掲載求人より引用,
2024-08-01,阪神エナジー株式会社,電力,求人なし,神奈川県相模原市南区,2017,代表取締役 大野 信,10 百万円,,,,,
2024-08-01,株式会社輪島バイオマス発電所,新エネルギー（太陽光・風力・地熱・バイオなど）,求人なし,石川県輪島市三井町市ノ坂14部3－1,2013,代表取締役 岡田 吉充,100 百万円,,,,,
2024-08-01,株式会社エナジージャパン,新エネルギー（太陽光・風力・地熱・バイオなど）,求人なし,愛知県名古屋市中区栄2-2-23アーク白川公園ビルディング本館 0701,2017,代表取締役 宮地 良輔,1 百万円,,,,,
2024-08-01,株式会社太田商事,ガス,求人なし,福岡県福岡市南区野多目6-3-4303,2017,代表取締役 太田 明宏,10 百万円,,,,,
2024-08-01,ジースリートーキョー株式会社,新エネルギー（太陽光・風力・地熱・バイオなど）,求人なし,東京都国立市中1-9-8第7叶ビル 7Ｆ,2017,代表取締役 樋口 尊厚,3 百万円,,,,,
2024-08-01,京都ライフラインソリューション株式会社,電力,求人なし,京都府京都市中京区六角通室町西入玉蔵町121,2017,,13 百万円,,,,,
2024-08-01,Ｔｈｒｅｅ　ｉｎｎｏｖａｔｉｏｎ株式会社,新エネルギー（太陽光・風力・地熱・バイオなど）,無,愛知県名古屋市中区金山5-11-6名古屋ＮＳＣビル,2017,代表取締役 釣井 賢太郎,10 百万円,,,,,
2024-08-01,株式会社ソループ,電力,無,福岡県福岡市中央区赤坂1-3-12赤坂法曹ビル 2Ｆ,2017,代表取締役 永嶺 貴彦,3 百万円,,,,情報が古い可能性があります。最新の情報を確認する場合はHP等をご覧ください。 ■太陽光発電システム・オール電化システム・省エネ機器販売・住宅のスマートハウス・リフォーム■住設、販売施工、蓄電池 2021年10月doda掲載求人より引用,
2024-08-01,ＴＲＥＮＤＥ株式会社,電力,求人なし,東京都千代田区東神田1-16-7東神田プラザビル 2Ｆ,2017,代表取締役 妹尾 賢俊,50 百万円,,,,,
2024-08-01,タイオンエナジー株式会社,電力,求人なし,岡山県岡山市北区西古松西町8-17,2017,代表取締役 藤井 大温,30 百万円,,,,,
2024-08-01,岡山ライフラインソリューション株式会社,電力,求人なし,岡山県岡山市北区今3-9-12,2017,代表取締役 山下 習司,8 百万円,,,,,
2024-08-01,インベナジー・ウインド合同会社,新エネルギー（太陽光・風力・地熱・バイオなど）,求人なし,東京都千代田区永田町2-11-1山王パークタワー21Ｆ,2017,,15 百万円,,,,,
2024-08-01,大多喜ガスパートナー株式会社,ガス,求人なし,千葉県茂原市茂原661,2017,代表取締役 萩原 順也,10 百万円,,,,,
2024-08-01,株式会社ゼロック,新エネルギー（太陽光・風力・地熱・バイオなど）,求人なし,東京都港区芝5-36-4札の辻スクエア9Ｆ,2017,代表取締役 松井 大輔,10 百万円,,,,,
2024-08-01,栃木石油株式会社,石油・資源,求人なし,栃木県栃木市境町5-22,2017,,30 百万円,,,,,
2024-08-01,株式会社トップフロンティアエナジー,新エネルギー（太陽光・風力・地熱・バイオなど）,求人なし,沖縄県浦添市仲間1-5-7山内ビル 301,2017,代表取締役 嘉数 松晟,,,,,,
2024-08-01,扇島都市ガス供給株式会社,ガス,求人なし,神奈川県川崎市川崎区東扇島3,2017,代表取締役 長尾 哲人,350 百万円,,,,,
2024-08-01,株式会社シー・スペースエナジー,新エネルギー（太陽光・風力・地熱・バイオなど）,無,埼玉県志木市下宗岡2-9-35,2017,代表取締役 吉田 勝史,10 百万円,,,,,
2024-08-01,新潟エナジー株式会社,電力,求人なし,新潟県新潟市中央区花町2069,2017,代表取締役 長谷川 卓,13 百万円,,,,,
2024-08-01,株式会社ぶんごおおのエナジー,電力,求人なし,大分県豊後大野市三重町市場1200,2017,代表取締役 川野 文敏,20 百万円,,,,,
2024-08-01,合同会社ＬＩＮＫ,電力,求人なし,大分県大分市大字中戸次6289-2,2017,代表社員 首藤 洋志,1 百万円,,,,,
2024-08-01,株式会社日本ソーラーシステム,新エネルギー（太陽光・風力・地熱・バイオなど）,求人なし,福岡県福岡市中央区大名2-9-29第2プリンスビル 4Ｆ,2017,代表取締役 山中 照美,3 百万円,,,,,
2024-08-01,株式会社ＥＣＯＬＵＳ,新エネルギー（太陽光・風力・地熱・バイオなど）,求人なし,京都府京都市西京区桂芝ノ下町35-6,2017,代表取締役 宮川 忍,5 百万円,,,,,
2024-08-01,アソシエイトエナジー株式会社,新エネルギー（太陽光・風力・地熱・バイオなど）,無,神奈川県中郡大磯町西小磯286-123,2017,代表取締役 神谷 一興,10 百万円,,,,,
2024-08-01,エア・ウォーター小名浜バイオマス電力株式会社,電力,求人なし,福島県いわき市小名浜字渚2-4,2017,代表取締役 右城 望,"1,750 百万円",,,,,
2024-08-01,ａｖｉｎｅｒ株式会社,新エネルギー（太陽光・風力・地熱・バイオなど）,求人なし,東京都品川区上大崎3-1-1目黒セントラルスクエア 15Ｆ,2017,代表取締役 山中 秀介,27 百万円,,,,,
2024-08-01,西日本エコサービス株式会社,新エネルギー（太陽光・風力・地熱・バイオなど）,求人なし,京都府京都市左京区田中西樋ノ口町2-4,2017,代表取締役 田中 貴浩,3 百万円,,,,,
2024-08-01,日本水力開発株式会社,電力,求人なし,東京都港区芝2-5-10芝公園ＮＤビル 6Ｆ,2017,代表取締役 倉田 隆広,9 百万円,,,,,
2024-08-01,相模エナジー株式会社,電力,求人なし,神奈川県相模原市南区上鶴間本町4-13-37スパークルシティＡ8,2017,代表取締役 三澤 光太郎,7 百万円,,,,,
2024-08-01,株式会社ロハス・イノベーション,新エネルギー（太陽光・風力・地熱・バイオなど）,求人なし,大阪府大阪市中央区南船場2-10-27ＫＡＺＵ．ＩＴ．ＢＬＤＧ801,2018,代表取締役 中村 竜,3 百万円,,,,,
2024-08-01,播州エナジー株式会社,電力,求人なし,兵庫県姫路市佃町36-2,2018,,15 百万円,,,,,
2024-08-01,株式会社佐賀エナジー,電力,求人なし,佐賀県佐賀市神野東1-9-1,2018,代表取締役 楠木 雄二,8 百万円,,,,,
2024-08-01,朝日Ｉ＆Ｒホールディングス株式会社,新エネルギー（太陽光・風力・地熱・バイオなど）,求人なし,佐賀県武雄市朝日町大字甘久3589-2,2018,代表取締役 野畑 龍彦,10 百万円,,,,,
2024-08-01,ｗｐｄジャパン株式会社,ガス,求人なし,東京都港区南青山3-1-7青山コンパルビル 2Ｆ,2018,代表取締役 海野 俊幸,10 百万円,,,,,
2024-08-01,名古屋エナジー株式会社,電力,求人なし,愛知県名古屋市西区名駅2-34-17セントラル名古屋 1101,2018,代表取締役 池村 祐樹,7 百万円,,,,,
2024-08-01,熊本エナジー株式会社,電力,求人なし,熊本県熊本市南区田迎5-7-6ＥＬ ＳＯＣＩＯビル 1Ｆ,2018,代表取締役 鍋島 征寛,14 百万円,,,,,
2024-08-01,コープ電力株式会社,電力,求人なし,福岡県糟屋郡篠栗町中央1-8-3,2018,代表取締役 江藤 淳一,60 百万円,,,,,
2024-08-01,エムパワー株式会社,新エネルギー（太陽光・風力・地熱・バイオなど）,求人なし,東京都江戸川区松島2-35-32,2018,代表取締役社長 海生 裕明,28 百万円,,,,,
2024-08-01,合同会社Ａｋａｔｓｕｋｉ,エネルギー（電力・ガス・石油・新エネルギー）業界,求人なし,大阪府大阪市北区西天満4-11-8おおきに老松通りビル,2018,代表社員 清水 浩気,,,,,,
2024-08-01,日本水素ステーションネットワーク合同会社,新エネルギー（太陽光・風力・地熱・バイオなど）,求人なし,東京都千代田区九段南2-3-18,2018,,50 百万円,,,,,
2024-08-01,東和エネルギーソリューション株式会社,ガス,求人なし,埼玉県さいたま市大宮区桜木町4-384,2018,代表取締役 伊田 雄二郎,30 百万円,,,,,
2024-08-01,アルフォンス合同会社,新エネルギー（太陽光・風力・地熱・バイオなど）,無,岐阜県岐阜市茜部菱野1-49,2018,代表社員 岡田 功,1 百万円,,,,,
2024-08-01,株式会社ＥＲＵ,新エネルギー（太陽光・風力・地熱・バイオなど）,求人なし,埼玉県川口市大字安行原1987-6,2018,代表取締役 村上 信雄,3 百万円,,,,,
2024-08-01,日本水力株式会社,新エネルギー（太陽光・風力・地熱・バイオなど）,求人なし,千葉県市原市西広3-2-1,2018,代表取締役 髙橋 裕二郎,259 百万円,,,,,
2024-08-01,株式会社エネルギーマーケット,電力,無,神奈川県川崎市中原区木月3-11-30,2018,代表取締役 米田 竜馬,30 百万円,,,,情報が古い可能性があります。最新の情報を確認する場合はHP等をご覧ください。 地域のお客さまの暮らしをより良くするための東急でんき&ガスのでんきサービスやガスサービスの販売及びガス器具の提案・修繕・施工。 2023年4月doda掲載求人より引用,
2024-08-01,株式会社エコエネ,電力,無,大阪府大阪市西区立売堀4-5-27シティビル阿波座 801,2018,,,,,,,
2024-08-01,川野電気株式会社,電力,無,大阪府八尾市太田新町8-29,2018,代表取締役 川野 善輝,5 百万円,,,,,
2024-08-01,バズエリア株式会社,新エネルギー（太陽光・風力・地熱・バイオなど）,求人なし,東京都渋谷区本町2-6-3Ｄ’ｓＶＡＲＩＥ初台ビル3Ｆ,2018,代表取締役 井戸上 直樹,10 百万円,,,,,
2024-08-01,アルナス合同会社,新エネルギー（太陽光・風力・地熱・バイオなど）,求人なし,東京都品川区東五反田1-14-9,2018,代表社員 森田 貴生,3 百万円,,,,,
2024-08-01,株式会社ラテオエネルギー,新エネルギー（太陽光・風力・地熱・バイオなど）,求人なし,東京都港区六本木7-18-15六本木718ビル 11Ｆ,2018,代表取締役 福留 彰悟,9 百万円,,,,,
2024-08-01,４ｐａｒｔｎｅｒ株式会社,新エネルギー（太陽光・風力・地熱・バイオなど）,求人なし,三重県津市栗真小川町832-1,2018,代表取締役 池村 祐樹,7 百万円,,,,,
2024-08-01,株式会社日本省電,電力,求人なし,東京都中央区銀座6-10-1ＧＩＮＺＡＳＩＸ 13Ｆ,2018,代表取締役 久保 欣也,4 百万円,,,,,
2024-08-01,株式会社アルバテック,新エネルギー（太陽光・風力・地熱・バイオなど）,求人なし,東京都中央区日本橋小網町3-14茅場町Ｋ1ビル8ＦＢ号室,2018,代表取締役 高木 あゆみ,40 百万円,,,,,
2024-08-01,宮崎電力株式会社,電力,求人なし,宮崎県宮崎市日ノ出町65-1,2018,代表取締役 小野 晋太郎,30 百万円,,,,,
2024-08-01,株式会社ジョイテック,新エネルギー（太陽光・風力・地熱・バイオなど）,無,千葉県柏市中央1-4-17小宮第3ビル302,2018,代表取締役 牧 義之,1 百万円,,,,情報が古い可能性があります。最新の情報を確認する場合はHP等をご覧ください。 ■家庭用家電製品の小売（省エネ家電機器） 2022年8月doda掲載求人より引用,
2024-08-01,博多電力株式会社,電力,求人なし,福岡県福岡市博多区博多駅南1-7-22ブックローン博多ビル 3Ｆ,2018,代表取締役 隅田 達郎,5 百万円,,,,,
2024-08-01,株式会社シーエス・アクア,電力,求人なし,岐阜県飛騨市神岡町麻生野514-22,2018,代表取締役 杉山 民知朗,100 百万円,,,,,
2024-08-01,株式会社リファーレテック,電力,求人なし,東京都港区海岸2-4-12703,2018,代表取締役 伊藤 仁志,3 百万円,,,,,
2024-08-01,株式会社エマージュ・ジャパン,新エネルギー（太陽光・風力・地熱・バイオなど）,求人なし,大阪府東大阪市長田中1-4-17長田センタービル 208,2018,代表取締役 石田 芳仁,8 百万円,,,,,
2024-08-01,株式会社和上メンテナンス,新エネルギー（太陽光・風力・地熱・バイオなど）,求人なし,大阪府大阪市北区曾根崎新地1-13-22,2018,代表取締役 石橋 大右,3 百万円,,,,,
2024-08-01,ＴＥＲＡ　Ｅｎｅｒｇｙ株式会社,新エネルギー（太陽光・風力・地熱・バイオなど）,求人なし,京都府京都市右京区西京極堤外町18-124,2018,代表取締役 竹本 了悟,20 百万円,,,,,
2024-08-01,株式会社ＣＲＥＥＲ,電力,求人なし,大阪府大阪市都島区東野田町1-6-16ワタヤコスモスビル 9Ｆ,2018,代表取締役 大久保 直樹,10 百万円,,,,,
2024-08-01,三陽株式会社,新エネルギー（太陽光・風力・地熱・バイオなど）,求人なし,東京都葛飾区白鳥4-7-5ライオンズガーデンお花茶屋802,2018,代表取締役 王 冲衡,5 百万円,,,,,
2024-08-01,株式会社ソーラーサービス,新エネルギー（太陽光・風力・地熱・バイオなど）,求人なし,東京都八王子市横山町25-6,2018,代表取締役 宮田 知宣,10 百万円,,,,,
2024-08-01,丸紅伊那みらいでんき株式会社,電力,求人なし,長野県伊那市荒井3495-7,2018,代表取締役 河合 貴子（小川貴子）,25 百万円,,,,,
2024-08-01,おきなわパワーＨＤ株式会社,電力,求人なし,沖縄県島尻郡与那原町字与那原1009-2山内ビル3Ｆ,2018,代表取締役 磯部 達,10 百万円,,,,,
2024-08-01,株式会社エナジーストーリー,新エネルギー（太陽光・風力・地熱・バイオなど）,求人なし,東京都八王子市横山町16-11ヴェルディーク八王子横山町1Ｆ,2018,代表取締役 石坂 光弘,1 百万円,,,,,
2024-08-01,全農関西エネルギー株式会社,石油・資源,求人なし,奈良県天理市前栽町338,2018,代表取締役 山下 晃二,98 百万円,,,,,
2024-08-01,スマートライフアシスト株式会社,新エネルギー（太陽光・風力・地熱・バイオなど）,求人なし,広島県尾道市三軒家町3-18,2018,代表取締役 近下 清明,5 百万円,,,,,
2024-08-01,株式会社ソーラーストレージ,新エネルギー（太陽光・風力・地熱・バイオなど）,求人なし,愛知県名古屋市中区栄1-26-8,2018,代表取締役 会田 梓,3 百万円,,,,,
2024-08-01,サンクチュアリード株式会社,電力,求人なし,東京都港区浜松町2-2-15,2018,代表取締役 渡邊 大輔,9 百万円,,,,,
2024-08-01,株式会社アグリツリー,新エネルギー（太陽光・風力・地熱・バイオなど）,求人なし,福岡県那珂川市中原2-120博多南駅前ビル 3Ｆ,2018,代表取締役 西 光司,14 百万円,,,,,
2024-08-01,ＴＡＯＫＥ　ＥＮＥＲＧＹ株式会社,新エネルギー（太陽光・風力・地熱・バイオなど）,求人なし,東京都港区芝大門1-11-4小松ビル,2018,代表取締役 陸 劍洲,65 百万円,,,,,
2024-08-01,全農西日本エネルギー株式会社,石油・資源,求人なし,山口県山口市佐山字産業団地南1200-1,2018,代表取締役社長 川口 健二,98 百万円,,,,,
2024-08-01,日本ＡＳｍｉｎｄ株式会社,新エネルギー（太陽光・風力・地熱・バイオなど）,求人なし,東京都立川市柴崎町2-9-25,2018,代表取締役 鈴木 健太,,,,,,
2024-08-01,株式会社シャペロン,新エネルギー（太陽光・風力・地熱・バイオなど）,求人なし,熊本県熊本市中央区帯山8-6-41,2018,代表取締役 立花 賢浩,55 百万円,,,,,
2024-08-01,株式会社ＴＲＥＮＤ　ＬＩＮＥ,新エネルギー（太陽光・風力・地熱・バイオなど）,求人なし,愛知県名古屋市中区丸の内3-19-1,2018,代表取締役 﨑山 大介,10 百万円,,,,,
2024-08-01,株式会社ウィンフィールド・オペレーション＆テクノロジー,新エネルギー（太陽光・風力・地熱・バイオなど）,求人なし,埼玉県越谷市弥生町11-5大野ビル5Ｆ,2018,代表取締役 内田 和孝,,,,,,
2024-08-01,ジャパンウインド株式会社,新エネルギー（太陽光・風力・地熱・バイオなど）,求人なし,福島県郡山市駅前2-10-136Ｆ,2018,代表取締役 金子 秀吉,30 百万円,,,,,
